name,category,portion_description,base_amount,base_unit,calories,protein,carbs,fat,fiber
"Milk, NFS","Milk, reduced fat","Guideline amount per cup of hot cereal (61g)",100,g,52,3.3,4.8,2.1,0
"Milk, whole","Milk, whole","Guideline amount per fl oz of beverage (2.5g)",100,g,61,3.3,4.6,3.2,0
"Milk, reduced fat (2%)","Milk, reduced fat","1 individual school container (244g)",100,g,50,3.4,4.9,1.9,0
"Milk, low fat (1%)","Milk, lowfat","1 individual school container (244g)",100,g,43,3.4,5.2,1,0
"Milk, fat free (skim)","Milk, nonfat","1 individual school container (244g)",100,g,34,3.4,4.9,0.1,0
"Milk, lactose free, low fat (1%)","Milk, lowfat","Guideline amount per cup of hot cereal (61g)",100,g,43,3.4,5.2,1,0
"Milk, lactose free, fat free (skim)","Milk, nonfat","Guideline amount per fl oz of beverage (2.5g)",100,g,34,3.4,4.9,0.1,0
"Milk, lactose free, reduced fat (2%)","Milk, reduced fat","1 cup (244g)",100,g,50,3.4,4.9,1.9,0
"Milk, lactose free, whole","Milk, whole","Quantity not specified (244g)",100,g,61,3.3,4.6,3.2,0
"Buttermilk","Milk, whole","1 cup (244g)",100,g,43,3.5,4.8,1.1,0
"Kefir","Milk, lowfat","1 fl oz (30.5g)",100,g,52,3.6,7.5,1,0
"Goat milk","Milk, whole","Quantity not specified (244g)",100,g,69,3.6,4.5,4.1,0
"Milk, dry, reconstituted, nonfat","Milk, nonfat","Guideline amount per cup of hot cereal (61g)",100,g,32,3.2,4.6,0.1,0
"Milk, dry, reconstituted, whole","Milk, whole","Guideline amount per cup of hot cereal (61g)",100,g,76,4,5.9,4.1,0
"Milk, evaporated, NS as to fat content","Milk, whole","1 fl oz (31.5g)",100,g,134,6.8,10,7.6,0
"Milk, evaporated, whole","Milk, whole","1 fl oz (31.5g)",100,g,134,6.8,10,7.6,0
"Milk, evaporated, reduced fat (2%)","Milk, reduced fat","1 fl oz (31.5g)",100,g,92,7.4,11.2,2,0
"Milk, evaporated, fat free (skim)","Milk, nonfat","1 fl oz (31.5g)",100,g,78,7.6,11.4,0.2,0
"Milk, condensed, sweetened","Flavored milk, whole","1 cup (304g)",100,g,321,7.9,54.4,8.7,0
"Non-dairy milk, NFS","Plant-based milk","1 fl oz (30.5g)",100,g,31,1.1,3,1.6,0.1
"Soy milk, sweetened","Plant-based milk","Guideline amount per fl oz of beverage (2.5g)",100,g,53,3.4,5.2,2.1,0
"Soy milk, unsweetened","Plant-based milk","Guideline amount per fl oz of beverage (2.5g)",100,g,38,3.6,1.3,2.1,0
"Soy milk, chocolate","Plant-based milk","1 fl oz (30.5g)",100,g,64,3.4,8.3,2,0.1
"Almond milk, sweetened","Plant-based milk","1 cup (244g)",100,g,30,0.5,4.3,1.2,0
"Almond milk, chocolate","Plant-based milk","1 cup (244g)",100,g,43,0.6,7.4,1.2,0.1
"Almond milk, unsweetened","Plant-based milk","Guideline amount per cup of hot cereal (61g)",100,g,15,0.6,0.3,1.2,0
"Almond milk, NFS","Plant-based milk","Guideline amount per fl oz of beverage (2.5g)",100,g,20,0.5,1.5,1.2,0
"Rice milk","Plant-based milk","1 cup (244g)",100,g,47,0.3,9.2,1,0.3
"Oat milk","Plant-based milk","Quantity not specified (244g)",100,g,45,0.7,5.4,2.3,0.5
"Coconut milk","Plant-based milk","Guideline amount per fl oz of beverage (2.5g)",100,g,31,0.2,2.9,2.1,0
"Yogurt, NFS","Yogurt, regular","Quantity not specified (170g)",100,g,94,6.7,10.2,2.9,0.1
"Yogurt, Greek, NS as to type of milk or flavor","Yogurt, Greek","Quantity not specified (150g)",100,g,91,9.1,10.8,1.3,0.1
"Yogurt, NS as to type of milk or flavor","Yogurt, regular","1 cup (245g)",100,g,93,4.6,15.7,1.3,0.2
"Yogurt, NS as to type of milk, plain","Yogurt, regular","1 cup (245g)",100,g,63,5.3,7,1.6,0
"Yogurt, whole milk, plain","Yogurt, regular","Quantity not specified (170g)",100,g,78,3.8,5.6,4.5,0
"Yogurt, low fat milk, plain","Yogurt, regular","1 cup (245g)",100,g,63,5.3,7,1.6,0
"Yogurt, nonfat milk, plain","Yogurt, regular","Quantity not specified (170g)",100,g,50,4.2,8.1,0.1,0
"Yogurt, Greek, NS as to type of milk, plain","Yogurt, Greek","1 container, NFS (150g)",100,g,67,10.2,3.6,1.4,0
"Yogurt, Greek, whole milk, plain","Yogurt, Greek","1 container, NFS (150g)",100,g,94,8.8,4.8,4.4,0
"Yogurt, Greek, low fat milk, plain","Yogurt, Greek","Quantity not specified (150g)",100,g,67,10.2,3.6,1.4,0
"Yogurt, Greek, nonfat milk, plain","Yogurt, Greek","Quantity not specified (150g)",100,g,59,10.3,3.6,0.4,0
"Yogurt, NS as to type of milk, fruit","Yogurt, regular","1 container, NFS (170g)",100,g,93,4.6,15.7,1.3,0.2
"Yogurt, whole milk, fruit","Yogurt, regular","1 cup (245g)",100,g,106,3.3,14.4,3.9,0.2
"Yogurt, low fat milk, fruit","Yogurt, regular","1 6 oz container (170g)",100,g,93,4.6,15.7,1.3,0.2
"Yogurt, nonfat milk, fruit","Yogurt, regular","Quantity not specified (170g)",100,g,46,3.6,7.6,0.1,0
"Yogurt, Greek, NS as to type of milk, fruit","Yogurt, Greek","1 5.3 oz container (150g)",100,g,91,9.1,10.8,1.3,0.1
"Yogurt, Greek, whole milk, fruit","Yogurt, Greek","Quantity not specified (150g)",100,g,114,7.9,11.8,3.9,0.1
"Yogurt, Greek, low fat milk, fruit","Yogurt, Greek","Quantity not specified (150g)",100,g,91,9.1,10.8,1.3,0.1
"Yogurt, Greek, nonfat milk, fruit","Yogurt, Greek","1 6 oz container (170g)",100,g,83,9.2,10.8,0.3,0.1
"Yogurt, NS as to type of milk, flavors other than fruit","Yogurt, regular","Quantity not specified (170g)",100,g,82,4.5,13,1.4,0
"Yogurt, whole milk, flavors other than fruit","Yogurt, regular","Quantity not specified (170g)",100,g,95,3.3,11.8,3.9,0
"Yogurt, low fat milk, flavors other than fruit","Yogurt, regular","1 cup (245g)",100,g,82,4.5,13,1.4,0
"Yogurt, nonfat milk, flavors other than fruit","Yogurt, regular","1 6 oz container (170g)",100,g,47,3.6,7.9,0.1,0
"Yogurt, Greek, NS as to type of milk, flavors other than fruit","Yogurt, Greek","1 5.3 oz container (150g)",100,g,81,9.1,8.2,1.3,0
"Yogurt, Greek, whole milk, flavors other than fruit","Yogurt, Greek","1 6 oz container (170g)",100,g,104,7.8,9.2,3.9,0
"Yogurt, Greek, low fat milk, flavors other than fruit","Yogurt, Greek","1 5.3 oz container (150g)",100,g,81,9.1,8.2,1.3,0
"Yogurt, Greek, nonfat milk, flavors other than fruit","Yogurt, Greek","1 container, NFS (150g)",100,g,73,9.2,8.2,0.3,0
"Yogurt, Greek, with oats","Yogurt, Greek","Quantity not specified (150g)",100,g,149,9.2,20,3.7,1.5
"Yogurt, liquid","Yogurt, regular","1 bottle (150g)",100,g,74,3.7,12.6,1.1,0.1
"Yogurt tube","Yogurt, regular","1 tube (75g)",100,g,81,4.3,13.7,1,0.1
"Chipotle dip, yogurt based","Dips, gravies, other sauces","1 individual container (70g)",100,g,189,7.9,3.3,16,0
"Onion dip, yogurt based","Dips, gravies, other sauces","Quantity not specified (60g)",100,g,160,6.8,4.1,12.9,0.2
"Ranch dip, yogurt based","Dips, gravies, other sauces","Quantity not specified (60g)",100,g,195,8.5,4.1,16.1,0.3
"Spinach dip, yogurt based","Dips, gravies, other sauces","1 individual container (70g)",100,g,159,7,3.6,13,0.3
"Tzatziki dip","Dips, gravies, other sauces","1 tablespoon (15g)",100,g,91,5.2,4.1,6,0.2
"Vegetable dip, yogurt based","Dips, gravies, other sauces","1 individual container (70g)",100,g,191,8.2,3.8,16,0.3
"Yogurt parfait, with fruit","Yogurt, regular","1 McDonald's parfait (150g)",100,g,104,5.3,16.1,2.2,1.3
"Frozen yogurt, NFS","Ice cream and frozen dairy desserts","1 scoop (160g)",100,g,127,3,21.6,3.6,0
"Frozen yogurt, vanilla","Ice cream and frozen dairy desserts","1 cup (175g)",100,g,127,3,21.6,3.6,0
"Frozen yogurt, chocolate","Ice cream and frozen dairy desserts","1 cup (175g)",100,g,131,3,21.6,3.6,2.3
"Frozen yogurt, soft serve, vanilla","Ice cream and frozen dairy desserts","Quantity not specified (175g)",100,g,159,4,24.2,5.6,0
"Frozen yogurt, soft serve, chocolate","Ice cream and frozen dairy desserts","1 cup (175g)",100,g,160,4.3,24.9,5.8,0.7
"Frozen yogurt sandwich","Ice cream and frozen dairy desserts","1 sandwich (75g)",100,g,204,3.9,34.4,6.3,0.8
"Frozen yogurt bar, vanilla","Ice cream and frozen dairy desserts","1 bar (65g)",100,g,127,3,21.6,3.6,0
"Frozen yogurt bar, chocolate","Ice cream and frozen dairy desserts","Quantity not specified (65g)",100,g,131,3,21.6,3.6,2.3
"Frozen yogurt cone, chocolate","Ice cream and frozen dairy desserts","Quantity not specified (125g)",100,g,142,3.2,23.9,3.7,2.3
"Frozen yogurt cone, vanilla","Ice cream and frozen dairy desserts","Quantity not specified (125g)",100,g,139,3.2,23.9,3.7,0.1
"Frozen yogurt cone, vanilla, waffle cone","Ice cream and frozen dairy desserts","Quantity not specified (255g)",100,g,143,3.3,25.3,3.6,0.1
"Frozen yogurt cone, chocolate, waffle cone","Ice cream and frozen dairy desserts","1 cone (255g)",100,g,147,3.3,25.3,3.6,2.3
"Baby Toddler food, NFS","Baby food: mixtures","Quantity not specified (110g)",100,g,75,4.9,9.1,2.2,1.1
"Baby Toddler yogurt, plain","Baby food: yogurt","Quantity not specified (110g)",100,g,78,3.8,5.6,4.5,0
"Baby Toddler yogurt, with fruit","Baby food: yogurt","1 container (110g)",100,g,98,3.5,11.9,4,0.1
"Chocolate milk, NFS","Flavored milk, lowfat","1 individual school container (248g)",100,g,65,3.4,11,0.8,0.1
"Chocolate milk, whole","Flavored milk, whole","1 fl oz (31g)",100,g,83,3.2,10.3,3.4,0.8
"Chocolate milk, reduced fat (2%)","Flavored milk, reduced fat","1 individual school container (248g)",100,g,76,3,12.1,1.9,0.7
"Chocolate milk, fat free (skim)","Flavored milk, nonfat","1 cup (248g)",100,g,67,3.4,13.5,0,0
"Chocolate milk, low fat (1%)","Flavored milk, lowfat","Quantity not specified (248g)",100,g,64,3.5,10.2,1.1,0.1
"Chocolate milk, reduced sugar, NFS","Flavored milk, lowfat","1 cup (248g)",100,g,65,3.1,8.6,2,0
"Hot chocolate / cocoa, NFS","Flavored milk, lowfat","1 fl oz (31g)",100,g,72,1.8,13.9,1,0.2
"Hot chocolate / cocoa, made with whole or reduced fat (2%) milk","Flavored milk, reduced fat","Quantity not specified (248g)",100,g,91,2.7,16.5,1.5,0
"Hot chocolate / cocoa, made with lowfat (1%) or fat free (skim) milk","Flavored milk, nonfat","Quantity not specified (248g)",100,g,78,2.8,16.6,0.1,0
"Hot chocolate / cocoa, made with non-dairy milk","Plant-based milk","Quantity not specified (248g)",100,g,76,0.9,15,1.3,0.1
"Hot chocolate / cocoa, with whipped cream","Flavored milk, reduced fat","Quantity not specified (248g)",100,g,101,2.7,16.3,2.8,0
"Chocolate milk, Nesquik, NS as to type of milk","Flavored milk, reduced fat","Quantity not specified (248g)",100,g,74,3.4,10.1,2.2,0.3
"Chocolate milk, Nesquik, made with non-dairy milk","Plant-based milk","1 fl oz (31g)",100,g,54,1.4,8.4,1.6,0.4
"Chocolate milk, reduced sugar, whole","Flavored milk, whole","1 fl oz (31g)",100,g,73,3,8.4,2.9,0
"Chocolate milk, reduced sugar, reduced fat (2%)","Flavored milk, reduced fat","1 fl oz (31g)",100,g,63,3.1,8.6,1.8,0
"Chocolate milk, reduced sugar, low fat (1%)","Flavored milk, lowfat","1 fl oz (31g)",100,g,57,3.1,8.9,1,0
"Chocolate milk, reduced sugar, fat free (skim)","Flavored milk, nonfat","1 fl oz (31g)",100,g,49,3.2,8.6,0.2,0
"Hot chocolate / cocoa, dry mix, made with water","Flavored milk, nonfat","1 fl oz (31g)",100,g,54,0.9,11.3,0.5,0.5
"Hot chocolate / cocoa, dry mix, made with whole or reduced fat (2%) milk","Flavored milk, reduced fat","1 packet, reconstituted (248g)",100,g,97,3.8,15.5,2.2,0.5
"Hot chocolate / cocoa, dry mix, made with lowfat (1%) or fat free (skim) milk","Flavored milk, nonfat","1 cup (248g)",100,g,83,3.9,15.5,0.6,0.5
"Hot chocolate / cocoa, dry mix , made with non-dairy milk","Plant-based milk","Quantity not specified (248g)",100,g,81,1.9,13.9,1.9,0.6
"Hot chocolate / cocoa, dry mix, made with water, with whipped cream","Flavored milk, reduced fat","1 packet, reconstituted (248g)",100,g,65,0.9,11.2,1.8,0.5
"Hot chocolate / cocoa, dry mix, reduced sugar, made with water","Flavored milk, nonfat","1 packet, reconstituted (248g)",100,g,31,1.3,5.9,0.2,0.6
"Hot chocolate / cocoa, dry mix, reduced sugar, made with whole or reduced fat (2%) milk","Flavored milk, reduced fat","Quantity not specified (248g)",100,g,77,4.4,10.4,2,0.6
"Hot chocolate / cocoa, reduced sugar, made with non-dairy milk","Plant-based milk","1 fl oz (31g)",100,g,54,1.2,8.9,1.5,0.1
"Hot chocolate / cocoa, reduced sugar, made with whole or reduced fat (2%) milk","Flavored milk, reduced fat","Quantity not specified (248g)",100,g,69,3,10.4,1.7,0
"Hot chocolate / cocoa, dry mix, reduced sugar, made with lowfat (1%) or fat free (skim) milk","Flavored milk, nonfat","1 fl oz (31g)",100,g,62,4.4,10.4,0.3,0.6
"Hot chocolate / cocoa, reduced sugar, made with lowfat (1%) or fat free (skim) milk","Flavored milk, nonfat","1 packet, reconstituted (248g)",100,g,56,3.1,10.5,0.3,0
"Hot chocolate / cocoa, dry mix, reduced sugar, made with non-dairy milk","Plant-based milk","1 fl oz (31g)",100,g,59,2.3,8.7,1.7,0.7
"Strawberry milk, NFS","Flavored milk, reduced fat","1 individual school container (248g)",100,g,65,3.2,8.5,2.1,0
"Strawberry milk, whole","Flavored milk, whole","1 fl oz (31g)",100,g,86,3,11.8,3,0
"Strawberry milk, reduced fat (2%)","Flavored milk, reduced fat","1 individual school container (248g)",100,g,71,3.2,10.7,1.8,0
"Strawberry milk, low fat (1%)","Flavored milk, lowfat","1 individual school container (248g)",100,g,69,3.1,12.3,0.9,0
"Strawberry milk, fat free (skim)","Flavored milk, nonfat","Quantity not specified (248g)",100,g,61,3.2,12.1,0.1,0
"Strawberry milk, reduced sugar","Flavored milk, lowfat","Quantity not specified (248g)",100,g,59,3.3,6.7,2.1,0
"Milk, malted","Flavored milk, reduced fat","Quantity not specified (256g)",100,g,66,3.2,8.6,2.1,0
"Eggnog","Milk shakes and other dairy drinks","1 fl oz (32g)",100,g,88,4.6,8.1,4.2,0
"Milk shake, home recipe, chocolate","Milk shakes and other dairy drinks","1 fl oz (28g)",100,g,120,3.5,13.5,6.1,0.5
"Milk shake, home recipe, flavors other than chocolate","Milk shakes and other dairy drinks","1 cup (224g)",100,g,113,3.4,11.4,6,0.2
"Milk shake, home recipe, chocolate, light","Milk shakes and other dairy drinks","Quantity not specified (280g)",100,g,97,4,12.9,3.3,0.3
"Milk shake, home recipe, flavors other than chocolate, light","Milk shakes and other dairy drinks","Quantity not specified (280g)",100,g,92,3.9,13.8,2.3,0.1
"Milk shake with malt","Milk shakes and other dairy drinks","1 milkshake (10 fl oz) (280g)",100,g,125,3.8,13.6,6.1,0.2
"Milk shake, fast food, chocolate","Milk shakes and other dairy drinks","1 large (690g)",100,g,150,3.7,20.4,6.7,1.6
"Milk shake, fast food, flavors other than chocolate","Milk shakes and other dairy drinks","Quantity not specified (405g)",100,g,148,3.4,19.6,6.5,0.9
"Milk shake, bottled, chocolate","Milk shakes and other dairy drinks","1 cup (248g)",100,g,150,3.7,20.4,6.7,1.6
"Milk shake, bottled, flavors other than chocolate","Milk shakes and other dairy drinks","1 cup (248g)",100,g,148,3.4,19.6,6.5,0.9
"Licuado or Batido","Smoothies and grain drinks","1 fl oz (27g)",100,g,75,2.3,13.2,1.5,0.6
"Fruit smoothie, NFS","Smoothies and grain drinks","Quantity not specified (324g)",100,g,66,2.3,12,1.1,1.1
"Fruit smoothie, with whole fruit and dairy","Smoothies and grain drinks","1 fl oz (27g)",100,g,66,2.3,12,1.1,1.1
"Fruit smoothie, with whole fruit and dairy, added protein","Smoothies and grain drinks","Quantity not specified (324g)",100,g,79,7.4,10,1.2,1.1
"Fruit smoothie juice drink, with dairy","Smoothies and grain drinks","1 medium (864g)",100,g,65,0.9,15.1,0.1,0.9
"Chocolate milk drink","Milk shakes and other dairy drinks","Quantity not specified (248g)",100,g,49,0.6,10.7,0.4,0.6
"Infant formula, NFS","Formula, prepared from powder","1 fl oz (30.5g)",100,g,66,1.4,7.1,3.6,0
"Infant formula, Similac, NFS","Formula, prepared from powder","1 fl oz (30.5g)",100,g,65,1.4,6.9,3.6,0
"Infant formula, Similac Alimentum, ready-to-feed","Formula, ready-to-feed","1 fl oz (30.5g)",100,g,67,1.8,6.8,3.6,0
"Infant formula, Similac Alimentum, powder, made with water","Formula, prepared from powder","1 fl oz (30.5g)",100,g,67,1.8,6.8,3.6,0
"Infant formula, Similac Advance, ready-to-feed","Formula, ready-to-feed","1 fl oz (30.5g)",100,g,66,1.4,6.9,3.6,0
"Infant formula, Similac Advance, powder, made with tap water","Formula, prepared from powder","1 fl oz (30.5g)",100,g,66,1.4,6.9,3.6,0
"Infant formula, Similac Advance, powder, made with bottled water","Formula, prepared from powder","1 fl oz (30.5g)",100,g,66,1.4,6.9,3.6,0
"Infant formula, Similac Advance, powder, made with baby water","Formula, prepared from powder","1 fl oz (30.5g)",100,g,66,1.4,6.9,3.6,0
"Infant formula, Similac Sensitive, ready-to-feed","Formula, ready-to-feed","1 fl oz (30.5g)",100,g,65,1.4,7,3.5,0
"Infant formula, Similac Sensitive, powder, made with tap water","Formula, prepared from powder","1 fl oz (30.5g)",100,g,65,1.4,7,3.5,0
"Infant formula, Similac Sensitive, powder, made with bottled water","Formula, prepared from powder","1 fl oz (30.5g)",100,g,65,1.4,7,3.5,0
"Infant formula, Similac Sensitive, powder, made with baby water","Formula, prepared from powder","1 fl oz (30.5g)",100,g,65,1.4,7,3.5,0
"Infant formula, Similac for Spit-Up, ready-to-feed","Formula, ready-to-feed","1 fl oz (30.5g)",100,g,65,1.4,6.9,3.5,0
"Infant formula, Similac for Spit-Up, powder, made with water","Formula, prepared from powder","1 fl oz (30.5g)",100,g,65,1.4,6.9,3.5,0
"Toddler formula, Similac Go and Grow","Formula, prepared from powder","1 fl oz (30.5g)",100,g,58,1.7,5.9,3.1,0
"Infant formula, Enfamil, NFS","Formula, prepared from powder","1 fl oz (30.5g)",100,g,66,1.4,7.4,3.5,0
"Infant formula, Enfamil Infant, ready-to-feed","Formula, ready-to-feed","1 fl oz (30.5g)",100,g,66,1.4,7.4,3.5,0
"Infant formula, Enfamil Infant, powder, made with tap water","Formula, prepared from powder","1 fl oz (30.5g)",100,g,66,1.4,7.4,3.5,0
"Infant formula, Enfamil Infant, powder, made with bottled water","Formula, prepared from powder","1 fl oz (30.5g)",100,g,66,1.4,7.4,3.5,0
"Infant formula, Enfamil Infant, powder, made with baby water","Formula, prepared from powder","1 fl oz (30.5g)",100,g,66,1.4,7.4,3.5,0
"Infant formula, Enfamil AR, ready-to-feed","Formula, ready-to-feed","1 fl oz (30.5g)",100,g,65,1.6,7.4,3.2,0
"Infant formula, Enfamil AR, powder, made with water","Formula, prepared from powder","1 fl oz (30.5g)",100,g,65,1.6,7.4,3.2,0
"Infant formula, Enfamil Gentlease, ready-to-feed","Formula, ready-to-feed","1 fl oz (30.5g)",100,g,67,1.5,7.3,3.5,0
"Infant formula, Enfamil Gentlease, powder, made with tap water","Formula, prepared from powder","1 fl oz (30.5g)",100,g,67,1.5,7.3,3.5,0
"Infant formula, Enfamil Gentlease, powder, made with bottled water","Formula, prepared from powder","1 fl oz (30.5g)",100,g,67,1.5,7.3,3.5,0
"Infant formula, Enfamil Gentlease, powder, made with baby water","Formula, prepared from powder","1 fl oz (30.5g)",100,g,67,1.5,7.3,3.5,0
"Toddler formula, Enfamil Enfagrow","Formula, prepared from powder","1 fl oz (30.5g)",100,g,67,1.7,7,3.5,0
"Toddler formula, PediaSure","Formula, ready-to-feed","1 bottle (8 fl oz) (248g)",100,g,99,2.9,11.2,4.8,0
"Toddler formula, Nido Kinder","Formula, prepared from powder","1 fl oz (30.5g)",100,g,62,1.7,6.4,3.3,0
"Toddler formula, store brand, beginning or next stage","Formula, prepared from powder","1 fl oz (30.5g)",100,g,62,1.7,6.4,3.3,0
"Toddler formula, store brand, pediatric shake","Formula, prepared from powder","1 fl oz (31g)",100,g,99,2.9,11.2,4.8,0
"Infant formula, Gerber, NFS","Formula, prepared from powder","1 fl oz (30.5g)",100,g,65,1.5,7.3,3.3,0
"Infant formula, Gerber Good Start Gentle, Stage 1, ready-to-feed","Formula, ready-to-feed","1 fl oz (30.5g)",100,g,66,1.5,7.3,3.3,0
"Infant formula, Gerber Good Start Gentle, Stage 1, powder, made with tap water","Formula, prepared from powder","1 fl oz (30.5g)",100,g,66,1.5,7.3,3.3,0
"Infant formula, Gerber Good Start Gentle, Stage 1, powder, made with bottled water","Formula, prepared from powder","1 fl oz (30.5g)",100,g,66,1.5,7.3,3.3,0
"Infant formula, Gerber Good Start Gentle, Stage 1, powder, made with baby water","Formula, prepared from powder","1 fl oz (30.5g)",100,g,66,1.5,7.3,3.3,0
"Infant formula, Gerber Good Start Gentle, Stage 2","Formula, prepared from powder","1 fl oz (30.5g)",100,g,66,1.5,7.3,3.3,0
"Toddler formula, Gerber Good Start, Stage 3","Formula, prepared from powder","1 fl oz (30.5g)",100,g,62,1.7,6.4,3.3,0
"Infant formula, premature, powder, made with water","Formula, prepared from powder","1 fl oz (30.5g)",100,g,71,2,7.3,3.8,0
"Infant formula, premature, ready-to-feed","Formula, ready-to-feed","1 fl oz (30.5g)",100,g,71,2,7.3,3.8,0
"Infant formula, organic, powder, made with water","Formula, prepared from powder","1 fl oz (30.5g)",100,g,66,1.4,7.1,3.6,0
"Infant formula, organic, ready-to-feed","Formula, ready-to-feed","1 fl oz (30.5g)",100,g,66,1.4,7.1,3.6,0
"Infant formula, store brand, advantage or tender, powder, made with tap water","Formula, prepared from powder","1 fl oz (30.5g)",100,g,66,1.4,7.1,3.6,0
"Infant formula, store brand, advantage or tender, powder, made with bottled water","Formula, prepared from powder","1 fl oz (30.5g)",100,g,66,1.4,7.1,3.6,0
"Infant formula, store brand, advantage or tender, powder, made with baby water","Formula, prepared from powder","1 fl oz (30.5g)",100,g,66,1.4,7.1,3.6,0
"Infant formula, store brand, gentle or sensitivity","Formula, prepared from powder","1 fl oz (30.5g)",100,g,66,1.5,7.2,3.5,0
"Infant formula, store brand, added rice","Formula, prepared from powder","1 fl oz (30.5g)",100,g,65,1.5,7.2,3.4,0
"Infant formula, Enfamil ProSobee, ready-to-feed","Formula, ready-to-feed","1 fl oz (30.5g)",100,g,66,1.6,7.1,3.5,0
"Infant formula, Enfamil ProSobee, powder, made with tap water","Formula, prepared from powder","1 fl oz (30.5g)",100,g,66,1.6,7.1,3.5,0
"Infant formula, Enfamil ProSobee, powder, made with bottled water","Formula, prepared from powder","1 fl oz (30.5g)",100,g,66,1.6,7.1,3.5,0
"Infant formula, Enfamil ProSobee, powder, made with baby water","Formula, prepared from powder","1 fl oz (30.5g)",100,g,66,1.6,7.1,3.5,0
"Infant formula, Similac Isomil Soy, ready-to-feed","Formula, ready-to-feed","1 fl oz (30.5g)",100,g,65,1.6,6.7,3.5,0
"Infant formula, Similac Isomil Soy, powder, made with tap water","Formula, prepared from powder","1 fl oz (30.5g)",100,g,65,1.6,6.7,3.5,0
"Infant formula, Similac Isomil Soy, powder, made with bottled water","Formula, prepared from powder","1 fl oz (30.5g)",100,g,65,1.6,6.7,3.5,0
"Infant formula, Similac Isomil Soy, powder, made with baby water","Formula, prepared from powder","1 fl oz (30.5g)",100,g,65,1.6,6.7,3.5,0
"Infant formula, Similac for Diarrhea","Formula, ready-to-feed","1 fl oz (30.5g)",100,g,66,1.8,6.7,3.6,0.7
"Infant formula, Gerber Good Start Soy, Stage 1, ready-to-feed","Formula, ready-to-feed","1 fl oz (30.5g)",100,g,64,1.6,7.1,3.3,0
"Infant formula, Gerber Good Start Soy, Stage 1, powder, made with tap water","Formula, prepared from powder","1 fl oz (30.5g)",100,g,64,1.6,7.1,3.3,0
"Infant formula, Gerber Good Start Soy, Stage 1, powder, made with bottled water","Formula, prepared from powder","1 fl oz (30.5g)",100,g,64,1.6,7.1,3.3,0
"Infant formula, Gerber Good Start Soy, Stage 1, powder, made with baby water","Formula, prepared from powder","1 fl oz (30.5g)",100,g,64,1.6,7.1,3.3,0
"Infant formula, store brand, soy","Formula, prepared from powder","1 fl oz (30.5g)",100,g,66,1.6,6.9,3.5,0
"Infant formula, Enfamil Nutramigen, ready-to-feed","Formula, ready-to-feed","1 fl oz (30.5g)",100,g,67,1.8,6.9,3.5,0
"Infant formula, Enfamil Nutramigen, powder, made with water","Formula, prepared from powder","1 fl oz (30.5g)",100,g,67,1.8,6.9,3.5,0
"Infant formula, Enfamil Pregestimil, ready-to-feed","Formula, ready-to-feed","1 fl oz (30.5g)",100,g,67,1.8,6.8,3.6,0
"Infant formula, Enfamil Pregestimil, powder, made with water","Formula, prepared from powder","1 fl oz (30.5g)",100,g,67,1.8,6.8,3.6,0
"Infant formula, amino acids","Formula, prepared from powder","1 fl oz (30.5g)",100,g,66,1.8,7.2,3.4,0
"Infant formula, low iron","Formula, prepared from powder","1 fl oz (30.5g)",100,g,66,1.4,6.9,3.6,0
"Milk, dry, not reconstituted","Not included in a food category","1 cup (128g)",100,g,362,36.2,52,0.8,0
"Whey, sweet, dry","Not included in a food category","Quantity not specified (8g)",100,g,353,12.9,74.5,1.1,0
"Cocoa powder, not reconstituted","Not included in a food category","Quantity not specified (5g)",100,g,228,19.6,57.9,13.7,37
"Chocolate beverage powder, dry mix, not reconstituted","Not included in a food category","1 tablespoon (10g)",100,g,400,4.6,90.3,2.3,4.5
"Chocolate beverage powder, light, dry mix, not reconstituted","Not included in a food category","Guideline amount per fl oz of beverage (2.5g)",100,g,350,9.1,68.3,4.5,9.1
"Milk, malted, dry mix, not reconstituted","Not included in a food category","Quantity not specified (11g)",100,g,372,0,93,0,0
"Strawberry beverage powder, dry mix, not reconstituted","Not included in a food category","Quantity not specified (20g)",100,g,389,0.1,99.1,0.2,0
"Cream, NS as to light, heavy, or half and half","Cream and cream substitutes","Guideline amount per fl oz of beverage (2.5g)",100,g,131,3.1,4.3,11.5,0
"Cream, light","Cream and cream substitutes","1 cup (240g)",100,g,195,3,3.7,19.1,0
"Cream, half and half","Cream and cream substitutes","1 cup (240g)",100,g,131,3.1,4.3,11.5,0
"Cream, half and half, flavored","Cream and cream substitutes","Guideline amount per fl oz of beverage (2.5g)",100,g,130,3.1,4.5,11.3,0
"Cream, half and half, fat free","Cream and cream substitutes","Quantity not specified (30g)",100,g,59,2.6,9,1.4,0
"Cream, heavy","Cream and cream substitutes","Quantity not specified (20g)",100,g,343,2,3.8,35.6,0
"Cream, whipped","Cream cheese, sour cream, whipped cream","Quantity not specified (20g)",100,g,346,1.9,9.5,33.5,0
"Coffee creamer, NFS","Cream and cream substitutes","Guideline amount per fl oz of beverage (2.5g)",100,g,136,1,11.4,10,0
"Coffee creamer, liquid","Cream and cream substitutes","Quantity not specified (20g)",100,g,136,1,11.4,10,0
"Coffee creamer, liquid, flavored","Cream and cream substitutes","Quantity not specified (20g)",100,g,251,0.7,35.1,13.5,1.1
"Coffee creamer, liquid, fat free","Cream and cream substitutes","1 fl oz (30g)",100,g,71,0.8,9.1,3.5,0
"Coffee creamer, liquid, fat free, flavored","Cream and cream substitutes","Guideline amount per fl oz of beverage (2.5g)",100,g,154,0.6,31.7,2.7,0
"Coffee creamer, liquid, fat free, sugar free, flavored","Cream and cream substitutes","1 fl oz (30g)",100,g,71,0.8,9.1,3.5,0
"Coffee creamer, liquid, sugar free, flavored","Cream and cream substitutes","1 individual container (15g)",100,g,71,0.8,9.1,3.5,0
"Coffee creamer, powder","Cream and cream substitutes","Quantity not specified (4g)",100,g,529,2.5,59.3,32.9,0
"Coffee creamer, powder, flavored","Cream and cream substitutes","Quantity not specified (4g)",100,g,482,0.7,75.4,21.5,1.2
"Coffee creamer, powder, fat free","Cream and cream substitutes","Guideline amount per fl oz of beverage (0.5g)",100,g,431,1.9,73.4,15.7,0
"Coffee creamer,powder, sugar free, flavored","Cream and cream substitutes","1 cup (94g)",100,g,529,2.5,59.3,32.9,0
"Coffee creamer, soy, liquid","Cream and cream substitutes","Guideline amount per fl oz of beverage (2.5g)",100,g,136,1,11.4,10,0
"Whipped topping","Cream cheese, sour cream, whipped cream","1 cup (75g)",100,g,318,1.3,23.1,25.3,0
"Whipped topping, fat free","Cream cheese, sour cream, whipped cream","1 cup (75g)",100,g,224,3,23.6,13.1,0
"Whipped topping, sugar free","Cream cheese, sour cream, whipped cream","1 cup (75g)",100,g,224,3,23.6,13.1,0
"Sour cream, regular","Cream cheese, sour cream, whipped cream","1 tablespoon (15g)",100,g,196,3.1,5.6,18,0
"Sour cream, light","Cream cheese, sour cream, whipped cream","1 cup (240g)",100,g,136,3.5,7.1,10.6,0
"Sour cream, fat free","Cream cheese, sour cream, whipped cream","1 tablespoon (15g)",100,g,74,3.1,15.6,0,0
"Sour cream, imitation","Cream cheese, sour cream, whipped cream","1 tablespoon (15g)",100,g,208,2.4,6.6,19.5,0
"Dip, NFS","Dips, gravies, other sauces","1 individual container (70g)",100,g,432,2.6,3.9,45.2,0.3
"Chipotle dip, regular","Dips, gravies, other sauces","1 individual container (70g)",100,g,426,2,3.2,45.1,0
"Chipotle dip, light","Dips, gravies, other sauces","Quantity not specified (60g)",100,g,195,1.8,13.2,15.2,0
"Onion dip, regular","Dips, gravies, other sauces","Quantity not specified (60g)",100,g,346,2.2,3.9,35.8,0.2
"Onion dip, light","Dips, gravies, other sauces","Quantity not specified (60g)",100,g,166,2,11.9,12.4,0.1
"Ranch dip, regular","Dips, gravies, other sauces","1 individual container (70g)",100,g,432,2.6,3.9,45.2,0.3
"Ranch dip, light","Dips, gravies, other sauces","1 individual container (70g)",100,g,201,2.4,14,15.3,0.2
"Spinach dip, regular","Dips, gravies, other sauces","1 individual container (70g)",100,g,345,2.4,3.4,35.8,0.3
"Spinach dip, light","Dips, gravies, other sauces","1 tablespoon (15g)",100,g,165,2.2,11.4,12.4,0.3
"Vegetable dip, regular","Dips, gravies, other sauces","1 individual container (70g)",100,g,429,2.2,3.6,45.1,0.3
"Vegetable dip, light","Dips, gravies, other sauces","1 tablespoon (15g)",100,g,198,2,13.6,15.2,0.3
"Ice cream, NFS","Ice cream and frozen dairy desserts","1 small ice cream cup (120g)",100,g,221,3.6,26.4,11.3,0.8
"Ice cream, vanilla","Ice cream and frozen dairy desserts","1 large ice cream cup (360g)",100,g,207,3.5,23.6,11,0.7
"Ice cream, vanilla, with additional ingredients","Ice cream and frozen dairy desserts","1 small ice cream cup (125g)",100,g,242,3.7,30.5,11.8,1
"Ice cream, chocolate","Ice cream and frozen dairy desserts","Quantity not specified (135g)",100,g,216,3.8,28.2,11,1.2
"Ice cream, chocolate, with additional ingredients","Ice cream and frozen dairy desserts","1 scoop (125g)",100,g,249,3.9,34.4,11.8,1.5
"Ice cream, soft serve, vanilla","Ice cream and frozen dairy desserts","1 cup (175g)",100,g,180,4.8,29.5,4.8,0.3
"Ice cream, soft serve, chocolate","Ice cream and frozen dairy desserts","1 cup (175g)",100,g,187,5,25.7,7.2,0.8
"Gelato, vanilla","Ice cream and frozen dairy desserts","1 small ice cream cup (160g)",100,g,249,3.5,22.3,16.2,0
"Gelato, chocolate","Ice cream and frozen dairy desserts","1 cup (175g)",100,g,251,4.7,19.8,17,0.9
"Ice cream bar, vanilla","Ice cream and frozen dairy desserts","1 bar (75g)",100,g,358,2.1,37.1,25.3,1.1
"Ice cream bar, vanilla, chocolate coated","Ice cream and frozen dairy desserts","1 miniature (50g)",100,g,331,4.1,24.5,24.1,0.8
"Ice cream candy bar","Ice cream and frozen dairy desserts","1 bar (50g)",100,g,323,4.4,30.9,20.2,0.6
"Ice cream bar, chocolate","Ice cream and frozen dairy desserts","1 miniature (50g)",100,g,329,4.4,25.2,23.9,1.5
"Ice cream sandwich, vanilla","Ice cream and frozen dairy desserts","1 sandwich (75g)",100,g,264,4.3,35.9,11.8,1.4
"Ice cream sandwich, chocolate","Ice cream and frozen dairy desserts","1 sandwich (75g)",100,g,270,4.5,39.3,11.8,1.8
"Ice cream cookie sandwich","Ice cream and frozen dairy desserts","1 sandwich (75g)",100,g,317,4.6,43.4,14.1,1.7
"Ice cream cone, scooped, vanilla","Ice cream and frozen dairy desserts","Quantity not specified (125g)",100,g,215,3.7,25.8,10.8,0.8
"Ice cream cone, scooped, vanilla, waffle cone","Ice cream and frozen dairy desserts","Quantity not specified (255g)",100,g,218,3.8,27.2,10.6,0.8
"Ice cream cone, NFS","Ice cream and frozen dairy desserts","1 cone (125g)",100,g,229,3.8,28.5,11.1,0.9
"Ice cream cone, scooped, chocolate","Ice cream and frozen dairy desserts","1 cone (125g)",100,g,224,4,30.2,10.8,1.3
"Ice cream cone, scooped, chocolate, waffle cone","Ice cream and frozen dairy desserts","1 cone (255g)",100,g,227,4,31.5,10.6,1.2
"Ice cream cone, soft serve, vanilla","Ice cream and frozen dairy desserts","Quantity not specified (125g)",100,g,189,4.9,31.4,4.9,0.4
"Ice cream cone, soft serve, chocolate","Ice cream and frozen dairy desserts","Quantity not specified (125g)",100,g,196,5.1,27.8,7.2,0.9
"Ice cream cone, soft serve, vanilla, waffle cone","Ice cream and frozen dairy desserts","Quantity not specified (255g)",100,g,193,5,32.7,4.8,0.4
"Ice cream cone, soft serve, chocolate, waffle cone","Ice cream and frozen dairy desserts","1 cone (255g)",100,g,200,5.2,29.1,7,0.9
"Ice cream cone, vanilla, prepackaged","Ice cream and frozen dairy desserts","1 cone (95g)",100,g,354,5.2,34.4,21.9,1
"Ice cream cone, chocolate, prepackaged","Ice cream and frozen dairy desserts","1 cone (95g)",100,g,353,5.4,34.6,21.8,1.4
"Ice cream soda, flavors other than chocolate","Milk shakes and other dairy drinks","Quantity not specified (240g)",100,g,85,0.9,14,2.9,0.2
"Ice cream soda, chocolate","Milk shakes and other dairy drinks","Quantity not specified (240g)",100,g,87,1,15.2,2.9,0.3
"Ice cream sundae, NFS","Ice cream and frozen dairy desserts","Quantity not specified (180g)",100,g,243,3.7,31.9,11.2,1.1
"Ice cream sundae, fruit topping","Ice cream and frozen dairy desserts","Quantity not specified (180g)",100,g,221,2.7,32.7,9.2,0.7
"Banana split","Ice cream and frozen dairy desserts","1 banana split (490g)",100,g,199,2.4,32.6,6.9,1
"Ice cream sundae, hot fudge topping","Ice cream and frozen dairy desserts","1 sundae (180g)",100,g,243,3.7,31.9,11.2,1.1
"Ice cream sundae, caramel topping","Ice cream and frozen dairy desserts","Quantity not specified (180g)",100,g,213,3,30.6,9.2,0.5
"Ice cream, fried","Ice cream and frozen dairy desserts","Quantity not specified (135g)",100,g,282,3.9,32.8,15.2,1.2
"Light ice cream, NFS","Ice cream and frozen dairy desserts","1 medium ice cream cup (240g)",100,g,174,4.4,25.4,6.1,0.2
"Light ice cream, vanilla","Ice cream and frozen dairy desserts","1 cup (135g)",100,g,174,4.4,25.4,6.1,0.2
"Light ice cream, chocolate","Ice cream and frozen dairy desserts","1 scoop (120g)",100,g,180,4.3,26.2,6.5,0.8
"Soft serve, blended with candy or cookies, from fast food","Ice cream and frozen dairy desserts","1 small (300g)",100,g,176,4,26.2,6.1,0.2
"Light ice cream sandwich, vanilla","Ice cream and frozen dairy desserts","1 sandwich (75g)",100,g,239,4.9,37.3,8.2,1
"Light ice cream sandwich, chocolate","Ice cream and frozen dairy desserts","1 sandwich (75g)",100,g,243,4.9,37.9,8.4,1.5
"Light ice cream bar, vanilla","Ice cream and frozen dairy desserts","1 bar (75g)",100,g,236,3.2,18.8,16.7,0.1
"Light ice cream bar, vanilla, chocolate coated","Ice cream and frozen dairy desserts","1 miniature (50g)",100,g,236,3.4,19.2,16.6,0.5
"Light ice cream bar, chocolate","Ice cream and frozen dairy desserts","Quantity not specified (85g)",100,g,240,3.3,19.7,16.9,1
"Creamsicle","Ice cream and frozen dairy desserts","Quantity not specified (65g)",100,g,165,1.5,32.8,3.1,0
"Fudgesicle","Ice cream and frozen dairy desserts","Quantity not specified (65g)",100,g,163,2.6,30,3.7,1
"Light ice cream cone, vanilla, prepackaged","Ice cream and frozen dairy desserts","Quantity not specified (95g)",100,g,223,5.4,34.2,7.3,0.7
"Light ice cream cone, chocolate, prepackaged","Ice cream and frozen dairy desserts","1 cone (95g)",100,g,227,5.3,34.9,7.6,1.3
"Sherbet, all flavors","Ice cream and frozen dairy desserts","1 individual container (75g)",100,g,144,1.1,30.4,2,1.3
"Fudgesicle, light","Ice cream and frozen dairy desserts","Quantity not specified (45g)",100,g,124,3.7,23.1,1.9,1.5
"Pudding, chocolate, NFS","Pudding","Quantity not specified (130g)",100,g,142,2.1,23,4.6,0
"Pudding, bread","Pudding","Quantity not specified (100g)",100,g,156,5.6,23.5,4.9,1
"Pudding, flavors other than chocolate, NFS","Pudding","1 cup (260g)",100,g,130,1.5,22.6,3.8,0
"Custard","Pudding","Quantity not specified (130g)",100,g,97,5.1,11,3.6,0
"Flan","Pudding","1 cup (260g)",100,g,178,5.2,28.2,4.9,0
"Creme brulee","Pudding","1 cubic inch (19g)",100,g,113,4.1,17.9,2.8,0
"Pudding, rice","Pudding","1 cup (260g)",100,g,108,3.2,18.4,2.2,0.3
"Firni, Indian pudding","Pudding","Quantity not specified (130g)",100,g,144,3.6,25.1,3.1,0.3
"Pudding, tapioca, made from dry mix","Pudding","Quantity not specified (130g)",100,g,130,2,21.7,3.9,0
"Pudding, flavors other than chocolate, made from dry mix","Pudding","Quantity not specified (130g)",100,g,106,2.8,19.4,1.9,0
"Pudding, chocolate, made from dry mix","Pudding","1 cup (260g)",100,g,113,3.1,20.3,2.1,0.7
"Pudding, flavors other than chocolate, made from dry mix, sugar free","Pudding","Quantity not specified (130g)",100,g,70,3.2,9.5,2.1,0
"Pudding, chocolate, made from dry mix, sugar free","Pudding","1 cup (260g)",100,g,76,3.5,10.5,2.2,0.5
"Pudding, flavors other than chocolate, ready-to-eat","Pudding","Quantity not specified (130g)",100,g,130,1.5,22.6,3.8,0
"Pudding, flavors other than chocolate, ready-to-eat, sugar free","Pudding","1 snack size container (110g)",100,g,70,3.2,9.5,2.1,0
"Pudding, chocolate, ready-to-eat","Pudding","Quantity not specified (130g)",100,g,142,2.1,23,4.6,0
"Pudding, chocolate, ready-to-eat, sugar free","Pudding","1 snack size container (110g)",100,g,76,3.5,10.5,2.2,0.5
"Pudding, tapioca, ready-to-eat","Pudding","Quantity not specified (130g)",100,g,130,2,21.7,3.9,0
"Banana pudding","Pudding","Quantity not specified (130g)",100,g,160,2.6,28,4.3,0.7
"Mousse","Pudding","1 cup (170g)",100,g,212,4.2,16.2,15.1,0.6
"Dulce de leche","Pudding","1 cup (300g)",100,g,315,6.8,55.4,7.4,0
"Barfi or Burfi, Indian dessert","Pudding","Quantity not specified (45g)",100,g,284,5.4,40.4,11.4,0.4
"Trifle","Pudding","Quantity not specified (73g)",100,g,169,3.5,23.2,7.2,0.4
"Tiramisu","Cakes and pies","1 cubic inch (10g)",100,g,353,5.7,29.4,23.9,0.6
"White sauce or gravy","Dips, gravies, other sauces","1 cup (240g)",100,g,144,3.8,9.2,10.2,0.2
"Cheese, NFS","Cheese","1 cracker-size slice (9g)",100,g,381,20.7,4.3,31.3,0
"Cheese, Blue or Roquefort","Cheese","1 cubic inch (17.3g)",100,g,353,21.4,2.3,28.7,0
"Cheese, Brick","Cheese","1 cracker-size slice (9g)",100,g,371,23.2,2.8,29.7,0
"Cheese, Camembert","Cheese","1 cubic inch (17g)",100,g,300,19.8,0.5,24.3,0
"Cheese, Brie","Cheese","1 cup, NFS (144g)",100,g,334,20.8,0.5,27.7,0
"Cheese, Cheddar","Cheese","1 cup, cubed (132g)",100,g,409,23.3,2.4,34,0
"Cheese, Cheddar, reduced fat","Cheese","1 cup, shredded (113g)",100,g,316,27.4,2.7,20.4,0
"Cheese, Cheddar, nonfat or fat free","Cheese","1 stick (28.4g)",100,g,157,32.1,7.1,0,0
"Cheese, Colby","Cheese","1 cup, shredded (113g)",100,g,394,23.8,2.6,32.1,0
"Cheese, Colby Jack","Cheese","1 cracker-size slice (9g)",100,g,393,23.2,2.2,32.4,0
"Cheese, Feta","Cheese","1 cubic inch (17g)",100,g,273,19.7,5.6,19.1,0
"Cheese, Fontina","Cheese","1 cubic inch (15g)",100,g,389,25.6,1.6,31.1,0
"Cheese, goat","Cheese","1 cup, crumbled (140g)",100,g,364,21.6,0.1,29.8,0
"Cheese, Gouda or Edam","Cheese","1 slice (21g)",100,g,356,24.9,2.2,27.4,0
"Cheese, Gruyere","Cheese","1 package (6 oz) (170g)",100,g,413,29.8,0.4,32.3,0
"Cheese, Limburger","Cheese","1 cup (134g)",100,g,327,20.1,0.5,27.3,0
"Cheese, Monterey","Cheese","1 cup, diced (132g)",100,g,392,22.6,1.9,32.6,0
"Cheese, Monterey, reduced fat","Cheese","1 cubic inch (16.6g)",100,g,313,28.2,0.7,21.6,0
"Cheese, Mozzarella, NFS","Cheese","1 cubic inch (18g)",100,g,296,23.7,4.4,20.4,0
"Cheese, Mozzarella, part skim","Cheese","1 stick (28.4g)",100,g,296,23.7,4.4,20.4,0
"Cheese, Mozzarella, reduced sodium","Cheese","1 cup, diced (132g)",100,g,280,27.5,3.1,17.1,0
"Cheese, Mozzarella, nonfat or fat free","Cheese","Quantity not specified (21g)",100,g,141,31.7,3.5,0,1.8
"Cheese, Muenster","Cheese","1 cubic inch (17.5g)",100,g,368,23.4,1.1,30,0
"Cheese, Muenster, reduced fat","Cheese","1 cracker-size slice (9g)",100,g,271,24.7,3.5,17.6,0
"Cheese, Parmesan, dry grated","Cheese","1 cup (100g)",100,g,412,29.9,8.4,28.8,0
"Cheese, Parmesan, dry grated, reduced fat","Cheese","Quantity not specified (7g)",100,g,395,34.8,26.2,16.5,0
"Cheese, Parmesan, hard","Cheese","1 cubic inch (10.3g)",100,g,412,29.9,8.4,28.8,0
"Cheese, Parmesan, dry grated, fat free","Cheese","Quantity not specified (7.5g)",100,g,370,40,40,5,0
"Cheese, Port du Salut","Cheese","1 cup, shredded (113g)",100,g,356,24.9,2.2,27.4,0
"Cheese, Provolone","Cheese","1 cup, diced (132g)",100,g,357,23.5,2.5,28.1,0
"Cheese, provolone, reduced fat","Cheese","1 cracker-size slice (9g)",100,g,274,24.7,3.5,17.6,0
"Cheese, Swiss","Cheese","1 cup, shredded (108g)",100,g,393,27,1.4,31,0
"Cheese, Swiss, reduced sodium","Cheese","1 cup, shredded (108g)",100,g,374,28.4,3.4,27.4,0
"Cheese, Swiss, reduced fat","Cheese","Quantity not specified (21g)",100,g,179,28.4,3.4,5.1,0
"Cheese, Swiss, nonfat or fat free","Cheese","1 cubic inch (15g)",100,g,127,28.4,3.4,0,0
"Cheese, Cheddar, reduced sodium","Cheese","Quantity not specified (21g)",100,g,398,24.4,1.9,32.6,0
"Cheese, paneer","Cheese","1 cup (246g)",100,g,299,15.9,22.5,15.5,0
"Cheese, Mexican blend","Cheese","1 cup, melted (244g)",100,g,362,21.9,2.4,29.3,0
"Cheese, Mexican blend, reduced fat","Cheese","Quantity not specified (21g)",100,g,282,24.7,3.4,19.4,0
"Queso Anejo, aged Mexican cheese","Cheese","Quantity not specified (21g)",100,g,373,21.4,4.6,30,0
"Queso Asadero","Cheese","1 cup, NFS (113g)",100,g,297,22.1,2.4,22.1,0
"Queso Fresco","Cheese","Quantity not specified (21g)",100,g,298,18.9,3,23.4,0
"Queso cotija","Cheese","1 cup (100g)",100,g,351,23.8,2.7,27.2,0
"Cheese, cottage, NFS","Cottage/ricotta cheese","1 cup (210g)",100,g,82,11,4.3,2.3,0
"Cheese, cottage, creamed, large or small curd","Cottage/ricotta cheese","Quantity not specified (105g)",100,g,103,11.6,4.6,4.2,0
"Cottage cheese, farmer's","Cottage/ricotta cheese","1 cup (210g)",100,g,148,11,4.3,9.7,0
"Cheese, Ricotta","Cottage/ricotta cheese","1 cup (246g)",100,g,148,9.6,6,9.5,0
"Cheese, cottage, with fruit","Cottage/ricotta cheese","Quantity not specified (113g)",100,g,74,9.4,4.9,2,0.2
"Cheese, cottage, with vegetables","Cottage/ricotta cheese","Quantity not specified (113g)",100,g,79,9.8,5.6,2,0.7
"Cheese, cottage, dry curd","Cottage/ricotta cheese","1 cup, NFS (210g)",100,g,72,10.3,6.7,0.3,0
"Cheese, cottage, salted, dry curd","Cottage/ricotta cheese","Quantity not specified (105g)",100,g,71,10.2,6.6,0.3,0
"Puerto Rican white cheese","Cottage/ricotta cheese","Quantity not specified (64g)",100,g,298,18.9,3,23.4,0
"Cheese, cottage, low fat","Cottage/ricotta cheese","Quantity not specified (113g)",100,g,82,11,4.3,2.3,0
"Cheese, cottage, lowfat, with fruit","Cottage/ricotta cheese","Quantity not specified (113g)",100,g,85,7.3,10.3,1.6,0.3
"Cheese, cottage, lowfat, low sodium","Cottage/ricotta cheese","1 cup (226g)",100,g,72,12.4,2.7,1,0
"Cheese, cottage, lowfat, lactose reduced","Cottage/ricotta cheese","Quantity not specified (113g)",100,g,82,11,4.3,2.3,0
"Cream cheese, regular, plain","Cream cheese, sour cream, whipped cream","Quantity not specified (30g)",100,g,343,5.8,4.6,33.5,0
"Cream cheese, regular, flavored","Cream cheese, sour cream, whipped cream","1 cup (240g)",100,g,275,8.2,14.1,20.6,0
"Cream cheese, light","Cream cheese, sour cream, whipped cream","Quantity not specified (30g)",100,g,264,9.1,5.6,22.7,0
"Cheese, American and Swiss blends","Cheese","1 slice (21g)",100,g,340,16.8,7.2,27.2,0
"Cheese, American","Cheese","1 slice (21g)",100,g,340,16.8,7.2,27.2,0
"Cheese, American, reduced fat","Cheese","1 cup, NFS (113g)",100,g,240,17.6,10.6,14.1,0
"Cheese, American, nonfat or fat free","Cheese","1 slice (21g)",100,g,126,21.1,10.5,0,0
"Cheese, American, reduced sodium","Cheese","1 cup, shredded (113g)",100,g,376,22.2,1.6,31.2,0
"Cheese spread, American or Cheddar cheese base, reduced fat","Cheese","1 cracker-size slice (9g)",100,g,176,13.4,10.7,8.9,0
"Cream cheese, fat free","Cream cheese, sour cream, whipped cream","Quantity not specified (30g)",100,g,105,15.7,7.7,1,0
"Cheese, processed cheese food","Cheese","1 Handi-Snack cheese container (16g)",100,g,307,16.1,8.9,23.1,0
"Cheese, processed, with vegetables","Cheese","1 slice (21g)",100,g,356,14.1,3.5,31.7,0.1
"Cheese, with wine","Cheese","1 cup, NFS (113g)",100,g,307,16.1,8.9,23.1,0
"Cheese spread, American or Cheddar cheese base","Cheese","1 cup (244g)",100,g,290,16.4,8.7,21.2,0
"Cheese spread, Swiss cheese base","Cheese","1 oz (28.4g)",100,g,290,16.4,8.7,21.2,0
"Cheese spread, cream cheese","Cream cheese, sour cream, whipped cream","1 oz (28.4g)",100,g,295,7.1,3.5,28.6,0
"Cheese spread, pressurized can","Cheese","Quantity not specified (28g)",100,g,290,16.4,8.7,21.2,0
"Imitation cheese","Cheese","1 cup, NFS (113g)",100,g,390,25,1,32,0
"Cheese, cottage cheese, with gelatin dessert","Cottage/ricotta cheese","Quantity not specified (120g)",100,g,83,6.8,9,2.3,0
"Cheese, cottage cheese, with gelatin dessert and fruit","Cottage/ricotta cheese","Quantity not specified (120g)",100,g,75,5.3,9.9,1.7,0.4
"Cheese, cottage cheese, with gelatin dessert and vegetables","Cottage/ricotta cheese","1 cup (240g)",100,g,85,8,7.1,2.8,0.2
"Cheese ball","Cheese","Quantity not specified (30g)",100,g,441,17.9,4.8,38.9,1.2
"Artichoke dip","Dips, gravies, other sauces","1 tablespoon (15g)",100,g,331,3.9,5.8,32.7,0.9
"Spinach and artichoke dip","Dips, gravies, other sauces","1 individual container (70g)",100,g,329,4.2,5.1,32.8,1.2
"Seafood dip","Dips, gravies, other sauces","1 individual container (70g)",100,g,337,6.2,4.2,32.8,0.2
"Cheese dip with chili pepper","Dips, gravies, other sauces","Quantity not specified (60g)",100,g,143,3.1,11.1,9.5,0.7
"Cheese dip","Dips, gravies, other sauces","Quantity not specified (60g)",100,g,163,3.1,7.9,13.3,0.3
"Topping from cheese pizza","Pizza","Topping per surface inch of pizza (2.1g)",100,g,230,16.9,7.6,14.7,1
"Topping from vegetable pizza","Pizza","Topping per surface inch of pizza (2.6g)",100,g,247,15.6,12.2,15.6,1.9
"Topping from meat pizza","Pizza","1 cup (168g)",100,g,321,19.2,5.7,24.5,0.7
"Topping from meat and vegetable pizza","Pizza","1 cup (168g)",100,g,299,17.6,7.7,22,1
"Cheese fondue","Dips, gravies, other sauces","1 tablespoon (13g)",100,g,276,19.3,2,21.2,0
"Cheese souffle","Eggs and omelets","1 cup (95g)",100,g,207,9.4,6.4,16,0.1
"Welsh rarebit","Dips, gravies, other sauces","1 tablespoon (15g)",100,g,165,7.5,6.3,12.3,0.1
"Cheese sandwich, NFS","Cheese sandwiches","1 sandwich (102g)",100,g,297,12.5,31.9,13.3,1.4
"Cheese sandwich, American cheese, on white bread","Cheese sandwiches","Quantity not specified (102g)",100,g,297,12.5,31.9,13.3,1.4
"Cheese sandwich, American cheese, on wheat bread","Cheese sandwiches","Quantity not specified (102g)",100,g,295,13.6,29.7,13.5,3.2
"Cheese sandwich, cheddar cheese, on white bread","Cheese sandwiches","Quantity not specified (102g)",100,g,325,15.1,30,16.1,1.4
"Cheese sandwich, cheddar cheese, on wheat bread","Cheese sandwiches","1 sandwich (102g)",100,g,323,16.3,27.7,16.3,3.2
"Cheese sandwich, reduced fat cheese, on white bread","Cheese sandwiches","Quantity not specified (102g)",100,g,256,12.8,33.3,7.9,1.4
"Cheese sandwich, reduced fat cheese, on wheat bread","Cheese sandwiches","1 sandwich (102g)",100,g,254,14,31.1,8.1,3.2
"Grilled cheese sandwich, NFS","Cheese sandwiches","1 sandwich (116g)",100,g,343,11,28.1,20.8,1.2
"Grilled cheese sandwich, American cheese, on white bread","Cheese sandwiches","1 sandwich (116g)",100,g,343,11,28.1,20.8,1.2
"Grilled cheese sandwich, American cheese, on wheat bread","Cheese sandwiches","Quantity not specified (116g)",100,g,341,12.1,26.1,21,2.8
"Grilled cheese sandwich, cheddar cheese, on white bread","Cheese sandwiches","1 sandwich (116g)",100,g,368,13.4,26.4,23.3,1.2
"Grilled cheese sandwich, cheddar cheese, on wheat bread","Cheese sandwiches","1 sandwich (116g)",100,g,366,14.4,24.4,23.5,2.8
"Grilled cheese sandwich, reduced fat cheese, on white bread","Cheese sandwiches","1 sandwich (116g)",100,g,307,11.3,29.3,16.1,1.2
"Grilled cheese sandwich, reduced fat cheese, on wheat bread","Cheese sandwiches","Quantity not specified (116g)",100,g,305,12.3,27.4,16.3,2.8
"Cheese sauce","Dips, gravies, other sauces","1 dipping-size container (28g)",100,g,163,3.1,7.9,13.3,0.3
"Alfredo sauce","Dips, gravies, other sauces","1 cup (260g)",100,g,150,2.1,1.8,15,0
"Alfredo sauce with added vegetables","Dips, gravies, other sauces","Quantity not specified (65g)",100,g,122,2.1,2.7,11.5,0.4
"Alfredo sauce with meat","Dips, gravies, other sauces","Quantity not specified (65g)",100,g,171,6.5,1.4,15.3,0
"Alfredo sauce with meat and added vegetables","Dips, gravies, other sauces","Quantity not specified (65g)",100,g,148,6.5,2.2,12.5,0.3
"Alfredo sauce with poultry","Dips, gravies, other sauces","1 cup (260g)",100,g,156,6.9,1.4,13.6,0
"Alfredo sauce with poultry and added vegetables","Dips, gravies, other sauces","1 cup (260g)",100,g,133,6.8,2.2,10.8,0.3
"Alfredo sauce with seafood","Dips, gravies, other sauces","Quantity not specified (65g)",100,g,145,5.9,2,12.5,0
"Alfredo sauce with seafood and added vegetables","Dips, gravies, other sauces","Quantity not specified (65g)",100,g,122,5.9,2.7,9.7,0.3
"Mozzarella sticks, breaded, baked, or fried","Cheese","1 cubic inch (14.7g)",100,g,325,14.8,25.1,18.3,2
"Mozzarella cheese, tomato, and basil, with oil and vinegar dressing","Coleslaw, non-lettuce salads","1 cup (160g)",100,g,139,7.2,3.9,10.9,0.8
"Meat, NFS","Beef, excludes ground","Quantity not specified (60g)",100,g,215,27.1,0,11.3,0
"Meat, ground, NFS","Ground beef","1 patty (85g)",100,g,262,25.6,0,17,0
"Baby Toddler meat, NFS","Baby food: meat and dinners","1 jar (70g)",100,g,112,12.6,1.3,6,0
"Beef, NFS","Beef, excludes ground","1 piece/slice, any size (30g)",100,g,231,27.1,0,13,0
"Steak, NS as to type of meat, NS as to fat eaten","Beef, excludes ground","1 oz yields (20g)",100,g,230,27,0,13,0
"Beef, steak, NFS","Beef, excludes ground","1 regular (160g)",100,g,229,27,0,12.9,0
"Beef, steak, chuck","Beef, excludes ground","Quantity not specified (160g)",100,g,225,26,0.2,13.4,0
"Beef, steak, cube","Beef, excludes ground","1 thin (120g)",100,g,187,28.8,0,7.1,0
"Beef, steak, flank","Beef, excludes ground","1 regular (160g)",100,g,243,29.1,0,14.1,0
"Beef, steak, ribeye, NS as to fat eaten","Beef, excludes ground","1 piece/slice, any size (30g)",100,g,260,25,0,17.7,0
"Beef, steak, ribeye, lean and fat eaten","Beef, excludes ground","1 cup (135g)",100,g,289,23.5,0,21.6,0
"Beef, steak, ribeye, lean only eaten","Beef, excludes ground","1 cup (135g)",100,g,230,26.5,0,13.8,0
"Beef, steak, round","Beef, excludes ground","1 regular (160g)",100,g,166,29.7,0,4.3,0
"Beef, steak, sirloin, NS as to fat eaten","Beef, excludes ground","1 cup (135g)",100,g,239,27.1,0,14,0
"Beef, steak, sirloin, lean and fat eaten","Beef, excludes ground","1 regular (160g)",100,g,262,26.2,0,16.7,0
"Beef, steak, sirloin, lean only eaten","Beef, excludes ground","1 cup (135g)",100,g,216,28.1,0,11.3,0
"Beef, steak, strip, NS as to fat eaten","Beef, excludes ground","Quantity not specified (240g)",100,g,239,27.1,0,14,0
"Beef, steak, strip, lean and fat eaten","Beef, excludes ground","1 cubic inch (17g)",100,g,262,26.2,0,16.7,0
"Beef, steak, strip, lean only eaten","Beef, excludes ground","1 cup (135g)",100,g,216,28.1,0,11.3,0
"Beef, steak, T-bone, NS as to fat eaten","Beef, excludes ground","Quantity not specified (300g)",100,g,252,26.2,0,15.6,0
"Beef, steak, T-bone, lean and fat eaten","Beef, excludes ground","1 oz yields (20g)",100,g,274,25.2,0,18.4,0
"Beef, steak, T-bone, lean only eaten","Beef, excludes ground","1 piece/slice, any size (30g)",100,g,230,27.1,0,12.7,0
"Beef, steak, tenderloin","Beef, excludes ground","1 oz yields (20g)",100,g,196,30.5,0,8.3,0
"Beef, steak, country fried","Beef, excludes ground","1 thick (240g)",100,g,306,19.9,7.9,21.1,0.3
"Beef, oxtails","Beef, excludes ground","1 cup (135g)",100,g,257,25.9,0,16.5,0
"Beef, neck bones","Beef, excludes ground","Quantity not specified (85g)",100,g,257,25.9,0,16.5,0
"Beef, shortribs","Beef, excludes ground","1 cup (135g)",100,g,253,18.2,12.1,14.1,0.3
"Beef, cow head","Beef, excludes ground","1 cup (135g)",100,g,257,25.9,0,16.5,0
"Beef, roast","Beef, excludes ground","1 cup (135g)",100,g,206,29.1,0,9.7,0
"Beef, pot roast","Beef, excludes ground","1 regular/thin slice (60g)",100,g,251,28.4,0,15.4,0
"Beef, stew meat","Beef, excludes ground","1 cup (135g)",100,g,251,28.4,0,15.4,0
"Beef, corned","Cold cuts and cured meats","1 oz yields (20g)",100,g,251,18.2,0.5,19,0
"Beef, brisket","Beef, excludes ground","Quantity not specified (60g)",100,g,231,29.4,0,12,0
"Beef, sandwich steak","Beef, excludes ground","Quantity not specified (60g)",100,g,326,18.3,0,27.6,0
"Beef, ground, raw","Ground beef","1 cup (225g)",100,g,213,18.4,0,14.9,0
"Beef, ground","Ground beef","1 cubic inch (17g)",100,g,261,25.6,0,16.8,0
"Beef, ground, patty","Ground beef","1 large patty (120g)",100,g,272,25.5,0,18.2,0
"Beef, bacon, cooked","Bacon","Guideline amount if topping (8g)",100,g,449,31.3,1.4,34.4,0
"Beef, bacon, reduced sodium, cooked","Bacon","Guideline amount on regular sandwich (12g)",100,g,541,37,1.4,41.8,0
"Beef, dried, chipped, uncooked","Cold cuts and cured meats","1 jar (2.5 oz) (71g)",100,g,153,31.1,2.8,1.9,0
"Beef, dried, chipped, cooked in fat","Cold cuts and cured meats","1 oz, yield after cooking (27g)",100,g,225,28.1,2.5,11.3,0
"Beef jerky","Cold cuts and cured meats","1 Big Jerk (6.7g)",100,g,410,33.2,11,25.6,1.8
"Baby Toddler beef","Baby food: meat and dinners","1 tablespoon (15g)",100,g,81,12,2.4,2.5,0
"Pork, NFS","Pork","1 cubic inch (17g)",100,g,192,27.1,0,8.7,0
"Pork, ground","Pork","Quantity not specified (85g)",100,g,299,26.9,0,21.2,0
"Pork, carnitas","Pork","1 oz yields (20g)",100,g,271,24.6,0,18.3,0
"Pork jerky","Cold cuts and cured meats","Quantity not specified (42g)",100,g,412,35,9.7,24.7,0
"Pork, chop, NS as to fat eaten","Pork","1 slice, any size (30g)",100,g,183,27.5,0,7.6,0
"Pork, chop, lean and fat eaten","Pork","1 cup (135g)",100,g,195,27,0,9.2,0
"Pork, chop, lean only eaten","Pork","1 slice, any size (30g)",100,g,171,28,0,5.9,0
"Pork, chop, coated, NS as to fat eaten","Pork","1 thick (180g)",100,g,219,25.5,7.2,9.2,0.4
"Pork, chop, coated, lean and fat eaten","Pork","1 cup (135g)",100,g,229,25.1,7.2,10.6,0.4
"Pork, chop, coated, lean only eaten","Pork","1 thin (90g)",100,g,208,26,7.2,7.7,0.4
"Pork, chop, stuffed","Meat mixed dishes","1 chop, any size (180g)",100,g,190,18.4,7.8,9,1
"Pork, steak, NS as to fat eaten","Pork","1 steak, any size (120g)",100,g,247,25.9,0,15.1,0
"Pork, steak, lean and fat eaten","Pork","1 steak, any size (120g)",100,g,264,25.2,0,17.4,0
"Pork, steak, lean only eaten","Pork","1 steak, any size (120g)",100,g,230,26.7,0,12.8,0
"Pork, steak, coated","Pork","1 cup (135g)",100,g,275,24.2,7.2,15.8,0.4
"Pork, tenderloin","Pork","Quantity not specified (60g)",100,g,134,24.7,0.1,3.4,0
"Ham","Cold cuts and cured meats","1 thick slice (90g)",100,g,117,19,1.6,3.9,0
"Ham, prosciutto","Cold cuts and cured meats","1 surface inch (0.4g)",100,g,195,27.8,0.3,8.3,0
"Ham, canned","Cold cuts and cured meats","1 oz yields (20g)",100,g,167,20.9,0.5,8.4,0
"Ham, ground","Cold cuts and cured meats","1 cup (125g)",100,g,167,20.9,0.5,8.4,0
"Pork, roast","Pork","1 cup (135g)",100,g,181,26.6,0,7.5,0
"Pork, roll","Cold cuts and cured meats","1 slice, any size (30g)",100,g,329,13.1,4.5,28.4,0
"Canadian bacon, cooked","Cold cuts and cured meats","1 oz, cooked (28.4g)",100,g,146,28.3,1.8,2.8,0
"Bacon, NS as to type of meat, cooked","Bacon","Guideline amount on regular sandwich (16g)",100,g,484,37.4,1.9,35.8,0
"Bacon, NS as to type of meat, reduced sodium, cooked","Bacon","Quantity not specified (16g)",100,g,253,13.3,4.8,20,0
"Pork bacon, NS as to fresh, smoked or cured, cooked","Bacon","1 medium slice (yield after cooking) (8g)",100,g,484,37.4,1.9,35.8,0
"Pork bacon, NS as to fresh, smoked or cured, reduced sodium, cooked","Bacon","Guideline amount on regular sandwich (16g)",100,g,541,37,1.4,41.8,0
"Pork bacon, smoked or cured, cooked","Bacon","Guideline amount on regular sandwich (16g)",100,g,468,33.9,1.7,35.1,0
"Bacon or side pork, fresh, cooked","Bacon","Guideline amount if topping (8g)",100,g,468,33.9,1.7,35.1,0
"Pork bacon, smoked or cured, reduced sodium, cooked","Bacon","Guideline amount on regular sandwich (16g)",100,g,541,37,1.4,41.8,0
"Fat back, cooked","Butter and animal fats","Quantity not specified (16g)",100,g,750,2.7,0,81.9,0
"Ribs, NFS","Pork","1 rib (yield after cooking, bone removed) (35g)",100,g,254,16.5,12.1,15,0.3
"Pork, ribs","Pork","1 rib (yield after cooking, bone removed) (35g)",100,g,254,16.2,12.1,15.1,0.3
"Pork, cracklings","Pork","Quantity not specified (90g)",100,g,569,45,0,41.7,0
"Pork, ears","Pork","1 item (85g)",100,g,236,26.2,0,13.8,0
"Pork, bones","Pork","1 neckbone (45g)",100,g,236,26.2,0,13.8,0
"Pork, pig's feet","Pork","Quantity not specified (85g)",100,g,236,21.8,0,15.9,0
"Pork, pig's feet, pickled","Pork","Quantity not specified (85g)",100,g,140,11.6,0,10,0
"Pork, ham hocks","Pork","1 ham hock (85g)",100,g,268,14.6,1.1,22.8,0
"Pork, belly","Pork","1 oz yields (20g)",100,g,404,26.6,0,32.2,0
"Pork skin rinds","Pork","Quantity not specified (30g)",100,g,544,61.3,0,31.3,0
"Baby Toddler ham","Baby food: meat and dinners","Quantity not specified (70g)",100,g,97,11.3,3.7,3.8,0
"Baby Toddler meat stick","Baby food: meat and dinners","1 jar (70g)",100,g,188,13.7,1.4,14.2,0.2
"Lamb, NS as to cut","Lamb, goat, game","1 oz yields (20g)",100,g,292,24.3,0,20.8,0
"Lamb, chop","Lamb, goat, game","1 oz yields (20g)",100,g,264,27.4,0,16.3,0
"Lamb, ground","Lamb, goat, game","1 oz yields (20g)",100,g,281,24.6,0,19.5,0
"Goat","Lamb, goat, game","1 cup (135g)",100,g,142,26.9,0,3,0
"Veal, chop","Beef, excludes ground","Quantity not specified (90g)",100,g,158,29.5,0.1,4.4,0
"Veal, ground","Ground beef","1 cubic inch (17g)",100,g,213,25.6,1.5,11.7,0
"Mock chicken legs","Beef, excludes ground","Quantity not specified (85g)",100,g,242,21.5,8,13.6,0.3
"Rabbit","Lamb, goat, game","1 cup (135g)",100,g,204,30.1,0,8.3,0
"Venison, NFS","Lamb, goat, game","1 cup (135g)",100,g,167,28.1,0,5.3,0
"Venison, steak","Lamb, goat, game","Quantity not specified (85g)",100,g,149,30,0,2.4,0
"Venison/deer jerky","Cold cuts and cured meats","1 strip or stick (4"" long) (14g)",100,g,398,32.2,14.7,22.4,0
"Venison sausage","Cold cuts and cured meats","1 patty (35g)",100,g,312,20.2,0,25.1,0
"Moose","Lamb, goat, game","1 cup (135g)",100,g,133,29,0,1,0
"Bear","Lamb, goat, game","Quantity not specified (85g)",100,g,257,32.2,0,13.3,0
"Caribou","Lamb, goat, game","1 cup (135g)",100,g,166,29.5,0,4.4,0
"Bison","Lamb, goat, game","1 patty (85g)",100,g,178,25.3,0,8.6,0
"Groundhog","Lamb, goat, game","1 cup (135g)",100,g,159,28.1,0,4.3,0
"Opossum","Lamb, goat, game","1 cup (135g)",100,g,219,30,0,10.1,0
"Squirrel","Lamb, goat, game","Quantity not specified (85g)",100,g,172,30.5,0,4.7,0
"Beaver","Lamb, goat, game","1 cup (135g)",100,g,210,34.6,0,6.9,0
"Raccoon","Lamb, goat, game","1 cup (135g)",100,g,253,29,0,14.4,0
"Armadillo","Lamb, goat, game","Quantity not specified (85g)",100,g,159,28.1,0,4.3,0
"Wild pig","Lamb, goat, game","Quantity not specified (85g)",100,g,159,28.1,0,4.3,0
"Ostrich","Turkey, duck, other poultry","1 cup (135g)",100,g,174,25.9,0,7,0
"Chicken, NS as to part and cooking method, NS as to skin eaten","Chicken, whole pieces","Quantity not specified (85g)",100,g,164,26.8,0,6.4,0
"Chicken, NS as to part and cooking method, skin eaten","Chicken, whole pieces","1 cup, cooked, diced (135g)",100,g,196,25.1,0.1,10.7,0
"Chicken, NS as to part and cooking method, skin not eaten","Chicken, whole pieces","1 piece (50g)",100,g,164,26.8,0,6.4,0
"Chicken, NS as to part, baked, broiled, or roasted, NS as to skin eaten","Chicken, whole pieces","1 piece (60g)",100,g,165,27.3,0,5.3,0
"Chicken, NS as to part, baked, broiled, or roasted, skin eaten","Chicken, whole pieces","1 cup, cooked, diced (135g)",100,g,203,24.7,0,10.8,0
"Chicken, NS as to part, baked, broiled, or roasted, skin not eaten","Chicken, whole pieces","1/2 chicken (yield after cooking, bone and skin removed) (245g)",100,g,165,27.3,0,5.3,0
"Chicken, NS as to part, rotisserie, NS as to skin eaten","Chicken, whole pieces","1 piece (60g)",100,g,164,26.8,0,6.4,0
"Chicken, NS as to part, rotisserie, skin eaten","Chicken, whole pieces","1 slice (60g)",100,g,196,25.1,0.1,10.7,0
"Chicken, NS as to part, rotisserie, skin not eaten","Chicken, whole pieces","1 oz, cooked (28.4g)",100,g,164,26.8,0,6.4,0
"Chicken, NS as to part, stewed, NS as to skin eaten","Chicken, whole pieces","1 slice (60g)",100,g,156,26,0,5.4,0
"Chicken, NS as to part, stewed, skin eaten","Chicken, whole pieces","1 piece (70g)",100,g,196,23.6,0,10.9,0
"Chicken, NS as to part, stewed, skin not eaten","Chicken, whole pieces","Quantity not specified (85g)",100,g,156,26,0,5.4,0
"Chicken, NS as to part, grilled without sauce, NS as to skin eaten","Chicken, whole pieces","1 cup, cooked, diced (135g)",100,g,179,26.7,0,7.2,0
"Chicken, NS as to part, grilled without sauce, skin eaten","Chicken, whole pieces","1 oz, cooked (28.4g)",100,g,217,24.2,0,12.6,0
"Chicken, NS as to part, grilled without sauce, skin not eaten","Chicken, whole pieces","1 slice (60g)",100,g,179,26.7,0,7.2,0
"Chicken, NS as to part, grilled with sauce, NS as to skin eaten","Chicken, whole pieces","Quantity not specified (85g)",100,g,180,22,7.3,6.4,0.2
"Chicken, NS as to part, grilled with sauce, skin eaten","Chicken, whole pieces","1 piece (85g)",100,g,211,19.9,7.3,10.7,0.2
"Chicken, NS as to part, grilled with sauce, skin not eaten","Chicken, whole pieces","1 piece (75g)",100,g,180,22,7.3,6.4,0.2
"Chicken, NS as to part, sauteed, skin eaten","Chicken, whole pieces","1 piece (60g)",100,g,217,24.2,0,12.6,0
"Chicken, NS as to part, sauteed, skin not eaten","Chicken, whole pieces","1 piece (60g)",100,g,179,26.7,0,7.2,0
"Chicken, NS as to part, fried, coated, skin / coating eaten","Chicken, whole pieces","Quantity not specified (85g)",100,g,251,21.8,7.1,15,0.2
"Chicken, NS as to part, fried, coated, skin / coating not eaten","Chicken, whole pieces","1 slice (60g)",100,g,164,26.2,0.1,6.6,0
"Chicken, NS as to part, baked, coated, skin / coating eaten","Chicken, whole pieces","1 piece (85g)",100,g,251,21.8,7.1,15,0.2
"Chicken, NS as to part, baked, coated, skin / coating not eaten","Chicken, whole pieces","1 cup, cooked, diced (135g)",100,g,164,26.2,0.1,6.6,0
"Chicken breast, NS as to cooking method, skin eaten","Chicken, whole pieces","1 medium slice (60g)",100,g,175,26.4,0.1,7.7,0
"Chicken breast, NS as to cooking method, skin not eaten","Chicken, whole pieces","1 medium slice (60g)",100,g,144,28,0,3.6,0
"Chicken breast, baked, broiled, or roasted, skin eaten, from raw","Chicken, whole pieces","1 large breast (145g)",100,g,192,26.3,0,8.8,0
"Chicken breast, baked, broiled, or roasted, skin not eaten, from raw","Chicken, whole pieces","1 large breast (135g)",100,g,161,30.2,0,3.5,0
"Chicken breast, baked or broiled, skin eaten, from pre-cooked","Chicken, whole pieces","1 small or thin slice (30g)",100,g,175,26.4,0.1,7.7,0
"Chicken breast, baked or broiled, skin not eaten, from pre-cooked","Chicken, whole pieces","1 medium breast (120g)",100,g,144,28,0,3.6,0
"Chicken breast, baked or broiled, skin eaten, from fast food / restaurant","Chicken, whole pieces","1 breast (130g)",100,g,206,25.7,0,10.6,0
"Chicken breast, baked or broiled, skin not eaten, from fast food / restaurant","Chicken, whole pieces","1 large or thick slice (85g)",100,g,176,29.6,0,5.4,0
"Chicken breast, baked, broiled, or roasted with marinade, skin eaten, from raw","Chicken, whole pieces","1 cup, cooked, diced (135g)",100,g,204,25.3,0.3,10.5,0
"Chicken breast, baked, broiled, or roasted with marinade, skin not eaten, from raw","Chicken, whole pieces","1 medium slice (60g)",100,g,175,29.1,0.3,5.4,0
"Chicken breast, rotisserie, skin eaten","Chicken, whole pieces","1 cup, cooked, diced (135g)",100,g,175,26.4,0.1,7.7,0
"Chicken breast, rotisserie, skin not eaten","Chicken, whole pieces","1 small or thin slice (30g)",100,g,144,28,0,3.6,0
"Chicken breast, stewed, skin eaten","Chicken, whole pieces","1 large or thick slice (85g)",100,g,181,24.7,0,8.3,0
"Chicken breast, stewed, skin not eaten","Chicken, whole pieces","1 large or thick slice (85g)",100,g,149,28,0,3.3,0
"Chicken breast, grilled without sauce, skin eaten","Chicken, whole pieces","1 breast quarter (yield after cooking, bone removed) (155g)",100,g,206,25.7,0,10.6,0
"Chicken breast, grilled without sauce, skin not eaten","Chicken, whole pieces","1 large or thick slice (85g)",100,g,176,29.6,0,5.5,0
"Chicken breast, grilled with sauce, skin eaten","Chicken, whole pieces","1 medium breast (175g)",100,g,202,21.2,7.3,9.2,0.2
"Chicken breast, grilled with sauce, skin not eaten","Chicken, whole pieces","1 breast, NS as to size (165g)",100,g,178,24.3,7.3,4.9,0.2
"Chicken breast, sauteed, skin eaten","Chicken, whole pieces","1 medium slice (60g)",100,g,206,25.7,0,10.6,0
"Chicken breast, sauteed, skin not eaten","Chicken, whole pieces","1 breast, NS as to size (120g)",100,g,176,29.6,0,5.5,0
"Chicken breast, fried, coated, skin / coating eaten, from raw","Chicken, whole pieces","1 large or thick slice (85g)",100,g,243,21.5,6,14.1,0.2
"Chicken breast, fried, coated, skin / coating not eaten, from raw","Chicken, whole pieces","1 medium breast (120g)",100,g,176,29.6,0,5.5,0
"Chicken breast, fried, coated, prepared skinless, coating eaten, from raw","Chicken, whole pieces","1 medium breast (165g)",100,g,219,24.6,6,10,0.2
"Chicken breast, fried, coated, skin / coating eaten, from pre-cooked","Chicken, whole pieces","1 oz, cooked (28.4g)",100,g,250,20.6,7.2,14.8,0.3
"Chicken breast, fried, coated, skin / coating not eaten, from pre-cooked","Chicken, whole pieces","Quantity not specified (120g)",100,g,176,29.6,0,5.5,0
"Chicken breast, fried, coated, skin / coating eaten, from fast food / restaurant","Chicken, whole pieces","1 breast (175g)",100,g,273,19.3,10.7,17,0.3
"Chicken breast, fried, coated, skin / coating not eaten, from fast food / restaurant","Chicken, whole pieces","Quantity not specified (120g)",100,g,213,22.8,6,10.8,0.2
"Chicken breast, baked, coated, skin / coating eaten","Chicken, whole pieces","1 oz, cooked (28.4g)",100,g,207,23.8,4,9.9,0.2
"Chicken breast, baked, coated, skin / coating not eaten","Chicken, whole pieces","1 large breast (135g)",100,g,176,29.6,0,5.5,0
"Chicken leg, drumstick and thigh, NS as to cooking method, skin eaten","Chicken, whole pieces","1 cup, cooked, diced (135g)",100,g,218,23.8,0.1,13.6,0
"Chicken leg, drumstick and thigh, NS as to cooking method, skin not eaten","Chicken, whole pieces","1 oz, cooked (28.4g)",100,g,185,25.5,0,9.2,0
"Chicken leg, drumstick and thigh, baked or broiled, skin eaten","Chicken, whole pieces","1 large leg (185g)",100,g,214,23.2,0,12.8,0
"Chicken leg, drumstick and thigh, baked or broiled, skin not eaten","Chicken, whole pieces","1 small leg (105g)",100,g,168,24.4,0,7.1,0
"Chicken leg, drumstick and thigh, rotisserie, skin eaten","Chicken, whole pieces","1 leg quarter (yield after cooking, bone removed) (140g)",100,g,218,23.8,0.1,13.6,0
"Chicken leg, drumstick and thigh, rotisserie, skin not eaten","Chicken, whole pieces","1 leg (120g)",100,g,185,25.5,0,9.2,0
"Chicken leg, drumstick and thigh, stewed, skin eaten","Chicken, whole pieces","1 oz, cooked (28.4g)",100,g,211,22.5,0,13.4,0
"Chicken leg, drumstick and thigh, stewed, skin not eaten","Chicken, whole pieces","1 medium leg (130g)",100,g,164,24.1,0,7.5,0
"Chicken leg, drumstick and thigh, grilled without sauce, skin eaten","Chicken, whole pieces","1 leg, NS as to size (140g)",100,g,228,22.7,0,14.5,0
"Chicken leg, drumstick and thigh, grilled without sauce, skin not eaten","Chicken, whole pieces","1 small leg (105g)",100,g,183,23.9,0,9,0
"Chicken leg, drumstick and thigh, grilled with sauce, skin eaten","Chicken, whole pieces","1 leg, NS as to size (195g)",100,g,220,18.6,7.3,12.3,0.2
"Chicken leg, drumstick and thigh, grilled with sauce, skin not eaten","Chicken, whole pieces","Quantity not specified (185g)",100,g,183,19.6,7.3,7.8,0.2
"Chicken leg, drumstick and thigh, sauteed, skin eaten","Chicken, whole pieces","1 leg, NS as to size (140g)",100,g,228,22.7,0,14.5,0
"Chicken leg, drumstick and thigh, sauteed, skin not eaten","Chicken, whole pieces","1 medium leg (120g)",100,g,183,23.9,0,9,0
"Chicken leg, drumstick and thigh, fried, coated, skin / coating eaten","Chicken, whole pieces","1 cup, cooked, diced (135g)",100,g,260,19,6,17.2,0.2
"Chicken leg, drumstick and thigh, fried, coated, skin / coating not eaten","Chicken, whole pieces","1 cup, cooked, diced (135g)",100,g,183,23.9,0,9,0
"Chicken leg, drumstick and thigh, baked, coated, skin / coating eaten","Chicken, whole pieces","Quantity not specified (195g)",100,g,226,21,4,13.4,0.2
"Chicken leg, drumstick and thigh, baked, coated, skin / coating not eaten","Chicken, whole pieces","1 large leg (155g)",100,g,183,23.9,0,9,0
"Chicken drumstick, NS as to cooking method, skin eaten","Chicken, whole pieces","1 oz, cooked (28.4g)",100,g,206,25.7,0.1,11.5,0
"Chicken drumstick, NS as to cooking method, skin not eaten","Chicken, whole pieces","Quantity not specified (50g)",100,g,172,27.7,0,6.8,0
"Chicken drumstick, baked, broiled, or roasted, skin eaten, from raw","Chicken, whole pieces","1 small drumstick (45g)",100,g,190,23.2,0,10.1,0
"Chicken drumstick, baked, broiled, or roasted, skin not eaten, from raw","Chicken, whole pieces","1 medium drumstick (50g)",100,g,154,24.1,0,5.7,0
"Chicken drumstick, baked or broiled, skin eaten, from pre-cooked","Chicken, whole pieces","1 cup, cooked, diced (135g)",100,g,206,25.7,0.1,11.5,0
"Chicken drumstick, baked or broiled, skin not eaten, from pre-cooked","Chicken, whole pieces","Quantity not specified (50g)",100,g,172,27.7,0,6.8,0
"Chicken drumstick, baked or broiled, skin eaten, from fast food / restaurant","Chicken, whole pieces","1 cup, cooked, diced (135g)",100,g,203,22.7,0,11.8,0
"Chicken drumstick, baked or broiled, skin not eaten, from fast food / restaurant","Chicken, whole pieces","1 cup, cooked, diced (135g)",100,g,168,23.5,0,7.5,0
"Chicken drumstick, rotisserie, skin eaten","Chicken, whole pieces","Quantity not specified (60g)",100,g,206,25.7,0.1,11.5,0
"Chicken drumstick, rotisserie, skin not eaten","Chicken, whole pieces","Quantity not specified (50g)",100,g,172,27.7,0,6.8,0
"Chicken drumstick, grilled without sauce, skin eaten","Chicken, whole pieces","1 drumstick, NS as to size (60g)",100,g,204,22.7,0,11.9,0
"Chicken drumstick, grilled without sauce, skin not eaten","Chicken, whole pieces","1 large drumstick (65g)",100,g,169,23.6,0,7.5,0
"Chicken drumstick, grilled with sauce, skin eaten","Chicken, whole pieces","Quantity not specified (85g)",100,g,200,18.7,7.3,10.2,0.2
"Chicken drumstick, grilled with sauce, skin not eaten","Chicken, whole pieces","1 oz, cooked (28.4g)",100,g,172,19.4,7.3,6.6,0.2
"Chicken drumstick, stewed, skin eaten","Chicken, whole pieces","1 large drumstick (90g)",100,g,186,22.5,0,10.6,0
"Chicken drumstick, stewed, skin not eaten","Chicken, whole pieces","1 large drumstick (70g)",100,g,148,23.7,0,5.9,0
"Chicken drumstick, sauteed, skin eaten","Chicken, whole pieces","1 small drumstick (45g)",100,g,204,22.7,0,11.9,0
"Chicken drumstick, sauteed, skin not eaten","Chicken, whole pieces","1 drumstick, NS as to size (50g)",100,g,169,23.6,0,7.5,0
"Chicken drumstick, fried, coated, skin / coating eaten, from raw","Chicken, whole pieces","1 large drumstick (110g)",100,g,241,19.1,6,15.1,0.2
"Chicken drumstick, fried, coated, skin / coating not eaten, from raw","Chicken, whole pieces","1 large drumstick (65g)",100,g,169,23.6,0,7.5,0
"Chicken drumstick, fried, coated, prepared skinless, coating eaten, from raw","Chicken, whole pieces","1 oz, cooked (28.4g)",100,g,212,19.7,6,11.6,0.2
"Chicken drumstick, fried, coated, skin / coating eaten, from pre-cooked","Chicken, whole pieces","1 small drumstick (65g)",100,g,247,18.3,7.2,15.7,0.3
"Chicken drumstick, fried, coated, skin / coating not eaten, from pre-cooked","Chicken, whole pieces","1 cup, cooked, diced (135g)",100,g,169,23.6,0,7.5,0
"Chicken drumstick, fried, coated, skin / coating eaten, from fast food / restaurant","Chicken, whole pieces","Quantity not specified (85g)",100,g,288,17.8,12.1,18.8,0.6
"Chicken drumstick, fried, coated, skin / coating not eaten, from fast food / restaurant","Chicken, whole pieces","1 oz, cooked (28.4g)",100,g,213,21.8,6.1,11.2,0.2
"Chicken drumstick, baked, coated, skin / coating eaten","Chicken, whole pieces","Quantity not specified (85g)",100,g,205,21,4,11,0.2
"Chicken drumstick, baked, coated, skin / coating not eaten","Chicken, whole pieces","1 cup, cooked, diced (135g)",100,g,169,23.6,0,7.5,0
"Chicken thigh, NS as to cooking method, skin eaten","Chicken, whole pieces","1 cup, cooked, diced (135g)",100,g,226,22.5,0.1,15.1,0
"Chicken thigh, NS as to cooking method, skin not eaten","Chicken, whole pieces","1 oz, cooked (28.4g)",100,g,193,24.1,0,10.7,0
"Chicken thigh, baked, broiled, or roasted, skin eaten, from raw","Chicken, whole pieces","1 large thigh (105g)",100,g,231,23.1,0,14.6,0
"Chicken thigh, baked, broiled, or roasted, skin not eaten, from raw","Chicken, whole pieces","1 large thigh (90g)",100,g,178,24.6,0,8.1,0
"Chicken thigh, baked or broiled, skin eaten, from pre-cooked","Chicken, whole pieces","Quantity not specified (80g)",100,g,226,22.5,0.1,15.1,0
"Chicken thigh, baked or broiled, skin not eaten, from pre-cooked","Chicken, whole pieces","1 cup, cooked, diced (135g)",100,g,193,24.1,0,10.7,0
"Chicken thigh, baked or broiled, skin eaten, from fast food / restaurant","Chicken, whole pieces","1 thigh (80g)",100,g,243,22.6,0,16.3,0
"Chicken thigh, baked or broiled, skin not eaten, from fast food / restaurant","Chicken, whole pieces","1 thigh (70g)",100,g,192,24,0,9.9,0
"Chicken thigh, rotisserie, skin eaten","Chicken, whole pieces","1 thigh (80g)",100,g,226,22.5,0.1,15.1,0
"Chicken thigh, rotisserie, skin not eaten","Chicken, whole pieces","1 thigh (70g)",100,g,193,24.1,0,10.7,0
"Chicken thigh, stewed, skin eaten","Chicken, whole pieces","1 oz, cooked (28.4g)",100,g,227,22.4,0,15.3,0
"Chicken thigh, stewed, skin not eaten","Chicken, whole pieces","1 small thigh (70g)",100,g,175,24.4,0,8.6,0
"Chicken thigh, grilled without sauce, skin eaten","Chicken, whole pieces","1 cup, cooked, diced (135g)",100,g,243,22.6,0,16.3,0
"Chicken thigh, grilled without sauce, skin not eaten","Chicken, whole pieces","1 oz, cooked (28.4g)",100,g,192,24.1,0,9.9,0
"Chicken thigh, grilled with sauce, skin eaten","Chicken, whole pieces","1 thigh, NS as to size (110g)",100,g,233,18.6,7.3,13.8,0.2
"Chicken thigh, grilled with sauce, skin not eaten","Chicken, whole pieces","1 cup, cooked, diced (165g)",100,g,191,19.8,7.3,8.6,0.2
"Chicken thigh, sauteed, skin eaten","Chicken, whole pieces","1 large thigh (105g)",100,g,243,22.6,0,16.3,0
"Chicken thigh, sauteed, skin not eaten","Chicken, whole pieces","1 large thigh (90g)",100,g,192,24.1,0,9.9,0
"Chicken thigh, fried, coated, skin / coating eaten, from raw","Chicken, whole pieces","1 oz, cooked (28.4g)",100,g,273,19,6,18.6,0.2
"Chicken thigh, fried, coated, skin / coating not eaten, from raw","Chicken, whole pieces","1 large thigh (90g)",100,g,192,24.1,0,9.9,0
"Chicken thigh, fried, coated, prepared skinless, coating eaten, from raw","Chicken, whole pieces","1 cup, cooked, diced (135g)",100,g,231,20.1,6,13.5,0.2
"Chicken thigh, fried, coated, skin / coating eaten, from pre-cooked","Chicken, whole pieces","Quantity not specified (110g)",100,g,277,18.2,7.2,19,0.3
"Chicken thigh, fried, coated, skin / coating not eaten, from pre-cooked","Chicken, whole pieces","1 large thigh (90g)",100,g,192,24.1,0,9.9,0
"Chicken thigh, fried, coated, skin / coating eaten, from fast food","Chicken, whole pieces","Quantity not specified (110g)",100,g,294,16.3,13,19.7,0.3
"Chicken thigh, fried, coated, skin / coating not eaten, from fast food","Chicken, whole pieces","1 thigh (70g)",100,g,218,19.4,6.3,12.8,0.2
"Chicken thigh, fried, coated, skin / coating eaten, from restaurant","Chicken, whole pieces","1 thigh (110g)",100,g,294,16.3,13,19.7,0.3
"Chicken thigh, fried, coated, skin / coating not eaten, from restaurant","Chicken, whole pieces","1 cup, cooked, diced (135g)",100,g,218,19.4,6.3,12.8,0.2
"Chicken thigh, baked, coated, skin / coating eaten","Chicken, whole pieces","Quantity not specified (110g)",100,g,240,21,4,15,0.2
"Chicken thigh, baked, coated, skin / coating not eaten","Chicken, whole pieces","1 thigh, NS as to size (70g)",100,g,192,24.1,0,9.9,0
"Chicken wing, NS as to cooking method","Chicken, whole pieces","Quantity not specified (70g)",100,g,257,23.4,0.6,18,0
"Chicken wing, baked, broiled, or roasted, from raw","Chicken, whole pieces","1 wing, any size (35g)",100,g,252,23.6,0,16.7,0
"Chicken wing, baked or broiled, from pre-cooked","Chicken, whole pieces","Quantity not specified (70g)",100,g,257,23.4,0.6,18,0
"Chicken wing, baked or broiled, from fast food / restaurant","Chicken, whole pieces","Quantity not specified (70g)",100,g,264,23.1,0,18.4,0
"Chicken wing, rotisserie","Chicken, whole pieces","1 wing, any size (35g)",100,g,257,23.4,0.6,18,0
"Chicken wing, stewed","Chicken, whole pieces","1 drummette (22g)",100,g,247,22.6,0,16.7,0
"Chicken wing, grilled without sauce","Chicken, whole pieces","1 drummette (22g)",100,g,265,23.1,0,18.4,0
"Chicken wing, grilled with sauce","Chicken, whole pieces","1 drummette (22g)",100,g,250,19,7.3,15.5,0.2
"Chicken wing, sauteed","Chicken, whole pieces","1 drummette (22g)",100,g,265,23.1,0,18.4,0
"Chicken wing, fried, coated, from raw","Chicken, whole pieces","Quantity not specified (110g)",100,g,289,19.4,6,20.2,0.2
"Chicken wing, fried, coated, from pre-cooked","Chicken, whole pieces","1 drummette (22g)",100,g,294,18.6,7.2,20.6,0.3
"Chicken wing, fried, coated, from fast food","Chicken, whole pieces","1 drummette (22g)",100,g,323,17.8,15,21.3,0.3
"Chicken wing, fried, coated, from restaurant","Chicken, whole pieces","Quantity not specified (110g)",100,g,323,17.8,15,21.3,0.3
"Chicken wing, baked, coated","Chicken, whole pieces","1 wing, any size (55g)",100,g,260,21.4,4,16.9,0.2
"Chicken ""wings"" with hot sauce, from fast food / restaurant","Chicken, whole pieces","1 drummette (35g)",100,g,272,16.8,6.2,20.2,0.1
"Chicken ""wings"" with other sauces or seasoning, from fast food / restaurant","Chicken, whole pieces","Quantity not specified (140g)",100,g,276,17,13.1,17.4,0.2
"Chicken ""wings"", plain, from fast food / restaurant","Chicken, whole pieces","Quantity not specified (88g)",100,g,323,17.8,15,21.3,0.3
"Chicken ""wings"" with hot sauce, from precooked","Chicken, whole pieces","Quantity not specified (140g)",100,g,254,17.6,2.5,19.5,0
"Chicken ""wings"" with other sauces or seasoning, from precooked","Chicken, whole pieces","Quantity not specified (140g)",100,g,258,17.7,9.4,16.7,0.2
"Chicken ""wings"", plain, from precooked","Chicken, whole pieces","1 drummette (22g)",100,g,294,18.6,7.2,20.6,0.3
"Chicken ""wings"" with hot sauce, from other sources","Chicken, whole pieces","1 drummette (35g)",100,g,267,17,5.1,20,0.1
"Chicken ""wings"" with other sauces or seasoning, from other sources","Chicken, whole pieces","1 drummette (35g)",100,g,271,17.2,12,17.2,0.2
"Chicken ""wings"", plain, from other sources","Chicken, whole pieces","Quantity not specified (88g)",100,g,314,18,12.6,21.1,0.3
"Chicken ""wings"", boneless, with hot sauce, from fast food / restaurant","Chicken, whole pieces","Quantity not specified (140g)",100,g,282,12.4,20,16.9,0.9
"Chicken ""wings"", boneless, with hot sauce, from other sources","Chicken, whole pieces","1 boneless wing (35g)",100,g,232,11.4,20,11.8,1.5
"Chicken, back","Chicken, whole pieces","Quantity not specified (85g)",100,g,298,25.7,0,20.8,0
"Chicken, neck or ribs","Chicken, whole pieces","1 neck (yield after cooking, bone removed) (35g)",100,g,245,19.5,0,18,0
"Chicken, tail","Chicken, whole pieces","Quantity not specified (30g)",100,g,454,20.4,0,40.7,0
"Chicken skin","Chicken, whole pieces","Quantity not specified (30g)",100,g,450,20.2,0,40.3,0
"Chicken feet","Chicken, whole pieces","Quantity not specified (85g)",100,g,215,19.4,0.2,14.6,0
"Chicken, canned, meat only","Chicken, whole pieces","1 can (5 oz) yields (125g)",100,g,185,25.3,0.9,8.1,0
"Chicken, chicken roll, roasted","Chicken, whole pieces","1 cup, diced (135g)",100,g,164,26.7,0,6.3,0
"Chicken patty, breaded","Chicken patties, nuggets and tenders","1 patty (75g)",100,g,287,14.9,12.8,19.6,0.3
"Chicken fillet, breaded","Chicken patties, nuggets and tenders","1 cubic inch (17g)",100,g,240,14.6,14.9,13.6,1.7
"Chicken fillet, grilled","Chicken patties, nuggets and tenders","Quantity not specified (100g)",100,g,151,22.3,2.4,5.8,0
"Chicken, ground","Chicken, whole pieces","1 oz, cooked (28.4g)",100,g,201,27.1,0,10.3,0
"Chicken nuggets, NFS","Chicken patties, nuggets and tenders","1 cup (140g)",100,g,307,15.9,14.9,20.4,0.9
"Chicken nuggets, from fast food","Chicken patties, nuggets and tenders","1 chicken bite (16g)",100,g,307,15.9,14.9,20.4,0.9
"Chicken nuggets, from restaurant","Chicken patties, nuggets and tenders","1 cup (140g)",100,g,307,15.9,14.9,20.4,0.9
"Chicken nuggets, from school lunch","Chicken patties, nuggets and tenders","1 cup (140g)",100,g,270,15.7,22.9,12.9,2.2
"Chicken nuggets, from frozen","Chicken patties, nuggets and tenders","Quantity not specified (80g)",100,g,298,13.4,17.9,19.2,1.8
"Chicken nuggets, from other sources","Chicken patties, nuggets and tenders","1 nugget (16g)",100,g,304,15.2,15.8,20,1.2
"Chicken tenders or strips, NFS","Chicken patties, nuggets and tenders","1 chicken fry (14g)",100,g,271,19.2,17.3,14,1.2
"Chicken tenders or strips, breaded, from fast food","Chicken patties, nuggets and tenders","1 chicken fry (14g)",100,g,271,19.2,17.3,14,1.2
"Chicken tenders or strips, breaded, from restaurant","Chicken patties, nuggets and tenders","1 tender, strip, or finger (50g)",100,g,283,18.8,16.9,15.6,1.2
"Chicken tenders or strips, breaded, from school lunch","Chicken patties, nuggets and tenders","Quantity not specified (80g)",100,g,270,15.7,22.9,12.9,2.2
"Chicken tenders or strips, breaded, from frozen","Chicken patties, nuggets and tenders","1 tender or finger (17g)",100,g,240,14.6,14.9,13.6,1.7
"Chicken tenders or strips, breaded, from other sources","Chicken patties, nuggets and tenders","1 tender, strip, or finger (50g)",100,g,262,17.8,16.5,13.8,1.4
"Turkey, NFS","Turkey, duck, other poultry","1 medium slice (60g)",100,g,139,28.8,0,2.1,0
"Turkey, light meat, skin not eaten","Turkey, duck, other poultry","1 oz, boneless, cooked, skinless (28.4g)",100,g,139,28.8,0,2.1,0
"Turkey, light meat, skin eaten","Turkey, duck, other poultry","Quantity not specified (85g)",100,g,169,28.3,0,5.6,0
"Turkey, light meat, breaded, baked or fried, skin not eaten","Turkey, duck, other poultry","1 cup, cooked, diced (135g)",100,g,173,27.3,6.5,3.7,0.4
"Turkey, light meat, breaded, baked or fried, skin eaten","Turkey, duck, other poultry","1 small or thin slice (30g)",100,g,200,26.8,6.5,6.8,0.4
"Turkey, light meat, roasted, skin not eaten","Turkey, duck, other poultry","1 oz, boneless, cooked, skinless (28.4g)",100,g,139,28.8,0,2.1,0
"Turkey, light meat, roasted, skin eaten","Turkey, duck, other poultry","1 small or thin slice (30g)",100,g,169,28.3,0,5.6,0
"Turkey, dark meat, roasted, skin not eaten","Turkey, duck, other poultry","Quantity not specified (85g)",100,g,167,26.9,0,6,0
"Turkey, dark meat, roasted, skin eaten","Turkey, duck, other poultry","1 cup, diced, cooked (135g)",100,g,202,26.5,0.1,10.2,0
"Turkey, light and dark meat, roasted, skin not eaten","Turkey, duck, other poultry","1 large or thick slice (85g)",100,g,151,28,0,3.8,0
"Turkey, light and dark meat, roasted, skin eaten","Turkey, duck, other poultry","Quantity not specified (85g)",100,g,183,27.5,0,7.5,0
"Turkey, light or dark meat, fried, coated, skin not eaten","Turkey, duck, other poultry","1 cup, cooked, diced (135g)",100,g,165,27.2,1.4,5.1,0
"Turkey, light or dark meat, fried, coated, skin eaten","Turkey, duck, other poultry","1 medium slice (57g)",100,g,192,26.2,1.4,8.5,0
"Turkey, light or dark meat, stewed, skin not eaten","Turkey, duck, other poultry","1 cup, cooked, diced (135g)",100,g,158,31.2,0.2,2.7,0
"Turkey light or dark meat, stewed, skin eaten","Turkey, duck, other poultry","1 cup, diced, cooked (135g)",100,g,204,30.3,0.1,8.5,0
"Turkey, light or dark meat, smoked, skin eaten","Turkey, duck, other poultry","Quantity not specified (85g)",100,g,208,28.1,0,9.7,0
"Turkey, light or dark meat, smoked, skin not eaten","Turkey, duck, other poultry","1 oz, boneless, cooked, skinless (28.4g)",100,g,162,29.3,0,5,0
"Turkey, drumstick, cooked, skin not eaten","Turkey, duck, other poultry","1 cup, cooked, diced (135g)",100,g,144,28.5,0,3.4,0
"Turkey, drumstick, cooked, skin eaten","Turkey, duck, other poultry","1 cup, diced, cooked (135g)",100,g,206,27.6,0,9.7,0
"Turkey, drumstick, roasted, skin not eaten","Turkey, duck, other poultry","Quantity not specified (85g)",100,g,144,28.5,0,3.4,0
"Turkey, drumstick, roasted, skin eaten","Turkey, duck, other poultry","Quantity not specified (85g)",100,g,203,26.9,0,10.1,0
"Turkey, thigh, cooked, skin eaten","Turkey, duck, other poultry","1 medium thigh (approx 14 to 18 lb bird) (yield after cooking, bone removed) (300g)",100,g,182,24.4,0.3,9.3,0
"Turkey, thigh, cooked, skin not eaten","Turkey, duck, other poultry","1 medium thigh (approx 14 to 18 lb bird) (yield after cooking, bone and skin removed) (275g)",100,g,161,26.9,0,6,0
"Turkey, neck","Turkey, duck, other poultry","Quantity not specified (85g)",100,g,161,22.3,0,7.3,0
"Turkey, wing, cooked, skin not eaten","Turkey, duck, other poultry","1 small wing (yield after cooking, bone and skin removed) (60g)",100,g,139,28.8,0,2.1,0
"Turkey, wing, cooked, skin eaten","Turkey, duck, other poultry","1 large wing (yield after cooking, bone removed) (240g)",100,g,202,26.9,0,10,0
"Turkey, tail","Turkey, duck, other poultry","Quantity not specified (85g)",100,g,294,22.3,0,22.8,0
"Turkey, back","Turkey, duck, other poultry","1 back (yield after cooking, bone removed) (525g)",100,g,203,25.6,0,11.3,0
"Turkey, canned","Turkey, duck, other poultry","1 can (5 oz) yields (125g)",100,g,185,25.3,0.9,8.1,0
"Turkey, ground","Turkey, duck, other poultry","Quantity not specified (85g)",100,g,211,26.9,0,11.5,0
"Turkey, nuggets","Turkey, duck, other poultry","1 cup (140g)",100,g,236,22.2,17.1,8.7,1.1
"Turkey bacon, cooked","Bacon","1 slice, NFS (11g)",100,g,368,29.5,4.2,25.9,0
"Turkey bacon, reduced sodium, cooked","Bacon","1 medium slice (yield after cooking) (11g)",100,g,253,13.3,4.8,20,0
"Duck, cooked, skin eaten","Turkey, duck, other poultry","1 wing (yield after cooking, bone removed) (50g)",100,g,336,18.9,0,28.2,0
"Duck, cooked, skin not eaten","Turkey, duck, other poultry","1 cup, cooked, diced (140g)",100,g,200,23.4,0,11.2,0
"Duck, roasted, skin eaten","Turkey, duck, other poultry","1 breast (120g)",100,g,336,18.9,0,28.2,0
"Duck, roasted, skin not eaten","Turkey, duck, other poultry","1 wing (yield after cooking, bone and skin removed) (40g)",100,g,200,23.4,0,11.2,0
"Duck, Peking","Turkey, duck, other poultry","Quantity not specified (85g)",100,g,154,5.3,6.5,11.8,0.3
"Goose, wild, roasted","Turkey, duck, other poultry","Quantity not specified (85g)",100,g,304,25.1,0,21.8,0
"Cornish game hen, cooked, skin eaten","Turkey, duck, other poultry","1 wing (yield after cooking, bone removed) (20g)",100,g,257,22.1,0,18.1,0
"Cornish game hen, cooked, skin not eaten","Turkey, duck, other poultry","1 wing (yield after cooking, bone and skin removed) (15g)",100,g,133,23.1,0,3.8,0
"Cornish game hen, roasted, skin eaten","Turkey, duck, other poultry","Quantity not specified (85g)",100,g,257,22.1,0,18.1,0
"Cornish game hen, roasted, skin not eaten","Turkey, duck, other poultry","1 hen (1-1/4 lb, raw) (yield after cooking, bone and skin removed) (250g)",100,g,133,23.1,0,3.8,0
"Dove, cooked, NS as to cooking method","Turkey, duck, other poultry","1 dove (yield after cooking, bone removed) (110g)",100,g,212,23.8,0,13,0
"Dove, fried","Turkey, duck, other poultry","Quantity not specified (85g)",100,g,223,23.1,1.5,13.8,0
"Quail, cooked","Turkey, duck, other poultry","Quantity not specified (85g)",100,g,226,25,0,14,0
"Pheasant, cooked","Turkey, duck, other poultry","1 cup, diced, cooked (135g)",100,g,238,32.3,0,12.1,0
"Baby Toddler chicken","Baby food: meat and dinners","1 tablespoon (15g)",100,g,130,13.7,0.1,7.9,0
"Baby Toddler turkey","Baby food: meat and dinners","1 tablespoon (15g)",100,g,111,11.5,1.4,6.2,0
"Liver, beef","Liver and organ meats","1 slice, any size (85g)",100,g,174,26.3,5.1,4.6,0
"Liver, chicken","Liver and organ meats","1 liver (22g)",100,g,189,20,6.5,8.7,0.2
"Liver, paste or pate","Liver and organ meats","Quantity not specified (85g)",100,g,201,13.5,6.6,13.1,0
"Heart","Liver and organ meats","1 oz yields (20g)",100,g,164,28.3,0.2,4.7,0
"Kidney","Liver and organ meats","1 kidney (230g)",100,g,157,27.1,0,4.6,0
"Sweetbreads","Liver and organ meats","1 oz yields (20g)",100,g,124,22.5,0,3.1,0
"Brains","Liver and organ meats","1 cup (140g)",100,g,150,11.6,1.5,10.5,0
"Tongue","Liver and organ meats","1 oz yields (20g)",100,g,282,19.1,0,22.1,0
"Tongue pot roast, Puerto Rican style","Liver and organ meats","1 slice (5"" x 2"" x 1"") (110g)",100,g,317,21,0.3,25,0.1
"Tripe","Liver and organ meats","1 cup (140g)",100,g,89,12.6,0,3.9,0
"Chitterlings","Liver and organ meats","1 oz yields (20g)",100,g,231,12.4,0,20.2,0
"Hog maws","Liver and organ meats","Quantity not specified (85g)",100,g,250,26.5,0,16,0
"Gizzard","Liver and organ meats","Quantity not specified (85g)",100,g,153,30.2,0,2.7,0
"Hot dog, NFS","Frankfurters","1 cocktail/miniature (10g)",100,g,310,11.7,2.9,28,0
"Hot dog, beef","Frankfurters","1 cup, sliced (150g)",100,g,310,11.7,2.9,28,0
"Hot dog, meat and poultry","Frankfurters","1 bun length/jumbo (57g)",100,g,277,9.7,5,24.2,0
"Hot dog, reduced fat","Frankfurters","1 bun length/jumbo (57g)",100,g,216,13.8,5.1,15.7,0
"Hot dog, turkey","Frankfurters","1 regular (57g)",100,g,223,12.2,3.8,17.3,0
"Beef sausage","Sausages","1 cup, NFS (138g)",100,g,341,13.3,3.4,28.7,0
"Beef sausage with cheese","Sausages","1 cup, NFS (138g)",100,g,341,13.7,3.8,28.5,0
"Blood sausage","Sausages","1 cubic inch (18g)",100,g,379,14.6,1.3,34.5,0
"Bratwurst","Sausages","1 cubic inch (15g)",100,g,333,13.7,2.9,29.2,0
"Bratwurst, with cheese","Sausages","1 cup, NFS (140g)",100,g,334,14,3.3,29,0
"Bologna","Cold cuts and cured meats","Guideline amount on large sandwich (84g)",100,g,281,10.3,6.3,23.8,0
"Bologna, reduced fat","Cold cuts and cured meats","Guideline amount on regular sandwich (56g)",100,g,204,11.8,5.2,14.8,0
"Bologna, reduced sodium","Cold cuts and cured meats","Guideline amount on large sandwich (84g)",100,g,281,10.3,6.3,23.8,0
"Chorizo","Sausages","1 breakfast size link (20g)",100,g,341,19.3,2.6,28.1,0
"Head cheese","Cold cuts and cured meats","Quantity not specified (56g)",100,g,157,13.8,0,10.9,0
"Knockwurst","Sausages","1 cubic inch (17g)",100,g,307,11.1,3.2,27.7,0
"Mortadella","Cold cuts and cured meats","Quantity not specified (30g)",100,g,311,16.4,3.1,25.4,0
"Pastrami, NFS","Cold cuts and cured meats","Guideline amount on regular sandwich (56g)",100,g,147,21.8,0.4,5.8,0
"Pastrami, made from any kind of meat, reduced fat","Cold cuts and cured meats","1 slice, NFS (28g)",100,g,115,18.6,0.6,3.7,0
"Pepperoni, NFS","Cold cuts and cured meats","1 slice (2g)",100,g,504,19.3,1.2,46.3,0
"Pepperoni, reduced fat","Cold cuts and cured meats","1 sausage (10-1/4"" long  x 1-3/8"" dia) (251g)",100,g,378,21.1,0.7,31.7,0
"Pepperoni, reduced sodium","Cold cuts and cured meats","Quantity not specified (56g)",100,g,504,19.3,1.2,46.3,0
"Polish sausage","Sausages","1 piece (75g)",100,g,337,12.5,5,29.7,0
"Italian sausage","Sausages","1 slice (15g)",100,g,317,18.2,2.2,26.2,0
"Sausage, NFS","Sausages","1 oz, cooked (28.4g)",100,g,325,18.5,1.4,27.3,0
"Pork sausage","Sausages","1 cocktail or miniature link (10g)",100,g,325,18.5,1.4,27.3,0
"Pork sausage, reduced fat","Sausages","1 piece (75g)",100,g,267,20.9,0.2,20.3,0
"Pork sausage, reduced sodium","Sausages","1 patty (35g)",100,g,233,19.9,13.3,11.1,0
"Pork and beef sausage","Sausages","Quantity not specified (60g)",100,g,333,15.9,2.4,28,0
"Salami, NFS","Cold cuts and cured meats","1 slice, NFS (28g)",100,g,378,21.1,0.7,31.7,0
"Salami, made from any type of meat, reduced fat","Cold cuts and cured meats","1 cup (140g)",100,g,172,19.2,1.6,9.2,0.1
"Salami, made from any type of meat, reduced sodium","Cold cuts and cured meats","Quantity not specified (56g)",100,g,378,21.1,0.7,31.7,0
"Scrapple, cooked","Sausages","Quantity not specified (60g)",100,g,227,8.6,15,14.8,0.3
"Thuringer","Sausages","1 cup (140g)",100,g,362,17.5,3.3,30.4,0
"Turkey or chicken sausage","Sausages","1 bun-size or griller link (75g)",100,g,193,19.7,1.1,12.2,0
"Turkey or chicken sausage, reduced sodium","Sausages","1 oz, cooked (28.4g)",100,g,230,20,13.3,10.7,0
"Turkey or chicken and pork sausage","Sausages","1 patty (35g)",100,g,307,22.7,0.7,23,0
"Vienna sausage, canned","Sausages","Quantity not specified (60g)",100,g,230,10.5,2.6,19.4,0
"Pickled sausage","Sausages","1 sausage (14g)",100,g,314,18.1,2.1,26,0
"Luncheon meat, NFS","Cold cuts and cured meats","1 slice, NFS (28g)",100,g,101,16.7,0.3,3.7,0
"Ham, prepackaged or deli, luncheon meat","Cold cuts and cured meats","Guideline amount on regular sandwich (56g)",100,g,101,16.7,0.3,3.7,0
"Ham, prepackaged or deli, luncheon meat, reduced sodium","Cold cuts and cured meats","Guideline amount on large sandwich (84g)",100,g,101,16.7,0.3,3.7,0
"Chicken, prepackaged or deli, luncheon meat","Cold cuts and cured meats","Guideline amount on regular sandwich (56g)",100,g,98,17.4,2.9,1.9,0
"Chicken, prepackaged or deli, luncheon meat, reduced sodium","Cold cuts and cured meats","1 slice, NFS (28g)",100,g,98,17.4,2.9,1.9,0
"Ham luncheon meat, loaf type","Cold cuts and cured meats","Quantity not specified (56g)",100,g,117,18,1.6,4.4,0
"Spam","Cold cuts and cured meats","Guideline amount on regular sandwich (56g)",100,g,315,13.4,4.6,26.6,0
"Spam, reduced sodium","Cold cuts and cured meats","1 cup, pieces (140g)",100,g,293,12.5,3.4,25.1,0
"Liverwurst","Cold cuts and cured meats","1 slice, NFS (28g)",100,g,327,14.5,3.1,28.5,0
"Luncheon meat, loaf type","Cold cuts and cured meats","Guideline amount on large sandwich (84g)",100,g,225,11.2,8.5,16,1.5
"Turkey, prepackaged or deli, luncheon meat","Cold cuts and cured meats","Quantity not specified (56g)",100,g,106,14.8,2.2,3.8,0
"Turkey, prepackaged or deli, luncheon meat, reduced sodium","Cold cuts and cured meats","Guideline amount on large sandwich (84g)",100,g,106,14.8,2.2,3.8,0
"Turkey ham, prepackaged or deli, luncheon meat","Cold cuts and cured meats","Guideline amount on regular sandwich (56g)",100,g,106,14.8,2.2,3.8,0
"Beef, prepackaged or deli, luncheon meat","Cold cuts and cured meats","Guideline amount on regular sandwich (56g)",100,g,115,18.6,0.6,3.7,0
"Beef, prepackaged or deli, luncheon meat, reduced sodium","Cold cuts and cured meats","1 cup, pieces (140g)",100,g,115,18.6,0.6,3.7,0
"Meat spread or potted meat, NFS","Cold cuts and cured meats","1 can (5.5 oz) (156g)",100,g,235,7.7,11.9,17.3,0.2
"Chicken salad spread","Cold cuts and cured meats","Quantity not specified (42g)",100,g,200,11.6,7.4,13.5,0
"Ham salad spread","Cold cuts and cured meats","1 cup (253g)",100,g,216,8.7,10.6,15.5,0
"Fish, raw","Fish","Quantity not specified (85g)",100,g,94,17.2,0,2.3,0
"Fish, NFS","Fish","1 cubic inch (17g)",100,g,238,19.3,6.6,14.5,0.3
"Fish, NS as to type, baked or broiled","Fish","1 cubic inch (17g)",100,g,208,23,0,12.4,0
"Fish, NS as to type, baked or broiled, coated","Fish","1 small/regular fillet (90g)",100,g,223,20.7,7.8,11.7,0.3
"Fish, NS as to type, fried","Fish","1 cubic inch (17g)",100,g,269,16.1,11.7,17.2,0.5
"Fish, NS as to type, steamed","Fish","1 small/regular fillet (90g)",100,g,171,23.4,0,8.1,0
"Fish, canned","Fish","Quantity not specified (85g)",100,g,156,23.2,0,6.3,0
"Fish, smoked","Fish","Quantity not specified (85g)",100,g,116,25.2,0,1,0
"Fish, stick","Fish","1 nugget (20g)",100,g,277,11,21.7,16.2,1.5
"Fish, anchovy","Fish","1 can (45g)",100,g,210,28.9,0,9.7,0
"Fish, carp","Fish","Quantity not specified (90g)",100,g,213,20,7.8,10.7,0.3
"Fish, catfish, NFS","Fish","1 large fillet (135g)",100,g,255,13.5,11.7,16.7,0.5
"Fish, catfish, baked or broiled","Fish","1 whole fish, any size (270g)",100,g,189,18.9,0,11.9,0
"Fish, catfish, grilled","Fish","1 small/regular fillet (90g)",100,g,171,19.3,0,9.8,0
"Fish, catfish, baked or broiled, coated","Fish","1 oz yields (20g)",100,g,205,17.2,7.8,11.1,0.3
"Fish, catfish, fried","Fish","Quantity not specified (90g)",100,g,255,13.5,11.7,16.7,0.5
"Fish, catfish, steamed","Fish","1 large fillet (135g)",100,g,150,19.2,0,7.5,0
"Fish, cod, NFS","Fish","Quantity not specified (140g)",100,g,217,13.5,11.7,12.5,0.5
"Fish, cod, baked or broiled","Fish","1 oz yields (20g)",100,g,126,19,0,5,0
"Fish, cod, grilled","Fish","1 small/regular fillet (140g)",100,g,108,19.4,0,2.8,0
"Fish, cod, baked or broiled, coated","Fish","1 small/regular fillet (140g)",100,g,152,17.3,7.8,5.3,0.3
"Fish, cod, fried","Fish","1 large fillet (210g)",100,g,217,13.5,11.7,12.5,0.5
"Fish, cod, steamed","Fish","1 whole fish, any size (420g)",100,g,87,19.3,0,0.5,0
"Fish, croaker","Fish","Quantity not specified (90g)",100,g,189,19.9,7.8,8.2,0.3
"Fish, eel","Fish","1 cubic inch (17g)",100,g,273,20.6,7.8,17.1,0.3
"Fish, flounder, NFS","Fish","1 oz yields (20g)",100,g,128,15.4,0,6.9,0
"Fish, flounder, baked or broiled","Fish","1 small/regular fillet (90g)",100,g,128,15.4,0,6.9,0
"Fish, flounder, grilled","Fish","1 cup (135g)",100,g,109,15.7,0,4.7,0
"Fish, flounder, baked or broiled, coated","Fish","Quantity not specified (90g)",100,g,153,14.3,7.8,6.9,0.3
"Fish, flounder, fried","Fish","1 whole fish, any size (270g)",100,g,217,11.4,11.7,13.6,0.5
"Fish, flounder, steamed","Fish","1 oz yields (20g)",100,g,88,15.7,0,2.4,0
"Fish, haddock, NFS","Fish","Quantity not specified (140g)",100,g,217,14.3,11.7,12.5,0.5
"Fish, haddock, baked or broiled","Fish","1 small/regular fillet (140g)",100,g,126,20.3,0,5.1,0
"Fish, haddock, grilled","Fish","1 oz yields (20g)",100,g,108,20.7,0,2.8,0
"Fish, haddock, baked or broiled, coated","Fish","Quantity not specified (140g)",100,g,152,18.4,7.8,5.3,0.3
"Fish, haddock, fried","Fish","1 cup (135g)",100,g,217,14.3,11.7,12.5,0.5
"Fish, haddock, steamed","Fish","1 cubic inch (17g)",100,g,87,20.6,0,0.6,0
"Fish, halibut","Fish","1 oz yields (20g)",100,g,175,20.7,7.8,6.2,0.3
"Fish, herring","Fish","1 oz yields (20g)",100,g,245,20.1,7.8,14.3,0.3
"Fish, pickled","Fish","Quantity not specified (85g)",100,g,262,14.2,9.6,18,0
"Fish, mackerel, NFS","Fish","1 large fillet (210g)",100,g,237,24.9,0,14.3,0
"Fish, mackerel, baked or broiled","Fish","Quantity not specified (140g)",100,g,237,24.9,0,14.3,0
"Fish, mackerel, grilled","Fish","1 small/regular fillet (140g)",100,g,221,25.5,0,12.3,0
"Fish, mackerel, baked or broiled, coated","Fish","1 cubic inch (17g)",100,g,245,22.3,7.8,13.1,0.3
"Fish, mackerel, fried","Fish","1 cubic inch (17g)",100,g,284,17.2,11.7,18.2,0.5
"Fish, mackerel, canned","Fish","1 standard can (75g)",100,g,156,23.2,0,6.3,0
"Fish, mullet","Fish","1 fillet, any size (140g)",100,g,202,21.6,7.8,8.8,0.3
"Fish, perch, NFS","Fish","Quantity not specified (90g)",100,g,224,13.6,11.7,13.3,0.5
"Fish, perch, baked or broiled","Fish","1 whole fish, any size (270g)",100,g,139,19,0,6.5,0
"Fish, perch, grilled","Fish","1 cup (135g)",100,g,121,19.4,0,4.2,0
"Fish, perch, baked or broiled, coated","Fish","1 large fillet (135g)",100,g,163,17.3,7.8,6.5,0.3
"Fish, perch, fried","Fish","1 cubic inch (17g)",100,g,224,13.6,11.7,13.3,0.5
"Fish, perch, steamed","Fish","1 cup (135g)",100,g,115,24.5,0,1.2,0
"Fish, pike","Fish","1 steak (210g)",100,g,172,21.5,7.8,5.6,0.3
"Fish, pompano, NFS","Fish","Quantity not specified (90g)",100,g,244,23,0,16.3,0
"Fish, pompano, baked or broiled","Fish","1 small/regular fillet (90g)",100,g,244,23,0,16.3,0
"Fish, pompano, grilled","Fish","Quantity not specified (90g)",100,g,228,23.4,0,14.3,0
"Fish, pompano, baked or broiled, coated","Fish","1 oz yields (20g)",100,g,252,20.7,7.8,14.8,0.3
"Fish, pompano, fried","Fish","Quantity not specified (90g)",100,g,289,16,11.7,19.4,0.5
"Fish, pompano, steamed","Fish","Quantity not specified (90g)",100,g,207,23.4,0,12,0
"Fish, snapper","Fish","Quantity not specified (90g)",100,g,185,22.8,7.8,6.3,0.3
"Fish, salmon, raw","Fish","1 cup (135g)",100,g,188,20.4,0,11.2,0
"Fish, salmon, NFS","Fish","1 small/regular fillet (140g)",100,g,274,25.4,0,18.4,0
"Fish, salmon, baked or broiled","Fish","1 cup (135g)",100,g,274,25.4,0,18.4,0
"Fish, salmon, grilled","Fish","Quantity not specified (140g)",100,g,259,25.9,0,16.5,0
"Fish, salmon, baked or broiled, coated","Fish","1 large fillet (210g)",100,g,277,22.7,7.8,16.6,0.3
"Fish, salmon, fried","Fish","1 steak (210g)",100,g,307,17.5,11.7,20.7,0.5
"Fish, salmon, steamed","Fish","1 oz yields (20g)",100,g,237,25.8,0,14.1,0
"Fish, salmon, canned","Fish","1 standard can (115g)",100,g,136,24.6,0,4.2,0
"Fish, salmon, smoked","Fish","1 cup (135g)",100,g,117,18.3,0,4.3,0
"Fish, sardines, canned","Fish","1 cubic inch (17g)",100,g,208,24.6,0,11.5,0
"Fish, bass, NFS","Fish","1 oz yields (20g)",100,g,161,22.9,0,7,0
"Fish, bass, baked or broiled","Fish","Quantity not specified (90g)",100,g,161,22.9,0,7,0
"Fish, bass, grilled","Fish","1 small/regular fillet (90g)",100,g,143,23.4,0,4.8,0
"Fish, bass, baked or broiled, coated","Fish","1 cubic inch (17g)",100,g,182,20.6,7.8,7,0.3
"Fish, bass, fried","Fish","1 cup (135g)",100,g,238,15.9,11.7,13.7,0.5
"Fish, bass, steamed","Fish","Quantity not specified (90g)",100,g,123,23.3,0,2.5,0
"Fish, shark","Fish","1 cubic inch (17g)",100,g,216,23.3,7.8,9.6,0.3
"Fish, swordfish","Fish","1 cubic inch (17g)",100,g,231,21.9,7.8,11.8,0.3
"Fish, trout, NFS","Fish","1 small/regular fillet (90g)",100,g,271,17.1,11.7,16.9,0.5
"Fish, trout, baked or broiled","Fish","1 cubic inch (17g)",100,g,216,24.8,0,12.2,0
"Fish, trout, grilled","Fish","1 large fillet (135g)",100,g,199,25.3,0,10.1,0
"Fish, trout, baked or broiled, coated","Fish","Quantity not specified (90g)",100,g,228,22.2,7.8,11.3,0.3
"Fish, trout, fried","Fish","1 oz yields (20g)",100,g,271,17.1,11.7,16.9,0.5
"Fish, trout, steamed","Fish","Quantity not specified (90g)",100,g,178,25.2,0,7.8,0
"Fish, tuna, raw","Fish","Quantity not specified (85g)",100,g,109,24.4,0,0.5,0
"Fish, tuna, NFS","Fish","Quantity not specified (90g)",100,g,85,19,0.1,0.9,0
"Fish, tuna, cooked","Fish","Quantity not specified (90g)",100,g,176,30.3,0,5.1,0
"Fish, tuna, canned","Fish","1 small can (75g)",100,g,85,19,0.1,0.9,0
"Fish, whiting, NFS","Fish","1 small/regular fillet (90g)",100,g,233,15.8,11.7,13.2,0.5
"Fish, whiting, baked or broiled","Fish","1 cup (135g)",100,g,153,22.8,0,6.2,0
"Fish, whiting, grilled","Fish","1 large fillet (135g)",100,g,134,23.2,0,3.9,0
"Fish, whiting, baked or broiled, coated","Fish","1 cup (135g)",100,g,174,20.5,7.8,6.2,0.3
"Fish, whiting, fried","Fish","1 cubic inch (17g)",100,g,233,15.8,11.7,13.2,0.5
"Fish, whiting, steamed","Fish","1 cubic inch (17g)",100,g,114,23.1,0,1.7,0
"Fish, tilapia, NFS","Fish","Quantity not specified (90g)",100,g,160,25,0,6.7,0
"Fish, tilapia, baked or broiled","Fish","1 cubic inch (17g)",100,g,160,25,0,6.7,0
"Fish, tilapia, grilled","Fish","1 oz yields (20g)",100,g,142,25.5,0,4.4,0
"Fish, tilapia, baked or broiled, coated","Fish","1 cubic inch (17g)",100,g,180,22.3,7.8,6.6,0.3
"Fish, tilapia, fried","Fish","Quantity not specified (90g)",100,g,237,17.2,11.7,13.5,0.5
"Fish, tilapia, steamed","Fish","1 large fillet (135g)",100,g,121,25.4,0,2.2,0
"Fish, white, mixed species, NFS","Fish","Quantity not specified (90g)",100,g,143,22,0,5.9,0
"Fish, white, mixed species, baked or broiled","Fish","1 cup (135g)",100,g,143,22,0,5.9,0
"Fish, white, mixed species, baked or broiled, coated","Fish","1 cubic inch (17g)",100,g,166,19.8,7.8,6,0.3
"Fish, white, mixed species, fried","Fish","1 large fillet (135g)",100,g,227,15.3,11.7,13,0.5
"Fish, white, mixed species, steamed","Fish","1 small/regular fillet (90g)",100,g,104,22.3,0,1.3,0
"Fish, white, mixed species, grilled","Fish","1 cubic inch (17g)",100,g,125,22.4,0,3.6,0
"Frog legs","Shellfish","Quantity not specified (85g)",100,g,220,14.4,11.7,12.4,0.5
"Octopus","Shellfish","Quantity not specified (85g)",100,g,226,13.3,13.4,13,0.5
"Caviar","Fish","1 tablespoon (16g)",100,g,264,24.6,4,17.9,0
"Calamari, cooked","Shellfish","1 cup (135g)",100,g,155,19.4,3.8,6.3,0
"Calamari, fried","Shellfish","1 cup (135g)",100,g,234,13.8,14.1,13.2,0.5
"Turtle","Shellfish","Quantity not specified (85g)",100,g,157,24.6,0,5.8,0
"Shellfish, NFS","Shellfish","1 cup (135g)",100,g,146,15.5,4.9,6.7,0.2
"Abalone","Shellfish","Quantity not specified (85g)",100,g,177,21.2,7.5,6.1,0
"Clams, raw","Shellfish","Quantity not specified (85g)",100,g,86,14.7,3.6,1,0
"Clams, NFS","Shellfish","1 cup (135g)",100,g,143,16.1,6.7,5.2,0.1
"Clams, baked or broiled","Shellfish","Quantity not specified (85g)",100,g,148,18.2,4.4,5.7,0
"Clams, fried","Shellfish","1 strip (5g)",100,g,230,13.1,14.4,12.9,0.5
"Clams, steamed or boiled","Shellfish","1 cup (135g)",100,g,109,18.6,4.5,1.2,0
"Clams, canned","Shellfish","1 cup (225g)",100,g,108,18.3,4.5,1.2,0
"Crab","Shellfish","1 cup (135g)",100,g,83,17.9,0,0.7,0
"Crab, canned","Shellfish","Quantity not specified (85g)",100,g,83,17.9,0,0.7,0
"Crab, soft shell","Shellfish","1 crab (65g)",100,g,227,15.5,11.7,12.7,0.5
"Crayfish, fried","Shellfish","Quantity not specified (85g)",100,g,223,14.1,11.7,12.9,0.5
"Crayfish, cooked","Shellfish","1 crayfish (15g)",100,g,97,20.2,0,1.2,0
"Lobster","Shellfish","1 lobster (200g)",100,g,97,20.9,0,1,0
"Mussels","Shellfish","1 mussel (15g)",100,g,109,15.1,4.7,2.8,0
"Oysters, raw","Shellfish","1 oyster (15g)",100,g,51,5.7,2.7,1.7,0
"Oysters, baked or broiled","Shellfish","Quantity not specified (85g)",100,g,104,7.1,3.4,6.7,0
"Oysters, steamed","Shellfish","1 oyster (15g)",100,g,65,7.2,3.4,2.2,0
"Oysters, fried","Shellfish","Quantity not specified (85g)",100,g,203,6.3,13.8,13.5,0.5
"Oysters, canned","Shellfish","1 cup (225g)",100,g,74,7.7,4.3,2.7,0
"Scallops, baked or broiled","Shellfish","1 cup (135g)",100,g,126,15,4,5.1,0
"Scallops, grilled","Shellfish","1 cup (135g)",100,g,108,15.3,4,2.9,0
"Scallops, steamed or boiled","Shellfish","1 cup (135g)",100,g,87,15.2,4,0.6,0
"Scallops, fried","Shellfish","Quantity not specified (85g)",100,g,217,11.1,14.1,12.5,0.5
"Shrimp, NFS","Shellfish","1 large/jumbo shrimp (15g)",100,g,146,15.5,4.9,6.7,0.2
"Shrimp, baked or broiled","Shellfish","Quantity not specified (85g)",100,g,129,16.9,1.1,5.8,0
"Shrimp, grilled","Shellfish","1 tiny shrimp (5g)",100,g,110,17.3,1.2,3.6,0
"Shrimp, steamed or boiled","Shellfish","1 large/jumbo shrimp (15g)",100,g,90,17.2,1.2,1.3,0
"Shrimp, fried","Shellfish","1 cup (135g)",100,g,218,12.3,12.4,12.9,0.5
"Shrimp, baked or broiled, coated","Shellfish","1 tiny shrimp (5g)",100,g,154,15.6,8.7,5.9,0.3
"Shrimp, dried","Shellfish","1 cup (135g)",100,g,250,51.1,0,3.4,0
"Shrimp, canned","Shellfish","1 standard can (115g)",100,g,100,20.4,0,1.4,0
"Escargot","Shellfish","Quantity not specified (85g)",100,g,158,20,2.5,6.9,0
"Barbecue meat, NFS","Meat mixed dishes","1 slice (60g)",100,g,226,18.1,12.2,11.2,0.3
"Beef with tomato-based sauce","Meat mixed dishes","1 slice with sauce (65g)",100,g,149,21.7,1.6,6.4,0.4
"Beef burgundy","Meat mixed dishes","Quantity not specified (183g)",100,g,148,18.5,4.2,6,0.8
"Guisada, beef","Meat mixed dishes","Quantity not specified (255g)",100,g,115,10.9,2.5,6.6,0.5
"Chili, NFS","Meat mixed dishes","Quantity not specified (255g)",100,g,118,9.8,10.3,4.3,3
"Chili with meat, from restaurant","Meat mixed dishes","1 cup (255g)",100,g,160,12,6.7,9.4,1.9
"Chili with meat and beans","Meat mixed dishes","1 cup (255g)",100,g,118,9.8,10.3,4.3,3
"Chili with meat, canned","Meat mixed dishes","1 can (440g)",100,g,106,8.5,10.8,3.4,3.2
"Chili with meat","Meat mixed dishes","1 cup (255g)",100,g,139,13.3,2.4,8.2,0.5
"Sloppy joe, no bun","Meat mixed dishes","Quantity not specified (190g)",100,g,140,12.1,5.5,7.6,0.7
"Beef with gravy","Meat mixed dishes","1 large patty with gravy (158g)",100,g,156,21.6,1.6,7.1,0
"Salisbury steak with gravy","Meat mixed dishes","1 frozen family size package (6 steaks) (794g)",100,g,149,7,6.8,10.5,1
"Beef with cream or white sauce","Meat mixed dishes","Quantity not specified (192g)",100,g,185,22.5,2.8,9.3,0
"Beef stroganoff","Meat mixed dishes","1 cup (256g)",100,g,150,10.1,6.2,9.3,0.7
"Creamed chipped or dried beef","Meat mixed dishes","1 cup (246g)",100,g,133,7.7,7.6,8.1,0.1
"Swedish meatballs with cream or white sauce","Meat mixed dishes","Quantity not specified (186g)",100,g,170,12.5,6.3,10.3,0.2
"Beef with mushroom sauce","Meat mixed dishes","1 cubic inch (17g)",100,g,163,22,1.8,7.5,0.1
"Beef with soy-based sauce","Stir-fry and soy-based sauce mixtures","1 cup (244g)",100,g,187,15.9,3.4,12.4,0.5
"Steak teriyaki","Stir-fry and soy-based sauce mixtures","Quantity not specified (183g)",100,g,198,28.9,1.9,8.3,0
"Beef curry","Meat mixed dishes","Quantity not specified (240g)",100,g,113,7.6,6.5,6.6,1.4
"Beef curry with rice","Meat mixed dishes","1 cup (200g)",100,g,119,5.6,15.1,4.1,1
"Barbecue beef, with sauce","Meat mixed dishes","1 slice (60g)",100,g,228,19.8,12.2,10.8,0.3
"Barbecue beef, no sauce","Beef, excludes ground","1 cup (135g)",100,g,252,28,0,15.2,0
"Beef with sweet and sour sauce","Stir-fry and soy-based sauce mixtures","1 cup (252g)",100,g,211,9.3,14.2,12.8,0.6
"Stewed seasoned ground beef, Mexican style","Meat mixed dishes","1 cup (222g)",100,g,169,14.3,1.3,11.4,0.2
"Steak tartare","Meat mixed dishes","1 cup (225g)",100,g,216,17.5,0.3,15.6,0.2
"Meatballs, Puerto Rican style","Meat mixed dishes","1 meatball with sauce (50g)",100,g,225,14.3,6.9,15.3,0.8
"Stewed seasoned ground beef, Puerto Rican style","Meat mixed dishes","1 cup (200g)",100,g,278,13.8,3.8,22.8,0.9
"Stewed dried beef, Puerto Rican style","Meat mixed dishes","Quantity not specified (150g)",100,g,258,17.7,3.9,19.1,0.8
"Ham or pork with gravy","Meat mixed dishes","1 slice with gravy (65g)",100,g,160,20.2,1.6,7.5,0
"Barbecue pork, with sauce","Meat mixed dishes","1 cup (240g)",100,g,226,17.6,12.2,11.3,0.3
"Barbecue pork, no sauce","Pork","Quantity not specified (85g)",100,g,249,24.8,0,15.9,0
"Sweet and sour pork","Stir-fry and soy-based sauce mixtures","1 cup (226g)",100,g,260,8.9,25.5,13.6,1
"Ham stroganoff","Meat mixed dishes","1 cup (244g)",100,g,131,7.6,5.2,8.9,0.7
"Ham or pork with mushroom sauce","Meat mixed dishes","Quantity not specified (183g)",100,g,167,20.6,1.8,8,0.1
"Ham or pork with tomato-based sauce","Meat mixed dishes","Quantity not specified (187g)",100,g,153,20.3,1.6,6.8,0.4
"Sausage with tomato-based sauce","Meat mixed dishes","1 cup (248g)",100,g,234,13.3,2.6,19.1,0.4
"Sausage gravy","Meat mixed dishes","Quantity not specified (60g)",100,g,180,6.8,7.7,13.6,0.1
"Guisada, pork","Meat mixed dishes","Quantity not specified (255g)",100,g,118,10.3,2.5,7.1,0.5
"Pork or ham with soy-based sauce","Stir-fry and soy-based sauce mixtures","Quantity not specified (183g)",100,g,190,14.9,3.4,12.7,0.5
"Chili hot dog, no bun","Meat mixed dishes","Quantity not specified (125g)",100,g,202,10,7.1,15,1.7
"Frankfurters or hot dogs with tomato-based sauce","Meat mixed dishes","Quantity not specified (183g)",100,g,223,8.5,3.6,19.6,0.4
"Pork with chili and tomatoes","Meat mixed dishes","1 cup (236g)",100,g,95,11.6,2.7,4,0.9
"Stewed pork, Puerto Rican style","Meat mixed dishes","Quantity not specified (150g)",100,g,200,17.9,2.8,12.7,0.6
"Lamb or mutton with gravy","Meat mixed dishes","1 slice with gravy (43g)",100,g,219,17.3,1.6,15.4,0
"Stewed goat, Puerto Rican style","Meat mixed dishes","1 piece with gravy (88g)",100,g,265,22.3,2,18.1,0.5
"Veal scallopini","Meat mixed dishes","1 cup (140g)",100,g,241,18.7,1.5,17.5,0.4
"Veal Marsala","Meat mixed dishes","Quantity not specified (96g)",100,g,175,17.8,6.7,8.5,0.5
"Veal parmigiana","Meat mixed dishes","1 patty with sauce and cheese (182g)",100,g,204,15.3,8.3,11.9,0.8
"Veal cordon bleu","Meat mixed dishes","Quantity not specified (229g)",100,g,219,23.7,9.3,9.7,0.6
"Venison or deer with tomato-based sauce","Meat mixed dishes","Quantity not specified (187g)",100,g,140,25.6,1.6,2.8,0.4
"Venison or deer with gravy","Meat mixed dishes","Quantity not specified (183g)",100,g,147,25.5,1.6,3.5,0
"Chicken or turkey cacciatore","Poultry mixed dishes","1 slice of chicken with sauce (24g)",100,g,174,13.2,6.9,10.6,1.1
"Spaghetti sauce with poultry","Pasta sauces, tomato-based","1 cup (260g)",100,g,75,6.3,6.5,2.6,1.5
"Spaghetti sauce with poultry and added vegetables","Pasta sauces, tomato-based","Quantity not specified (65g)",100,g,71,6.4,6.1,2.4,1.4
"Stewed chicken with tomato-based sauce, Mexican style","Poultry mixed dishes","1/2 chicken breast with sauce (128g)",100,g,120,12,2.5,7.1,0.4
"Chili with chicken and beans","Poultry mixed dishes","1 cup (255g)",100,g,99,10.2,10.3,2.1,3
"Chili with chicken","Poultry mixed dishes","1 cup (255g)",100,g,100,14.1,2.4,3.7,0.5
"Chili, white","Poultry mixed dishes","1 cup (255g)",100,g,95,9.9,9.7,1.9,2.4
"Chicken with gravy","Poultry mixed dishes","1 chicken wing with gravy (44g)",100,g,129,18.9,1.6,5.2,0
"Chicken or turkey fricassee","Poultry mixed dishes","Quantity not specified (244g)",100,g,121,10.7,3.5,7.2,0.1
"Turkey with gravy","Poultry mixed dishes","Quantity not specified (244g)",100,g,125,20.5,1.6,3.5,0
"Chicken or turkey with cream sauce","Poultry mixed dishes","1/2 chicken breast with sauce (129g)",100,g,157,19.8,2.8,7.5,0
"Chicken or turkey with mushroom sauce","Poultry mixed dishes","1 slice of chicken with sauce (22g)",100,g,136,19.3,1.8,5.7,0.1
"Chicken or turkey with teriyaki","Stir-fry and soy-based sauce mixtures","1 chicken leg with sauce (145g)",100,g,163,25.7,1.6,6,0
"Barbecue chicken","Poultry mixed dishes","Quantity not specified (180g)",100,g,167,19,12.2,4.6,0.3
"Sweet and sour chicken or turkey","Stir-fry and soy-based sauce mixtures","Quantity not specified (189g)",100,g,250,10.1,23.9,12.7,1
"Sweet and sour chicken or turkey, without vegetables","Stir-fry and soy-based sauce mixtures","1 cup (252g)",100,g,250,10.1,23.9,12.7,1
"Chicken curry","Poultry mixed dishes","1 cup (240g)",100,g,107,6.5,6.5,6.5,1.4
"Chicken curry with rice","Poultry mixed dishes","Quantity not specified (200g)",100,g,116,5,15.1,4,1
"Chicken with mole sauce","Poultry mixed dishes","Quantity not specified (244g)",100,g,137,19,3.2,5.6,0.3
"Chicken or turkey with cheese sauce","Poultry mixed dishes","1 cup (241g)",100,g,173,21.8,1.6,8.9,0
"Chicken or turkey cordon bleu","Poultry mixed dishes","1 roll (1/2 breast with ham and sauce) (229g)",100,g,210,22.6,9.3,9.2,0.6
"Chicken or turkey parmigiana","Poultry mixed dishes","Quantity not specified (209g)",100,g,174,16.3,8.3,8.3,0.8
"Orange chicken","Stir-fry and soy-based sauce mixtures","1 cup (252g)",100,g,262,14.5,22.5,12.7,0.8
"Sesame chicken","Stir-fry and soy-based sauce mixtures","1/2 chicken breast with sauce (134g)",100,g,293,14.3,26.9,14.3,0.7
"Chicken kiev","Poultry mixed dishes","Quantity not specified (258g)",100,g,280,21.3,5.5,19.2,0.1
"Stuffed chicken, drumstick or breast, Puerto Rican style","Poultry mixed dishes","Quantity not specified (210g)",100,g,236,28.4,6.5,10.5,0.3
"Fish with cream or white sauce, not tuna or lobster","Seafood mixed dishes","1 cup (249g)",100,g,116,17.1,2.8,3.6,0
"Fish timbale or mousse","Seafood mixed dishes","Quantity not specified (88g)",100,g,149,10.1,2,11,0
"Shrimp cocktail","Shellfish","1 shrimp with sauce (15g)",100,g,99,13.2,7.9,1.2,0.4
"Tuna with cream or white sauce","Seafood mixed dishes","Quantity not specified (118g)",100,g,102,14.4,2.8,3.7,0
"Seafood thermidor","Seafood mixed dishes","Quantity not specified (125g)",100,g,251,10.6,4.7,21.2,0.1
"Seafood sauce","Shellfish","1 tablespoon (16g)",100,g,203,8.5,2.5,17.5,0.1
"Spaghetti sauce with seafood","Pasta sauces, tomato-based","Quantity not specified (65g)",100,g,64,5.3,7.1,1.5,1.5
"Spaghetti sauce with seafood and added vegetables","Pasta sauces, tomato-based","1 cup (260g)",100,g,60,5.4,6.6,1.3,1.4
"Shrimp with lobster sauce","Seafood mixed dishes","1 cup (185g)",100,g,151,16.8,2.2,7.9,0
"Sweet and sour shrimp","Stir-fry and soy-based sauce mixtures","1 shrimp (12g)",100,g,172,5.9,16.2,9.2,0.6
"Fish sauce","Soy-based condiments","Quantity not specified (5g)",100,g,35,5.1,3.6,0,0
"Shrimp scampi","Shellfish","1 shrimp (15g)",100,g,192,15.4,2.3,13,0.2
"Fish with tomato-based sauce","Seafood mixed dishes","1 cup (222g)",100,g,80,16.3,1.6,0.7,0.4
"Fish curry","Seafood mixed dishes","1 cup (240g)",100,g,93,4.9,6.7,5.4,1.4
"Fish curry with rice","Seafood mixed dishes","Quantity not specified (200g)",100,g,107,4,15.2,3.4,1
"Shrimp teriyaki","Stir-fry and soy-based sauce mixtures","Quantity not specified (113g)",100,g,120,21.6,3.3,1.6,0
"Ceviche","Seafood mixed dishes","Quantity not specified (125g)",100,g,63,10.5,3.6,0.8,0.5
"Crabs in tomato-based sauce, Puerto Rican style","Seafood mixed dishes","1 cup (170g)",100,g,144,12.5,2.9,8.9,0.6
"Shrimp in garlic sauce, Puerto Rican style","Seafood mixed dishes","Quantity not specified (106g)",100,g,281,11.6,2.5,25,0.2
"Stew, fish","Seafood mixed dishes","1 cup (255g)",100,g,46,7.6,2.8,0.4,0.5
"Meatballs, NS as to type of meat, with sauce","Meat mixed dishes","1 meatball with sauce (43g)",100,g,186,18,0.2,12,0
"Meat loaf, Puerto Rican style","Meat mixed dishes","1 serving (3"" x 1"" x 2"") (95g)",100,g,325,19.9,10.7,22,0.6
"Meat with tomato-based sauce","Meat mixed dishes","Quantity not specified (187g)",100,g,149,21.7,1.6,6.4,0.4
"Spaghetti sauce with meat","Pasta sauces, tomato-based","Quantity not specified (65g)",100,g,90,5.9,6.5,4.4,1.5
"Spaghetti sauce with meat and added vegetables","Pasta sauces, tomato-based","1 cup (260g)",100,g,86,6,6.1,4.1,1.4
"Stewed, seasoned, ground beef and pork, Mexican style","Meat mixed dishes","Quantity not specified (166g)",100,g,139,16.7,1.5,7,0.2
"Meat with gravy, NS as to type of meat","Meat mixed dishes","Quantity not specified (183g)",100,g,156,21.6,1.6,7.1,0
"Beef and potatoes, no sauce","Meat mixed dishes","1 cup (190g)",100,g,133,7.9,14.5,4.9,1.3
"Beef and potatoes with cream sauce, white sauce or mushroom sauce","Meat mixed dishes","Quantity not specified (189g)",100,g,100,8,8.7,3.8,0.7
"Beef, roast, hash","Meat mixed dishes","Quantity not specified (142g)",100,g,140,13.2,10.7,5.1,1
"Corned beef hash","Meat mixed dishes","1 cup, homemade (190g)",100,g,164,8.7,9.3,10.2,1.1
"Beef and potatoes with cheese sauce","Meat mixed dishes","Quantity not specified (187g)",100,g,126,8.2,11.1,5.6,0.9
"Stewed, seasoned, ground beef with potatoes, Mexican style","Meat mixed dishes","Quantity not specified (166g)",100,g,137,10.4,5.6,7.9,0.8
"Beef and noodles, no sauce","Meat mixed dishes","1 cup (156g)",100,g,189,11.4,16.2,8.4,0.8
"Beef and macaroni with cheese sauce","Meat mixed dishes","1 package, prepared (1245g)",100,g,137,9.1,12.3,5.4,0.5
"Beef and noodles with tomato-based sauce","Meat mixed dishes","1 cup (249g)",100,g,115,8.7,10.7,3.9,0.4
"Chili with macaroni","Meat mixed dishes","1 cup (255g)",100,g,126,9,14.4,3.7,2.8
"Beef and noodles with gravy","Meat mixed dishes","Quantity not specified (311g)",100,g,139,7.7,15.4,5.1,0.7
"Beef and noodles with cream or white sauce","Meat mixed dishes","1 cup (249g)",100,g,140,7.9,15,5.3,0.6
"Beef stroganoff with noodles","Meat mixed dishes","1 cup (256g)",100,g,129,7.8,9,6.8,0.7
"Beef and noodles with mushroom sauce","Meat mixed dishes","Quantity not specified (311g)",100,g,136,7.5,15,5.1,0.8
"Beef and noodles with soy-based sauce","Stir-fry and soy-based sauce mixtures","Quantity not specified (249g)",100,g,173,13.2,7.5,10.1,0.6
"Beef and rice, no sauce","Meat mixed dishes","Quantity not specified (245g)",100,g,146,7.3,17.2,5,0.2
"Biryani with meat","Rice mixed dishes","1 cup (196g)",100,g,145,8.5,12.2,6.8,1
"Beef and rice with tomato-based sauce","Meat mixed dishes","Quantity not specified (305g)",100,g,136,6.4,15.9,5.2,0.7
"Porcupine balls with tomato-based sauce","Meat mixed dishes","Quantity not specified (132g)",100,g,153,10.4,13.4,6.2,0.6
"Beef and rice with gravy","Meat mixed dishes","1 cup (222g)",100,g,137,6.3,16,5.1,0.2
"Beef and rice with cream sauce","Meat mixed dishes","1 cup (248g)",100,g,139,6.7,15.9,5.2,0.2
"Beef and rice with mushroom sauce","Meat mixed dishes","Quantity not specified (310g)",100,g,135,6.3,15.5,5.2,0.4
"Porcupine balls with mushroom sauce","Meat mixed dishes","Quantity not specified (132g)",100,g,157,10.3,10.7,7.8,0.5
"Beef and rice with soy-based sauce","Stir-fry and soy-based sauce mixtures","1 cup (244g)",100,g,178,13.6,8,10.3,0.5
"Beef and rice with cheese sauce","Meat mixed dishes","1 cup (248g)",100,g,142,8.1,14.7,5.4,0.4
"Meat loaf made with beef","Meat mixed dishes","1 medium patty (101g)",100,g,199,17.5,7.2,10.7,0.4
"Meat loaf made with beef, with tomato-based sauce","Meat mixed dishes","1 medium meatball (36g)",100,g,159,13.8,6.8,8.4,0.7
"Beef wellington","Meat mixed dishes","Quantity not specified (87g)",100,g,368,19.2,10.3,27.4,0.4
"Corned beef patty","Meat mixed dishes","Quantity not specified (100g)",100,g,164,8.7,9.3,10.2,1.1
"Beef stew with potatoes, Puerto Rican style","Meat mixed dishes","Quantity not specified (159g)",100,g,220,14.6,6.5,14.9,1
"Meat loaf made with ham","Meat mixed dishes","1 cup (140g)",100,g,179,20.7,6.2,7.5,0.3
"Ham and noodles with cream or white sauce","Meat mixed dishes","Quantity not specified (305g)",100,g,139,6.8,15.3,5.4,0.6
"Ham and rice with mushroom sauce","Meat mixed dishes","Quantity not specified (310g)",100,g,136,5.4,16.3,5.2,0.4
"Ham or pork with stuffing","Meat mixed dishes","Quantity not specified (150g)",100,g,143,6.3,10.4,8.3,0.4
"Ham croquette","Meat mixed dishes","1 cup (140g)",100,g,273,18,2.6,20.7,0.2
"Pork and rice with tomato-based sauce","Meat mixed dishes","1 cup (244g)",100,g,140,6.4,16.8,5,0.7
"Sausage and rice with tomato-based sauce","Meat mixed dishes","Quantity not specified (305g)",100,g,134,4.6,16.4,5.5,0.7
"Sausage and rice with mushroom sauce","Meat mixed dishes","Quantity not specified (305g)",100,g,142,4.9,16.8,6,0.4
"Sausage and rice with cheese sauce","Meat mixed dishes","Quantity not specified (305g)",100,g,151,6.3,13.9,7.6,0.2
"Sausage and noodles with cream or white sauce","Meat mixed dishes","Quantity not specified (305g)",100,g,153,5.9,14.8,7.8,0.6
"Ham and noodles, no sauce","Meat mixed dishes","1 cup (157g)",100,g,144,7.2,15.9,5.5,0.8
"Ham or pork and rice, no sauce","Meat mixed dishes","1 cup (196g)",100,g,143,6.7,16.8,5,0.2
"Ham or pork and potatoes with gravy","Meat mixed dishes","1 cup (252g)",100,g,126,5.4,11.7,6.3,0.9
"Ham or pork and potatoes with cheese sauce","Meat mixed dishes","1 cup (249g)",100,g,127,7.9,11.1,5.7,0.9
"Stewed pig's feet, Puerto Rican style","Meat mixed dishes","Quantity not specified (138g)",100,g,136,10,4.1,8.7,0.5
"Stew, pork","Meat mixed dishes","1 cup (255g)",100,g,109,8.4,6.3,5.4,1.3
"Stew, pork, with pasta","Meat mixed dishes","1 cup (255g)",100,g,133,9.4,10.8,5.6,1.1
"Lamb or mutton loaf","Meat mixed dishes","Quantity not specified (70g)",100,g,192,14.1,7.4,11.6,0.3
"Lamb or mutton and potatoes with gravy","Meat mixed dishes","Quantity not specified (189g)",100,g,129,5.1,12.5,6.5,1
"Lamb or mutton and potatoes with tomato-based sauce","Meat mixed dishes","Quantity not specified (189g)",100,g,126,5.3,12.5,6.2,1.5
"Lamb or mutton and noodles with gravy","Meat mixed dishes","1 cup (249g)",100,g,141,6.8,15.6,5.5,0.7
"Meat loaf made with venison/deer","Meat mixed dishes","Quantity not specified (84g)",100,g,166,19,6.3,6.7,0.4
"Venison or deer and noodles with cream or white sauce","Meat mixed dishes","Quantity not specified (311g)",100,g,141,8.4,14.5,5.4,0.6
"Chicken or turkey hash","Poultry mixed dishes","1 cup (190g)",100,g,110,9.6,8.3,4.1,1.3
"Chicken or turkey and potatoes with gravy","Poultry mixed dishes","1 cup (242g)",100,g,122,7.5,9,6.4,0.9
"Chicken or turkey and noodles, no sauce","Poultry mixed dishes","Quantity not specified (196g)",100,g,148,7.7,15.5,6.1,0.7
"Chicken or turkey and noodles with gravy","Poultry mixed dishes","1 cup (224g)",100,g,140,7,15.2,5.7,0.7
"Chicken or turkey and noodles with mushroom sauce","Poultry mixed dishes","1 cup (224g)",100,g,136,6.9,14.9,5.5,0.8
"Chicken or turkey and noodles with cream or white sauce","Poultry mixed dishes","1 cup (224g)",100,g,140,7.4,15.2,5.5,0.6
"Chicken or turkey and noodles with cheese sauce","Poultry mixed dishes","1 cup (224g)",100,g,146,9,13.6,6.2,0.6
"Chicken or turkey tetrazzini","Poultry mixed dishes","1 cup (246g)",100,g,119,12,7,4.8,0.5
"Chicken or turkey and noodles with tomato-based sauce","Poultry mixed dishes","Quantity not specified (280g)",100,g,137,7.1,15.2,5.4,1.1
"Chicken or turkey and noodles with soy-based sauce","Stir-fry and soy-based sauce mixtures","Quantity not specified (224g)",100,g,157,11.6,7.6,9,0.6
"Chicken or turkey and rice, no sauce","Poultry mixed dishes","1 cup (196g)",100,g,149,6.5,17,5.8,0.2
"Biryani with chicken","Rice mixed dishes","1 cup (196g)",100,g,104,7.2,13.6,2.4,1.1
"Chicken or turkey and rice with cream sauce","Poultry mixed dishes","1 cup (248g)",100,g,136,8.1,12.8,5.9,0.5
"Chicken or turkey and rice with mushroom sauce","Poultry mixed dishes","Quantity not specified (310g)",100,g,135,5.7,15.4,5.5,0.4
"Chicken or turkey and rice with tomato-based sauce","Poultry mixed dishes","Quantity not specified (305g)",100,g,142,5.7,15.7,6.2,0.6
"Chicken or turkey and rice with soy-based sauce","Stir-fry and soy-based sauce mixtures","Quantity not specified (244g)",100,g,162,12,8,9.2,0.5
"Chicken or turkey with dumplings","Poultry mixed dishes","Quantity not specified (244g)",100,g,144,15.7,8,5.6,0.3
"Chicken or turkey with stuffing","Poultry mixed dishes","1 cup (200g)",100,g,172,20,11.7,4.9,0.5
"Chicken or turkey cake, patty, or croquette","Poultry mixed dishes","1 cubic inch (14.2g)",100,g,262,20.8,2.6,18.8,0.2
"Chicken or turkey souffle","Poultry mixed dishes","1 cup (159g)",100,g,171,11.7,5.6,11.3,0.1
"Meat loaf made with chicken or turkey","Poultry mixed dishes","1 cubic inch (19g)",100,g,172,18.8,8.1,7.3,0.6
"Meat loaf made with chicken or turkey, with tomato-based sauce","Poultry mixed dishes","1 medium meatball (36g)",100,g,145,15.5,7.3,6.2,0.8
"Crab, cake","Seafood mixed dishes","Quantity not specified (85g)",100,g,214,14.4,4.5,15,0.3
"Fish, cake or patty","Seafood mixed dishes","1 cake or patty (85g)",100,g,212,13.6,10.4,12.6,1.2
"Gefilte fish","Seafood mixed dishes","1 cubic inch (16g)",100,g,82,10.4,8.7,0.4,0.4
"Fish, salmon cake or patty","Seafood mixed dishes","1 croquette (85g)",100,g,285,16.1,4.5,22.1,0.3
"Shrimp and noodles, no sauce","Seafood mixed dishes","Quantity not specified (196g)",100,g,146,7.3,16.4,5.5,0.8
"Shrimp and noodles with gravy","Seafood mixed dishes","1 cup (224g)",100,g,131,6,14.7,5.2,0.6
"Shrimp and noodles with mushroom sauce","Seafood mixed dishes","Quantity not specified (280g)",100,g,133,6.3,15.1,5.2,0.8
"Shrimp and noodles with cream or white sauce","Seafood mixed dishes","Quantity not specified (280g)",100,g,143,7.1,16.3,5.3,0.7
"Shrimp and noodles with soy-based sauce","Stir-fry and soy-based sauce mixtures","Quantity not specified (224g)",100,g,141,10.2,8.2,7.3,0.6
"Shrimp and noodles with cheese sauce","Seafood mixed dishes","1 cup (224g)",100,g,136,8.2,13.5,5.4,0.6
"Shrimp and noodles with tomato sauce","Seafood mixed dishes","Quantity not specified (280g)",100,g,134,6.5,15.4,5.2,1.1
"Tuna cake or patty","Seafood mixed dishes","Quantity not specified (120g)",100,g,206,15.3,2.7,14.9,0.2
"Clam cake or patty","Seafood mixed dishes","Quantity not specified (120g)",100,g,246,19,6.8,15.4,0.2
"Flounder with crab stuffing","Seafood mixed dishes","Quantity not specified (135g)",100,g,136,15.1,5.7,5.5,0.3
"Lobster with bread stuffing, baked","Seafood mixed dishes","1 lobster (400g)",100,g,177,15,9.8,8.3,0.5
"Clams Casino","Seafood mixed dishes","1 clam (30g)",100,g,162,11.8,10.3,7.9,1
"Shrimp, cake or patty","Seafood mixed dishes","1 cake or patty (85g)",100,g,218,13.9,5.3,15.3,0.3
"Shrimp with crab stuffing","Seafood mixed dishes","1 cup (140g)",100,g,174,16.4,6.2,9,0.3
"Shrimp toast","Seafood mixed dishes","Quantity not specified (48g)",100,g,222,8.5,12,15.4,0.8
"Imitation crab meat","Fish","Quantity not specified (85g)",100,g,95,7.6,15,0.5,0.5
"Seafood souffle","Seafood mixed dishes","1 cup (159g)",100,g,153,9.9,5.6,10,0.1
"Tuna noodle casserole with cream or white sauce","Seafood mixed dishes","Quantity not specified (280g)",100,g,168,10.1,15.4,7.3,0.7
"Tuna noodle casserole with mushroom sauce","Seafood mixed dishes","1 cup (224g)",100,g,139,9,13.9,5.2,0.8
"Tuna and rice with mushroom sauce","Seafood mixed dishes","1 cup (248g)",100,g,128,4.6,15.4,5.2,0.4
"Fish and rice with tomato-based sauce","Seafood mixed dishes","Quantity not specified (310g)",100,g,135,5.4,16.5,5.1,0.7
"Fish and rice with cream sauce","Seafood mixed dishes","Quantity not specified (310g)",100,g,133,5.5,15.8,5,0.2
"Fish and rice with mushroom sauce","Seafood mixed dishes","1 cup (248g)",100,g,135,5.3,16.1,5.2,0.4
"Fish and noodles with mushroom sauce","Seafood mixed dishes","Quantity not specified (280g)",100,g,131,6.3,14.8,5.1,0.8
"Shellfish and noodles with tomato-based sauce","Seafood mixed dishes","Quantity not specified (280g)",100,g,135,6.6,15.7,5,1.1
"Stewed salmon, Puerto Rican style","Seafood mixed dishes","Quantity not specified (106g)",100,g,146,12,8.5,7,1.3
"Meat loaf, NS as to type of meat","Meat mixed dishes","1 cubic inch (19g)",100,g,202,17.5,7.2,11,0.4
"Meatballs, with breading, NS as to type of meat, with gravy","Meat mixed dishes","1 cup (235g)",100,g,143,12.2,6.3,7.5,0.4
"Meat loaf made with beef and pork","Meat mixed dishes","1 small patty (81g)",100,g,196,17.3,7.2,10.5,0.4
"Meat loaf made with beef, veal and pork","Meat mixed dishes","1 small or thin slice (86g)",100,g,196,17.3,7.2,10.5,0.4
"Meat loaf made with beef and pork, with tomato-based sauce","Meat mixed dishes","1 cocktail meatball (9g)",100,g,157,13.6,6.8,8.2,0.7
"Hash, NS as to type of meat","Meat mixed dishes","1 cup (190g)",100,g,164,8.7,9.3,10.2,1.1
"Vienna sausages stewed with potatoes, Puerto Rican style","Meat mixed dishes","Quantity not specified (131g)",100,g,219,5.1,13.1,16.4,1.7
"Stewed, seasoned, ground beef and pork with potatoes, Mexican style","Meat mixed dishes","1 cup (222g)",100,g,143,12.8,4.2,8,0.6
"Beef, potatoes, and vegetables including carrots, broccoli, and/or dark-green leafy; no sauce","Meat mixed dishes","1 cup (162g)",100,g,126,6.9,13.5,5.2,1.8
"Beef, potatoes, and vegetables, excluding carrots, broccoli, and dark-green leafy; no sauce","Meat mixed dishes","Quantity not specified (121g)",100,g,131,7,15,5.1,1.7
"Corned beef, potatoes, and vegetables including carrots, broccoli, and/or dark-green leafy; no sauce","Meat mixed dishes","Quantity not specified (121g)",100,g,127,4.8,13.7,6,1.8
"Corned beef, potatoes, and vegetables excluding carrots, broccoli, and dark-green leafy; no sauce","Meat mixed dishes","1 cup (162g)",100,g,127,4.8,15.4,5.4,1.7
"Stew, beef, canned","Meat mixed dishes","1 can (440g)",100,g,100,5,6.5,6,1.1
"Stew, beef","Meat mixed dishes","Quantity not specified (255g)",100,g,107,8.8,6.3,5.1,1.3
"Stew, beef, with pasta","Meat mixed dishes","Quantity not specified (255g)",100,g,132,9.8,10.8,5.2,1.1
"Shepherd's pie","Meat mixed dishes","1 slice, any size (210g)",100,g,123,7.6,8.7,6.3,1.5
"Beef, potatoes, and vegetables including carrots, broccoli, and/or dark-green leafy; gravy","Meat mixed dishes","Quantity not specified (189g)",100,g,129,5.2,11.2,7.2,1.4
"Beef, potatoes, and vegetables excluding carrots, broccoli, and dark-green leafy; gravy","Meat mixed dishes","1 cup (252g)",100,g,126,5.3,12.4,6.3,1.3
"Beef, potatoes, and vegetables including carrots, broccoli, and/or dark-green leafy; cream sauce, white sauce, or mushroom sauce","Meat mixed dishes","Quantity not specified (189g)",100,g,127,5.3,11.1,7.1,1.4
"Beef, potatoes, and vegetables excluding carrots, broccoli, and dark-green leafy; cream sauce, white sauce, or mushroom sauce","Meat mixed dishes","1 cup (252g)",100,g,128,5.3,12.2,6.7,1.3
"Beef, potatoes, and vegetables including carrots, broccoli, and/or dark-green leafy; tomato-based sauce","Meat mixed dishes","1 cup (252g)",100,g,126,5.3,11.1,7,1.7
"Beef, potatoes, and vegetables excluding carrots, broccoli, and dark-green leafy; tomato-based sauce","Meat mixed dishes","Quantity not specified (189g)",100,g,126,5.4,12.3,6.6,1.6
"Beef, potatoes, and vegetables including carrots, broccoli, and/or dark-green leafy; cheese sauce","Meat mixed dishes","1 cup (252g)",100,g,127,8.1,11.8,5.4,1.4
"Beef, potatoes, and vegetables excluding carrots, broccoli, and dark-green leafy; cheese sauce","Meat mixed dishes","1 cup (252g)",100,g,131,8.2,13,5.4,1.3
"Beef, potatoes, and vegetables including carrots, broccoli, and/or dark-green leafy; soy-based sauce","Stir-fry and soy-based sauce mixtures","1 cup (252g)",100,g,149,11.8,6,8.8,1.1
"Beef, potatoes, and vegetables excluding carrots, broccoli, and dark-green leafy; soy-based sauce","Stir-fry and soy-based sauce mixtures","1 cup (252g)",100,g,148,11.8,5.8,8.8,1
"Beef, noodles, and vegetables including carrots, broccoli, and/or dark-green leafy; no sauce","Meat mixed dishes","1 cup (162g)",100,g,148,8.7,16.7,5.2,1.5
"Beef, noodles, and vegetables excluding carrots, broccoli, and dark-green leafy; no sauce","Meat mixed dishes","Quantity not specified (202g)",100,g,151,8.8,18.3,4.9,1.4
"Beef chow mein or chop suey with noodles","Fried rice and lo/chow mein","1 cup (220g)",100,g,129,10.8,11.2,4.9,1.5
"Beef, noodles, and vegetables including carrots, broccoli, and/or dark-green leafy; soy-based sauce","Stir-fry and soy-based sauce mixtures","Quantity not specified (217g)",100,g,139,10.3,7.6,7.6,1.2
"Beef, noodles, and vegetables excluding carrots, broccoli, and dark-green leafy; soy-based sauce","Stir-fry and soy-based sauce mixtures","1 cup (217g)",100,g,139,10.4,7.4,7.6,1
"Beef, noodles, and vegetables including carrots, broccoli, and/or dark-green leafy; tomato-based sauce","Meat mixed dishes","Quantity not specified (311g)",100,g,126,6.7,13.7,5.1,1.5
"Beef, noodles, and vegetables excluding carrots, broccoli, and dark-green leafy; tomato-based sauce","Meat mixed dishes","1 cup (249g)",100,g,130,6.8,14.9,5.1,1.4
"Beef, noodles, and vegetables including carrots, broccoli, and/or dark-green leafy; mushroom sauce","Meat mixed dishes","Quantity not specified (311g)",100,g,125,6.6,13.6,5.1,1.2
"Beef, noodles, and vegetables excluding carrots, broccoli, and dark-green leafy; mushroom sauce","Meat mixed dishes","Quantity not specified (311g)",100,g,129,6.6,14.6,5,1.1
"Beef, noodles, and vegetables including carrots, broccoli, and/or dark-green leafy; gravy","Meat mixed dishes","1 cup (249g)",100,g,127,6.7,13.8,5,1.1
"Beef, noodles, and vegetables excluding carrots, broccoli, and dark-green leafy; gravy","Meat mixed dishes","1 cup (249g)",100,g,131,6.7,14.9,5.1,1
"Beef, rice, and vegetables including carrots, broccoli, and/or dark-green leafy; no sauce","Meat mixed dishes","1 cup (162g)",100,g,149,7.5,18.4,4.9,1
"Beef, rice, and vegetables excluding carrots, broccoli, and dark-green leafy; no sauce","Meat mixed dishes","Quantity not specified (202g)",100,g,149,7.6,20,4.3,0.9
"Beef, rice, and vegetables including carrots, broccoli, and/or dark-green leafy; tomato-based sauce","Meat mixed dishes","Quantity not specified (311g)",100,g,131,5.9,14.9,5.4,1.1
"Beef, rice, and vegetables excluding carrots, broccoli, and/or dark-green leafy; tomato-based sauce","Meat mixed dishes","1 cup (249g)",100,g,132,5.9,16.1,5,1
"Stuffed cabbage rolls with beef and rice","Meat mixed dishes","1 cabbage roll (103g)",100,g,114,8.3,8.8,5.1,1.3
"Stuffed grape leaves with beef and rice","Meat mixed dishes","1 roll (21g)",100,g,228,8.2,11.3,17,3.1
"Beef, rice, and vegetables including carrots, broccoli, and/or dark-green leafy; mushroom sauce","Meat mixed dishes","Quantity not specified (311g)",100,g,130,5.8,14.7,5.2,0.9
"Beef, rice, and vegetables excluding carrots, broccoli, and dark-green leafy; mushroom sauce","Meat mixed dishes","Quantity not specified (311g)",100,g,133,5.8,15.7,5.2,0.8
"Beef, rice, and vegetables including carrots, broccoli, and/or dark-green leafy; cheese sauce","Meat mixed dishes","1 cup (249g)",100,g,147,8.6,15.5,5.5,0.8
"Beef, rice, and vegetables excluding carrots, broccoli, and dark-green leafy; cheese sauce","Meat mixed dishes","Quantity not specified (311g)",100,g,143,8.2,15.9,5.2,0.7
"Beef, rice, and vegetables including carrots, broccoli, and/or dark-green leafy; gravy","Meat mixed dishes","Quantity not specified (311g)",100,g,131,5.8,15,5.2,0.8
"Beef, rice, and vegetables excluding carrots, broccoli, and dark-green leafy; gravy","Meat mixed dishes","1 cup (249g)",100,g,135,5.8,16.1,5.2,0.7
"Beef, rice, and vegetables including carrots, broccoli, and/or dark-green leafy; soy-based sauce","Stir-fry and soy-based sauce mixtures","Quantity not specified (217g)",100,g,143,10.6,7.9,7.7,1.1
"Beef, rice, and vegetables excluding carrots, broccoli, and dark-green leafy; soy-based sauce","Stir-fry and soy-based sauce mixtures","1 cup (217g)",100,g,145,10.9,7.8,8,0.9
"Pot pie, beef","Meat mixed dishes","1 slice, any size (210g)",100,g,271,8.9,24,15.4,2
"Beef, dumplings, and vegetables including carrots, broccoli, and/or dark-green leafy; gravy","Meat mixed dishes","1 cup (249g)",100,g,127,6.2,11.7,6.4,0.9
"Beef, dumplings, and vegetables excluding carrots, broccoli, and dark-green leafy; gravy","Meat mixed dishes","Quantity not specified (187g)",100,g,130,6.2,12.9,6.2,0.8
"Stuffed green pepper, Puerto Rican style","Meat mixed dishes","Quantity not specified (250g)",100,g,152,8.9,15.6,5.8,1.7
"Ham or pork, noodles and vegetables excluding carrots, broccoli, and dark-green leafy; no sauce","Meat mixed dishes","Quantity not specified (202g)",100,g,151,8.4,18.3,4.9,1.4
"Ham or pork, noodles, and vegetables including carrots, broccoli, and/or dark-green leafy; no sauce","Meat mixed dishes","1 cup (162g)",100,g,148,8.4,16.7,5.2,1.5
"Ham or pork, noodles and vegetables excluding carrots, broccoli, and dark-green leafy; cheese sauce","Meat mixed dishes","1 cup (241g)",100,g,155,9.2,15.3,6.4,1.1
"Pork, potatoes, and vegetables including carrots, broccoli, and/or dark-green leafy; no sauce","Meat mixed dishes","1 cup (162g)",100,g,128,6.6,13.4,5.4,1.8
"Ham or pork, noodles, and vegetables including carrots, broccoli, and/or dark-green leafy; tomato-based sauce","Meat mixed dishes","Quantity not specified (311g)",100,g,125,6.5,13.8,5,1.5
"Sausage, noodles, and vegetables excluding carrots, broccoli, and dark-green leafy; tomato-based sauce","Meat mixed dishes","1 cup (249g)",100,g,131,5.3,15.3,5.7,1.4
"Sausage, noodles, and vegetables including carrots, broccoli, and/or dark-green leafy; tomato-based sauce","Meat mixed dishes","Quantity not specified (311g)",100,g,127,5.2,14.2,5.7,1.5
"Pork, potatoes, and vegetables including carrots, broccoli, and/or dark-green leafy; tomato-based sauce","Meat mixed dishes","Quantity not specified (189g)",100,g,128,5,11.2,7.1,1.7
"Pork, potatoes, and vegetables excluding carrots, broccoli, and dark-green leafy; tomato-based sauce","Meat mixed dishes","1 cup (252g)",100,g,127,5.1,12.3,6.6,1.6
"Sausage, potatoes, and vegetables including carrots, broccoli, and/or dark-green leafy; gravy","Meat mixed dishes","1 cup (252g)",100,g,128,3.7,11.6,7.5,1.4
"Sausage, potatoes, and vegetables excluding carrots, broccoli, and dark-green leafy; gravy","Meat mixed dishes","Quantity not specified (189g)",100,g,128,3.8,12.8,7.1,1.3
"Pork, potatoes, and vegetables including carrots, broccoli, and/or dark-green leafy; gravy","Meat mixed dishes","Quantity not specified (189g)",100,g,126,5,11.2,6.8,1.4
"Pork, potatoes, and vegetables excluding carrots, broccoli, and dark-green leafy; gravy","Meat mixed dishes","1 cup (252g)",100,g,126,5,12.4,6.4,1.3
"Pork, potatoes, and vegetables excluding carrots, broccoli, and dark-green leafy; no sauce","Meat mixed dishes","1 cup (162g)",100,g,133,6.6,14.9,5.4,1.7
"Pork chow mein or chop suey with noodles","Fried rice and lo/chow mein","Quantity not specified (220g)",100,g,143,10.4,11.2,6.4,1.5
"Pork, rice, and vegetables including carrots, broccoli, and/or dark-green leafy; soy-based sauce","Stir-fry and soy-based sauce mixtures","1 cup (217g)",100,g,144,10,7.9,7.9,1.1
"Pork, rice, and vegetables excluding carrots, broccoli, and dark-green leafy; soy-based sauce","Stir-fry and soy-based sauce mixtures","1 cup (217g)",100,g,147,10.3,7.8,8.2,0.9
"Pork, rice, and vegetables including carrots, broccoli, and/or dark-green leafy; tomato-based sauce","Meat mixed dishes","1 cup (249g)",100,g,129,5.6,15,5.1,1.1
"Pork, rice, and vegetables excluding carrots, broccoli, and dark-green leafy; tomato-based sauce","Meat mixed dishes","1 cup (249g)",100,g,133,5.6,16.1,5.1,1
"Ham, potatoes, and vegetables excluding carrots, broccoli, and dark-green leafy; no sauce","Meat mixed dishes","1 cup (162g)",100,g,126,5.6,15,5.1,1.7
"Ham, potatoes, and vegetables including carrots, broccoli, and/or dark-green leafy; no sauce","Meat mixed dishes","1 cup (162g)",100,g,128,5.5,13.4,5.9,1.8
"Sweet and sour pork with rice","Stir-fry and soy-based sauce mixtures","1 cup (244g)",100,g,187,9.8,16.5,8.8,0.6
"Lamb or mutton, rice, and vegetables excluding carrots, broccoli, and dark-green leafy; gravy","Meat mixed dishes","1 cup (252g)",100,g,136,5.1,16.3,5.5,0.7
"Lamb or mutton, rice, and vegetables including carrots, broccoli, and/or dark-green leafy; tomato-based sauce","Meat mixed dishes","Quantity not specified (315g)",100,g,130,5.1,15.2,5.3,1.1
"Lamb or mutton, rice, and vegetables including carrots, broccoli, and/or dark-green leafy; gravy","Meat mixed dishes","1 cup (252g)",100,g,133,5,15.2,5.5,0.8
"Stuffed grape leaves with lamb and rice","Meat mixed dishes","1 roll (21g)",100,g,271,8.2,11.9,21.5,3.3
"Stew, lamb","Meat mixed dishes","1 cup (255g)",100,g,117,8.2,6.3,6.4,1.3
"Stewed rabbit, Puerto Rican style","Meat mixed dishes","1 cup (yield after bone removed) (177g)",100,g,214,17.1,6.8,12.7,1
"Venison or deer, potatoes, and vegetables including carrots, broccoli, and/or dark-green leafy; gravy","Meat mixed dishes","Quantity not specified (189g)",100,g,127,6,11.2,6.5,1.4
"Venison or deer, potatoes, and vegetables excluding carrots, broccoli, and dark-green leafy; gravy","Meat mixed dishes","Quantity not specified (189g)",100,g,127,6,12.3,6.1,1.3
"Venison or deer, noodles, and vegetables including carrots, broccoli, and/or dark-green leafy; tomato-based sauce","Meat mixed dishes","1 cup (249g)",100,g,130,7.4,13.6,5.1,1.5
"Venison or deer, noodles, and vegetables excluding carrots, broccoli, and dark-green leafy; tomato-based sauce","Meat mixed dishes","Quantity not specified (311g)",100,g,134,7.5,14.8,5.1,1.4
"Chicken or turkey, potatoes, corn, and cheese, with gravy","Poultry mixed dishes","Quantity not specified (531g)",100,g,123,4.5,13.3,6.1,1.1
"Chicken or turkey, potatoes, and vegetables including carrots, broccoli, and/or dark-green leafy; no sauce","Poultry mixed dishes","1 cup (162g)",100,g,129,6.2,13.3,6,1.8
"Chicken or turkey, potatoes, and vegetables excluding carrots, broccoli, and dark-green leafy; no sauce","Poultry mixed dishes","1 cup (162g)",100,g,132,6.2,14.8,5.7,1.7
"Chicken or turkey, potatoes, and vegetables including carrots, broccoli, and/or dark-green leafy; gravy","Poultry mixed dishes","1 cup (252g)",100,g,123,4.7,11.2,6.8,1.4
"Chicken or turkey, potatoes, and vegetables excluding carrots, broccoli, and dark-green leafy; gravy","Poultry mixed dishes","1 cup (252g)",100,g,127,4.8,12.3,6.8,1.3
"Chicken or turkey, potatoes, and vegetables including carrots, broccoli, and/or dark-green leafy; cream sauce, white sauce, or mushroom sauce","Poultry mixed dishes","1 cup (252g)",100,g,126,4.8,11.1,7.1,1.4
"Chicken or turkey, potatoes, and vegetables excluding carrots, broccoli, and dark-green leafy; cream sauce, white sauce, or mushroom sauce","Poultry mixed dishes","Quantity not specified (252g)",100,g,126,4.8,12.1,6.8,1.3
"Chicken or turkey, potatoes, and vegetables including carrots, broccoli, and/or dark-green leafy; cheese sauce","Poultry mixed dishes","Quantity not specified (252g)",100,g,129,7.5,11.7,5.9,1.4
"Chicken or turkey, potatoes, and vegetables excluding carrots, broccoli, and dark-green leafy; cheese sauce","Poultry mixed dishes","Quantity not specified (252g)",100,g,133,7.6,12.9,5.9,1.3
"Chicken or turkey, potatoes, and vegetables including carrots, broccoli, and/or dark-green leafy; tomato-based sauce","Poultry mixed dishes","1 cup (252g)",100,g,124,4.8,11.1,7,1.7
"Chicken or turkey, potatoes, and vegetables excluding carrots, broccoli, and dark-green leafy; tomato-based sauce","Poultry mixed dishes","1 cup (252g)",100,g,128,4.8,12.2,7,1.6
"Stew, chicken, with pasta","Poultry mixed dishes","Quantity not specified (255g)",100,g,108,10.2,10.8,2.5,1.1
"Stew, chicken","Poultry mixed dishes","Quantity not specified (255g)",100,g,84,9.2,6.3,2.3,1.3
"Chicken or turkey, noodles, and vegetables including carrots, broccoli, and/or dark-green leafy; no sauce","Poultry mixed dishes","1 cup (162g)",100,g,147,8,16.6,5.5,1.5
"Chicken or turkey, noodles, and vegetables excluding carrots, broccoli, and dark-green leafy; no sauce","Poultry mixed dishes","1 cup (162g)",100,g,151,8,18.1,5.4,1.4
"Chicken or turkey, noodles, and vegetables including carrots, broccoli, and/or dark-green leafy; gravy","Poultry mixed dishes","1 cup (224g)",100,g,129,6.1,13.7,5.6,1.1
"Chicken or turkey, noodles, and vegetables excluding carrots, broccoli, and dark-green leafy; gravy","Poultry mixed dishes","1 cup (224g)",100,g,130,6.1,14.9,5.2,1
"Chicken or turkey, noodles, and vegetables including carrots, broccoli, and/or dark-green leafy; cream sauce, white sauce, or mushroom sauce","Poultry mixed dishes","1 cup (224g)",100,g,128,6.1,13.5,5.6,1.2
"Chicken or turkey, noodles, and vegetables excluding carrots, broccoli, and/or dark-green leafy; cream sauce, white sauce, or mushroom sauce","Poultry mixed dishes","1 cup (224g)",100,g,132,6.1,14.5,5.6,1.1
"Chicken or turkey, noodles, and vegetables including carrots, broccoli, and/or dark-green leafy; tomato-based sauce","Poultry mixed dishes","1 cup (224g)",100,g,130,6.2,13.6,5.8,1.5
"Chicken or turkey, noodles, and vegetables excluding carrots, broccoli, and dark-green leafy; tomato-based sauce","Poultry mixed dishes","1 cup (224g)",100,g,134,6.2,14.7,5.8,1.4
"Chicken or turkey chow mein or chop suey with noodles","Fried rice and lo/chow mein","1 cup (220g)",100,g,131,9.9,11.2,5.4,1.5
"Chicken or turkey, noodles, and vegetables including carrots, broccoli, and/or dark-green leafy; cheese sauce","Poultry mixed dishes","Quantity not specified (305g)",100,g,145,8.9,14.2,6,1.1
"Chicken or turkey, noodles, and vegetables excluding carrots, broccoli, and dark-green leafy; cheese sauce","Poultry mixed dishes","1 cup (244g)",100,g,149,8.9,15.3,6,1.1
"Chicken or turkey, rice, and vegetables including carrots, broccoli, and/or dark-green leafy; no sauce","Poultry mixed dishes","1 cup (162g)",100,g,150,6.8,18.2,5.5,1
"Chicken or turkey, rice, and vegetables excluding carrots, broccoli, and dark-green leafy; no sauce","Poultry mixed dishes","1 cup (162g)",100,g,151,6.9,19.8,5,0.9
"Chicken or turkey, rice, and vegetables including carrots, broccoli, and/or dark-green leafy; gravy","Poultry mixed dishes","Quantity not specified (315g)",100,g,132,5.2,14.9,5.7,0.8
"Chicken or turkey, rice, and vegetables excluding carrots, broccoli, and dark-green leafy; gravy","Poultry mixed dishes","Quantity not specified (315g)",100,g,135,5.3,16,5.5,0.7
"Chicken or turkey, rice, corn, and cheese, with gravy","Poultry mixed dishes","Quantity not specified (480g)",100,g,149,5.6,14.4,7.9,0.7
"Chicken or turkey, rice, and vegetables including carrots, broccoli, and/or dark-green leafy; soy-based sauce","Stir-fry and soy-based sauce mixtures","Quantity not specified (217g)",100,g,131,9.4,8,6.9,1.1
"Chicken or turkey, rice, and vegetables excluding carrots, broccoli, and dark-green leafy; soy-based sauce","Stir-fry and soy-based sauce mixtures","1 cup (217g)",100,g,133,9.6,7.8,7.2,0.9
"Chicken or turkey, rice, and vegetables including carrots, broccoli, and/or dark-green leafy; cream sauce, white sauce, or mushroom sauce","Poultry mixed dishes","Quantity not specified (315g)",100,g,131,5.3,14.6,5.7,0.8
"Chicken or turkey, rice, and vegetables excluding carrots, broccoli, and dark-green leafy; cream sauce, white sauce, or mushroom sauce","Poultry mixed dishes","Quantity not specified (315g)",100,g,131,5.3,15.7,5.3,0.8
"Chicken or turkey, rice, and vegetables including carrots, broccoli, and/or dark-green leafy; cheese sauce","Poultry mixed dishes","1 cup (249g)",100,g,142,8.1,15.5,5.2,0.8
"Chicken or turkey, rice, and vegetables excluding carrots, broccoli, and dark-green leafy; cheese sauce","Poultry mixed dishes","1 cup (249g)",100,g,146,8.1,16.7,5.2,0.7
"Chicken or turkey, rice, and vegetables including carrots, broccoli, and/or dark-green leafy; tomato-based sauce","Poultry mixed dishes","Quantity not specified (311g)",100,g,130,5.3,14.8,5.5,1.1
"Chicken or turkey, rice, and vegetables excluding carrots, broccoli, and dark-green leafy; tomato-based sauce","Poultry mixed dishes","Quantity not specified (311g)",100,g,133,5.4,15.9,5.5,1
"Pot pie, chicken","Poultry mixed dishes","1 cup (200g)",100,g,255,9.2,24,13.5,2
"Chicken or turkey, stuffing, and vegetables including carrots, broccoli, and/or dark-green leafy; no sauce","Poultry mixed dishes","Quantity not specified (162g)",100,g,159,7.1,13.3,8.7,1.3
"Chicken or turkey,stuffing, and vegetables excluding carrots, broccoli, and dark green leafy; no sauce","Poultry mixed dishes","Quantity not specified (162g)",100,g,165,7.2,14.9,8.8,1.2
"Chicken or turkey, stuffing, and vegetables including carrots, broccoli, and/or dark-green leafy; gravy","Poultry mixed dishes","Quantity not specified (244g)",100,g,131,5.5,11.3,7.2,1
"Chicken or turkey, stuffing, and vegetables excluding carrots, broccoli, and dark-green leafy; gravy","Poultry mixed dishes","Quantity not specified (244g)",100,g,128,5.2,11.8,6.8,0.8
"Chicken or turkey, dumplings, and vegetables including carrots, broccoli, and/or dark green leafy; gravy","Poultry mixed dishes","1 cup (249g)",100,g,127,5.6,11.6,6.6,0.9
"Chicken or turkey, dumplings, and vegetables excluding carrots, broccoli, and dark green leafy; gravy","Poultry mixed dishes","1 cup (249g)",100,g,128,5.7,12.8,6.2,0.8
"Chicken fricassee, Puerto Rican style","Poultry mixed dishes","1 cup, NFS (223g)",100,g,172,12.1,7.2,10.7,1.2
"Paella with seafood","Rice mixed dishes","Quantity not specified (300g)",100,g,143,8,16.4,4.8,0.7
"Shrimp chow mein or chop suey with noodles","Fried rice and lo/chow mein","Quantity not specified (220g)",100,g,117,9.1,11.4,4,1.5
"Shrimp creole, with rice","Seafood mixed dishes","1 cup (243g)",100,g,123,10.1,11.9,3.6,0.8
"Tuna noodle casserole with vegetables, cream or white sauce","Seafood mixed dishes","Quantity not specified (280g)",100,g,149,9,14.2,6.2,0.9
"Fish, noodles, and vegetables including carrots, broccoli, and/or dark green leafy; cheese sauce","Seafood mixed dishes","1 cup (244g)",100,g,137,8.4,14.2,5.2,1.1
"Fish, noodles, and vegetables excluding carrots, broccoli, and dark-green leafy; cheese sauce","Seafood mixed dishes","Quantity not specified (305g)",100,g,141,8.4,15.3,5.2,1.1
"Soup, bouillabaisse","Seafood mixed dishes","1 cup (255g)",100,g,67,8.3,1.6,3.1,0.3
"Tuna noodle casserole with vegetables and mushroom sauce","Seafood mixed dishes","Quantity not specified (280g)",100,g,124,8.1,13,4.5,1
"Codfish with starchy vegetables, Puerto Rican style","Seafood mixed dishes","Quantity not specified (86g)",100,g,135,3.5,18.5,5.4,2.7
"Biscayne codfish, Puerto Rican style","Seafood mixed dishes","Quantity not specified (88g)",100,g,190,9.2,11.1,12.2,1.9
"Stew, NFS","Meat mixed dishes","Quantity not specified (255g)",100,g,99,8.9,6.3,4.1,1.3
"Chow mein or chop suey, NS as to type of meat, with noodles","Fried rice and lo/chow mein","Quantity not specified (220g)",100,g,131,9.9,11.2,5.4,1.5
"Paella, NFS","Rice mixed dishes","1 cup (240g)",100,g,169,9.5,15.8,7.2,0.6
"Chow mein or chop suey, various types of meat, with noodles","Fried rice and lo/chow mein","1 cup (220g)",100,g,134,10.4,11.2,5.6,1.5
"Stewed tripe, with potatoes, Puerto Rican style","Meat mixed dishes","Quantity not specified (210g)",100,g,109,8.6,9.5,4.1,1.6
"Gumbo with rice","Seafood mixed dishes","1 cup (244g)",100,g,89,8.2,6.6,3.4,0.9
"Jambalaya with meat and rice","Rice mixed dishes","1 cup (244g)",100,g,161,13.8,8.7,8,0.7
"Beef and vegetables including carrots, broccoli, and/or dark-green leafy; no potatoes, no sauce","Meat mixed dishes","1 cup (162g)",100,g,116,11.4,3,6.7,1.4
"Beef and vegetables excluding carrots, broccoli, and dark-green leafy; no potatoes, no sauce","Meat mixed dishes","Quantity not specified (121g)",100,g,121,10,5.2,7.1,1.1
"Beef shish kabob with vegetables, excluding potatoes","Meat mixed dishes","1 shishkabob (202g)",100,g,122,14.8,5.1,4.9,0.8
"Beef with vegetables including carrots, broccoli, and/or dark-green leafy; no potatoes, tomato-based sauce","Meat mixed dishes","Quantity not specified (187g)",100,g,110,8.2,4.5,7,1.7
"Swiss steak","Meat mixed dishes","1 small piece with sauce (113g)",100,g,115,15.5,3.7,4.4,0.9
"Beef rolls, stuffed with vegetables or meat mixture, tomato-based sauce","Meat mixed dishes","1 beef roll (134g)",100,g,195,20.6,6.6,9.1,0.7
"Beef with vegetables excluding carrots, broccoli, and dark-green leafy; no potatoes, tomato-based sauce","Meat mixed dishes","1 cup (249g)",100,g,115,7.7,6,7.2,1.4
"Beef with vegetables including carrots, broccoli, and/or dark-green leafy; no potatoes, mushroom sauce","Meat mixed dishes","Quantity not specified (189g)",100,g,115,7.8,5.2,7.2,1.1
"Beef with vegetables excluding carrots, broccoli, and dark-green leafy; no potatoes, mushroom sauce","Meat mixed dishes","Quantity not specified (189g)",100,g,121,7.9,7,7.2,1
"Beef and vegetables including carrots, broccoli, and/or dark-green leafy; no potatoes, soy-based sauce","Stir-fry and soy-based sauce mixtures","1 cup (217g)",100,g,144,11.7,4.7,8.8,1.2
"Beef and broccoli","Stir-fry and soy-based sauce mixtures","Quantity not specified (163g)",100,g,160,10.4,5.1,10.6,1.3
"Beef, tofu, and vegetables including carrots, broccoli, and/or dark-green leafy; no potatoes, soy-based sauce","Stir-fry and soy-based sauce mixtures","1 cup (217g)",100,g,115,7.3,4.8,7.7,1.2
"Szechuan beef","Stir-fry and soy-based sauce mixtures","Quantity not specified (163g)",100,g,105,7.1,7.3,5.3,1.5
"Hunan beef","Stir-fry and soy-based sauce mixtures","Quantity not specified (163g)",100,g,105,7.1,7.3,5.3,1.5
"Beef chow mein or chop suey, no noodles","Fried rice and lo/chow mein","Quantity not specified (165g)",100,g,82,10.8,3.9,2.6,0.8
"Kung Pao beef","Stir-fry and soy-based sauce mixtures","1 cup (162g)",100,g,216,17.9,4.6,14.4,1
"Beef and vegetables excluding carrots, broccoli, and dark-green leafy; no potatoes, soy-based sauce","Stir-fry and soy-based sauce mixtures","1 cup (217g)",100,g,147,12.1,4.3,9.2,1
"Beef, tofu, and vegetables excluding carrots, broccoli, and dark-green leafy; no potatoes, soy-based sauce","Stir-fry and soy-based sauce mixtures","1 cup (217g)",100,g,117,7.5,4.5,8,1
"Beef and vegetables, Hawaiian style","Meat mixed dishes","Quantity not specified (189g)",100,g,93,4.8,14.2,2.2,1.8
"Pepper steak","Meat mixed dishes","Quantity not specified (163g)",100,g,145,11.9,4.3,9.1,0.7
"Beef, ground, with egg and onion","Meat mixed dishes","1 large patty (113g)",100,g,228,21.9,1.1,14.5,0.1
"Beef salad","Meat mixed dishes","Quantity not specified (136g)",100,g,261,17.9,2.9,19.3,0.4
"Beef taco filling: beef, cheese, tomato, taco sauce","Burritos and tacos","1 cup (204g)",100,g,181,13,6.4,11.3,0.9
"Stir fried beef and vegetables in soy sauce","Stir-fry and soy-based sauce mixtures","1 cup (162g)",100,g,102,10.7,4.4,4.8,1
"Beef and vegetables including carrots, broccoli, and/or dark-green leafy; no potatoes, gravy","Meat mixed dishes","1 cup (252g)",100,g,115,8.1,4.5,7.3,1
"Beef and vegetables excluding carrots, broccoli, and dark-green leafy; no potatoes, gravy","Meat mixed dishes","Quantity not specified (189g)",100,g,122,8.1,6.5,7.3,0.9
"Beef steak with onions, Puerto Rican style","Meat mixed dishes","Quantity not specified (134g)",100,g,321,20.9,3.9,24.1,0.7
"Cabbage with ham hocks","Meat mixed dishes","Quantity not specified (150g)",100,g,75,7.8,4.9,2.6,1.7
"Ham or pork salad","Meat mixed dishes","Quantity not specified (137g)",100,g,230,13.3,2.8,18.1,0.4
"Frankfurters or hot dogs and sauerkraut","Meat mixed dishes","Quantity not specified (110g)",100,g,198,7.6,3.4,17.3,1.1
"Pork and vegetables including carrots, broccoli, and/or dark-green leafy; no potatoes, no sauce","Meat mixed dishes","1 cup (162g)",100,g,123,11.2,3.1,7.3,1.5
"Greens with ham or pork","Other dark green vegetables","Quantity not specified (108g)",100,g,47,4.9,4.7,1.4,3.6
"Pork, tofu, and vegetables including carrots, broccoli, and/or dark-green leafy; no potatoes, soy-base sauce","Stir-fry and soy-based sauce mixtures","Quantity not specified (163g)",100,g,116,7,4.8,7.8,1.2
"Pork and vegetables, Hawaiian style","Stir-fry and soy-based sauce mixtures","1 cup (252g)",100,g,89,7.4,7,3.6,1.9
"Pork and watercress with soy-based sauce","Stir-fry and soy-based sauce mixtures","1 cup (162g)",100,g,190,14.9,3.4,12.7,0.5
"Kung Pao pork","Stir-fry and soy-based sauce mixtures","Quantity not specified (121g)",100,g,219,16.9,4.6,14.8,1
"Moo Shu pork, without Chinese pancake","Stir-fry and soy-based sauce mixtures","Quantity not specified (113g)",100,g,153,10.4,4,10.7,0.9
"Pork and onions with soy-based sauce","Stir-fry and soy-based sauce mixtures","1 cup (256g)",100,g,149,11.1,5.4,9.1,0.8
"Pork hash","Meat mixed dishes","1 cup (190g)",100,g,186,12.9,2,13.7,0.5
"Ham and vegetables including carrots broccoli, and/or dark- green leafy; no potatoes, no sauce","Meat mixed dishes","1 cup (162g)",100,g,115,7.5,2.6,8.3,1.2
"Ham and vegetables excluding carrots, broccoli, and dark-green leafy; no potatoes, no sauce","Meat mixed dishes","1 cup (162g)",100,g,120,7.6,5.1,7.8,1.1
"Pork and vegetables excluding carrots, broccoli, and dark-green leafy; no potatoes, no sauce","Meat mixed dishes","Quantity not specified (121g)",100,g,124,10.1,5.5,7,1.2
"Pork, tofu, and vegetables, excluding carrots, broccoli, and dark-green leafy; no potatoes, soy-based sauce","Stir-fry and soy-based sauce mixtures","Quantity not specified (163g)",100,g,118,7.2,4.5,8.1,1
"Pork chow mein or chop suey, no noodles","Fried rice and lo/chow mein","1 cup (220g)",100,g,98,10.3,3.9,4.3,0.8
"Pork and vegetables including carrots, broccoli, and/or dark-green leafy; no potatoes, tomato-based sauce","Meat mixed dishes","Quantity not specified (187g)",100,g,111,7.8,4.5,7.1,1.7
"Pork and vegetables excluding carrots, broccoli, and dark-green leafy; no potatoes, tomato-based sauce","Meat mixed dishes","1 cup (249g)",100,g,118,7.8,6.4,7.1,1.5
"Sausage and vegetables including carrots, broccoli, and/or dark-green leafy; no potatoes, tomato-based sauce","Meat mixed dishes","1 cup (249g)",100,g,113,5.6,4.9,8.3,1.7
"Sausage and vegetables, excluding carrots, broccoli, and dark-green leafy; no potatoes, tomato-based sauce","Meat mixed dishes","Quantity not specified (187g)",100,g,120,5.6,6.9,8.3,1.6
"Sausage and peppers, no sauce","Meat mixed dishes","1 cup (154g)",100,g,247,14,3.3,19.9,0.3
"Pork and vegetables including carrots, broccoli, and/or dark-green leafy; no potatoes, soy-based sauce","Stir-fry and soy-based sauce mixtures","1 cup (217g)",100,g,145,11,4.7,9,1.2
"Pork and vegetables excluding carrots, broccoli, and dark- green leafy; no potatoes, soy-based sauce","Stir-fry and soy-based sauce mixtures","Quantity not specified (163g)",100,g,149,11.4,4.3,9.4,1
"Pork shish kabob with vegetables, excluding potatoes","Meat mixed dishes","1 shishkabob (202g)",100,g,124,13.9,5.1,5.2,0.8
"Lamb shish kabob with vegetables, excluding potatoes","Meat mixed dishes","1 shishkabob (202g)",100,g,162,12,5.1,10.3,0.8
"Chicken or turkey and vegetables including carrots, broccoli, and/or dark-green leafy; no potatoes, no sauce","Poultry mixed dishes","1 cup (162g)",100,g,118,9.7,2.9,7.8,1.4
"Chicken or turkey and vegetables excluding carrots, broccoli, and dark-green leafy; no potatoes, no sauce","Poultry mixed dishes","1 cup (162g)",100,g,123,8.7,5.1,8,1.1
"Chicken or turkey shish kabob with vegetables, excluding potatoes","Poultry mixed dishes","1 shishkabob (202g)",100,g,104,13,5.1,3.7,0.8
"Chicken or turkey creole, without rice","Poultry mixed dishes","Quantity not specified (246g)",100,g,103,13.8,3,4.2,1.1
"Chicken or turkey and vegetables including carrots, broccoli, and/or dark-green leafy; no potatoes, gravy","Poultry mixed dishes","1 cup (252g)",100,g,112,7.1,4.5,7.4,1
"Chicken or turkey and vegetables excluding carrots, broccoli, and dark-green leafy; no potatoes, gravy","Poultry mixed dishes","Quantity not specified (252g)",100,g,119,7.2,6.4,7.5,0.9
"Chicken or turkey a la king with vegetables including carrots, broccoli, and/or dark-green leafy; no potatoes, cream, white, or soup-based sauce","Poultry mixed dishes","1 Banquet's Cookin' Bag (4.5 oz) (128g)",100,g,187,9.4,6.8,13.8,0.6
"Chicken or turkey a la king with vegetables excluding carrorts, broccoli, and dark-green leafy; no potatoes, cream, white, or soup-based sauce","Poultry mixed dishes","1 cup (241g)",100,g,181,9.6,6.3,13.3,0.5
"Chicken or turkey divan","Poultry mixed dishes","Quantity not specified (236g)",100,g,140,15.5,4,7.3,1.3
"Chicken or turkey and vegetables including carrots, broccoli, and/or dark-green leafy; no potatoes, soy-based sauce","Stir-fry and soy-based sauce mixtures","1 cup (217g)",100,g,95,8.2,5.4,4.6,0.9
"Chicken or turkey and vegetables excluding carrots, broccoli, and dark-green leafy; no potatoes, soy-based sauce","Stir-fry and soy-based sauce mixtures","1 cup (217g)",100,g,133,10.7,4.4,8.2,1
"Chicken or turkey and vegetables including carrots, broccoli, and/or dark-green leafy; no potatoes, tomato-based sauce","Poultry mixed dishes","1 cup (249g)",100,g,113,7.2,4.4,7.8,1.6
"Chicken or turkey and vegetables excluding carrots, broccoli, and dark-green leafy; no potatoes, tomato-based sauce","Poultry mixed dishes","1 cup (249g)",100,g,120,7.3,6.4,7.8,1.5
"General Tso chicken","Stir-fry and soy-based sauce mixtures","Quantity not specified (110g)",100,g,295,12.9,24,16.4,0.9
"Moo Goo Gai Pan","Stir-fry and soy-based sauce mixtures","Quantity not specified (162g)",100,g,69,7.1,4.9,2.4,1.4
"Kung pao chicken","Stir-fry and soy-based sauce mixtures","Quantity not specified (121g)",100,g,129,9.8,6.9,7,1.5
"Almond chicken","Stir-fry and soy-based sauce mixtures","1/2 chicken breast with sauce (128g)",100,g,195,15.7,4.5,13.2,1.2
"Chicken or turkey chow mein or chop suey, no noodles","Fried rice and lo/chow mein","Quantity not specified (165g)",100,g,83,9.8,3.8,3.2,0.8
"Chicken or turkey salad, made with mayonnaise","Poultry mixed dishes","Quantity not specified (113g)",100,g,235,13.9,2.9,18.8,0.4
"Chicken or turkey salad with nuts and/or fruits","Poultry mixed dishes","Quantity not specified (113g)",100,g,235,12.5,6.1,17.9,1
"Chicken or turkey salad with egg","Poultry mixed dishes","1 cup (226g)",100,g,228,13.8,2.7,18.1,0.4
"Chicken or turkey salad, made with light mayonnaise","Poultry mixed dishes","Quantity not specified (113g)",100,g,146,13.6,4.8,8.2,0.4
"Chicken or turkey salad, made with mayonnaise-type salad dressing","Poultry mixed dishes","Quantity not specified (113g)",100,g,148,13.7,6,8,0.4
"Chicken or turkey salad, made with light mayonnaise-type salad dressing","Poultry mixed dishes","1 cup (226g)",100,g,146,13.6,4.8,8.2,0.4
"Chicken or turkey salad, made with creamy dressing","Poultry mixed dishes","Quantity not specified (113g)",100,g,188,13.8,4,13.1,0.4
"Chicken or turkey salad, made with light creamy dressing","Poultry mixed dishes","1 cup (226g)",100,g,128,13.8,4.3,6.4,0.4
"Chicken or turkey salad, made with Italian dressing","Poultry mixed dishes","Quantity not specified (113g)",100,g,146,13.6,5.4,7.8,0.4
"Chicken or turkey salad, made with light Italian dressing","Poultry mixed dishes","Quantity not specified (113g)",100,g,116,13.6,4.9,4.7,0.4
"Chicken or turkey salad, made with any type of fat free dressing","Poultry mixed dishes","1 cup (226g)",100,g,111,13.3,6.3,3.8,0.9
"Chicken or turkey garden salad, chicken and/or turkey, tomato and/or carrots, other vegetables, no dressing","Poultry mixed dishes","Quantity not specified (344g)",100,g,64,10.1,3,1.3,1
"Chicken or turkey garden salad, chicken and/or turkey, other vegetables excluding tomato and carrots, no dressing","Poultry mixed dishes","1 cup (90g)",100,g,66,10.9,2.6,1.4,0.8
"Chicken or turkey garden salad with bacon and cheese, chicken and/or turkey, bacon, cheese, lettuce and/or greens, tomato and/or carrots, other vegetables, no dressing","Poultry mixed dishes","1 salad (321g)",100,g,106,11,3,5.6,0.9
"Chicken or turkey, breaded, fried, garden salad with bacon and cheese, chicken and/or turkey, bacon, cheese, lettuce and/or greens, tomato and/or carrots, other vegetables, no dressing","Poultry mixed dishes","Quantity not specified (324g)",100,g,122,6.8,6.4,7.7,1.2
"Chicken or turkey garden salad with cheese, chicken and/or turkey, cheese, lettuce and/or greens, tomato and/or carrots, other vegetables, no dressing","Poultry mixed dishes","1 Burger King salad (370g)",100,g,93,10.3,3,4.5,0.9
"Chicken or turkey, breaded, fried, garden salad with cheese, chicken and/or turkey, cheese, lettuce and/or greens, tomato and/or carrots, other vegetables, no dressing","Poultry mixed dishes","1 Burger King salad (370g)",100,g,123,6.5,6.5,7.9,1.3
"Asian chicken or turkey garden salad, chicken and/or turkey, lettuce, fruit, nuts, no dressing","Poultry mixed dishes","Quantity not specified (315g)",100,g,130,11.4,9.5,5.5,1.9
"Asian chicken or turkey garden salad with crispy noodles, chicken and/or turkey, lettuce, fruit, nuts, crispy noodles, no dressing","Poultry mixed dishes","1 salad (346g)",100,g,116,10.2,8.1,5.3,1.8
"Chicken or turkey caesar garden salad, chicken and/or turkey, lettuce, tomato, cheese, no dressing","Poultry mixed dishes","1 cup (90g)",100,g,63,8.5,3,1.9,1
"Chicken or turkey, breaded, fried, caesar garden salad, chicken and/or turkey, lettuce, tomatoes, cheese, no dressing","Poultry mixed dishes","1 salad (314g)",100,g,115,6.3,7.1,6.9,1.2
"Chicken or turkey and vegetables including carrots, broccoli, and/or dark-green leafy; no potatoes, cheese sauce","Poultry mixed dishes","1 cup (249g)",100,g,119,9.8,3.9,7.2,0.9
"Chicken or turkey and vegetables excluding carrots, broccoli, and dark-green leafy; no potatoes, cheese sauce","Poultry mixed dishes","Quantity not specified (249g)",100,g,124,9.9,5.5,7.2,0.7
"Chicken or turkey fricassee, with sauce, no potatoes, potatoes reported separately, Puerto Rican style","Poultry mixed dishes","Quantity not specified (223g)",100,g,183,14,2.5,13.1,0.7
"Chicken or turkey fricassee, no sauce, no potatoes, Puerto Rican style","Poultry mixed dishes","Quantity not specified (223g)",100,g,200,25.2,0,11,0
"Crab salad","Seafood mixed dishes","Quantity not specified (104g)",100,g,188,9.4,1.3,15.9,0.4
"Lobster salad","Seafood mixed dishes","Quantity not specified (91g)",100,g,187,10.3,1.2,15.4,0.4
"Salmon salad","Seafood mixed dishes","Quantity not specified (104g)",100,g,213,10.8,2.7,17.4,0.4
"Shrimp chow mein or chop suey, no noodles","Fried rice and lo/chow mein","1 cup (220g)",100,g,69,8.8,4.3,1.7,0.8
"Tuna salad, made with mayonnaise","Seafood mixed dishes","1 cup (238g)",100,g,194,10.1,2.9,15.8,0.4
"Tuna salad, made with light mayonnaise","Seafood mixed dishes","1 cup (238g)",100,g,106,9.8,4.8,5.4,0.4
"Tuna salad, made with mayonnaise-type salad dressing","Seafood mixed dishes","1 cup (238g)",100,g,108,9.9,5.9,5.2,0.4
"Tuna salad, made with light mayonnaise-type salad dressing","Seafood mixed dishes","1 cup (238g)",100,g,106,9.8,4.8,5.4,0.4
"Tuna salad, made with creamy dressing","Seafood mixed dishes","1 cup (238g)",100,g,148,10,4,10.3,0.4
"Tuna salad, made with light creamy dressing","Seafood mixed dishes","Quantity not specified (119g)",100,g,78,9.8,7.4,1.2,0.4
"Tuna salad, made with Italian dressing","Seafood mixed dishes","Quantity not specified (119g)",100,g,106,9.8,5.4,5.1,0.4
"Tuna salad, made with light Italian dressing","Seafood mixed dishes","1 cup (238g)",100,g,76,9.8,4.9,2,0.4
"Tuna salad, made with any type of fat free dressing","Seafood mixed dishes","Quantity not specified (119g)",100,g,72,9.6,6.3,1.2,0.8
"Shrimp salad","Seafood mixed dishes","Quantity not specified (91g)",100,g,196,10.7,1.3,16.2,0.4
"Seafood salad","Seafood mixed dishes","1 cup (208g)",100,g,190,10.1,1.3,15.8,0.4
"Tuna salad with cheese","Seafood mixed dishes","Quantity not specified (119g)",100,g,214,11.3,2.9,17.6,0.4
"Tuna salad with egg","Seafood mixed dishes","Quantity not specified (119g)",100,g,190,10.3,2.7,15.4,0.4
"Shrimp garden salad, shrimp, lettuce, eggs, tomato and/or carrots, other vegetables, no dressing","Seafood mixed dishes","1 cup (95g)",100,g,65,8.3,2.8,2,0.8
"Shrimp garden salad, shrimp, lettuce, eggs, vegetables excluding tomato and carrots, no dressing","Seafood mixed dishes","1 cup (95g)",100,g,67,8.8,2.4,2.1,0.7
"Crab salad made with imitation crab","Seafood mixed dishes","Quantity not specified (104g)",100,g,197,4.1,8.7,16.3,0.6
"Fish, tofu, and vegetables, tempura","Seafood mixed dishes","Quantity not specified (134g)",100,g,177,4,4.5,16,1.1
"Seafood garden salad with seafood, lettuce, vegetables excluding tomato and carrots, no dressing","Seafood mixed dishes","1 cup (95g)",100,g,47,7.7,2.6,0.5,0.8
"Seafood garden salad with seafood, lettuce, tomato and/or carrots, other vegetables, no dressing","Seafood mixed dishes","1 cup (95g)",100,g,47,7.1,3,0.5,1
"Seafood garden salad with seafood, lettuce, eggs, vegetables excluding tomato and carrots, no dressing","Seafood mixed dishes","Quantity not specified (332g)",100,g,64,8.4,2.4,2.1,0.7
"Seafood garden salad with seafood, lettuce, eggs, tomato and/or carrots, other vegetables, no dressing","Seafood mixed dishes","Quantity not specified (332g)",100,g,62,7.9,2.8,2,0.8
"Oysters Rockefeller","Seafood mixed dishes","1 oyster (30g)",100,g,134,7.6,9.4,7.5,1.9
"Lomi salmon","Seafood mixed dishes","1 cup (234g)",100,g,60,7.6,3.3,1.9,1
"Shrimp and vegetables including carrots, broccoli, and/or dark-green leafy; no potatoes, no sauce","Seafood mixed dishes","Quantity not specified (81g)",100,g,118,9.4,3.8,7.3,1.6
"Shrimp and vegetables excluding carrots, broccoli, and dark-green leafy; no potatoes, no sauce","Seafood mixed dishes","Quantity not specified (81g)",100,g,124,9.3,6.8,6.9,1.3
"Shrimp and vegetables including carrots, broccoli, and/or dark-green leafy; no potatoes, soy-based sauce","Stir-fry and soy-based sauce mixtures","Quantity not specified (163g)",100,g,116,9.2,5.2,6.4,1.2
"Shrimp and vegetables excluding carrots, broccoli, and dark-green leafy; no potatoes, soy-based sauce","Stir-fry and soy-based sauce mixtures","Quantity not specified (163g)",100,g,118,9.5,4.9,6.6,1
"Shrimp shish kabob with vegetables, excluding potatoes","Seafood mixed dishes","Quantity not specified (77g)",100,g,83,11.2,5.7,1.6,0.8
"Shrimp creole, no rice","Seafood mixed dishes","Quantity not specified (123g)",100,g,124,14.3,4.5,5.2,1
"Kung Pao shrimp","Stir-fry and soy-based sauce mixtures","Quantity not specified (121g)",100,g,173,13.9,5.3,10.7,1
"Tuna casserole with vegetables and mushroom sauce, no noodles","Seafood mixed dishes","1 cup (224g)",100,g,115,9,8.4,5.1,0.9
"Shellfish mixture and vegetables including carrots, broccoli, and/or dark-green leafy; no potatoes, soy-based sauce","Stir-fry and soy-based sauce mixtures","Quantity not specified (163g)",100,g,120,9.4,5.9,6.4,1.2
"Shellfish mixture and vegetables excluding carrots, broccoli, and dark-green leafy; no potatoes, soy-based sauce","Stir-fry and soy-based sauce mixtures","1 cup (217g)",100,g,122,9.7,5.6,6.6,1
"Shellfish mixture and vegetables including carrots, broccoli, and/or dark-green leafy; no potatoes, mushroom sauce","Seafood mixed dishes","Quantity not specified (112g)",100,g,111,6.3,5.9,6.9,1.1
"Shellfish mixture and vegetables excluding carrots, broccoli, and dark-green leafy; no potatoes, mushroom sauce","Seafood mixed dishes","1 cup (224g)",100,g,117,6.3,7.6,6.9,1
"Fish and vegetables including carrots, broccoli, and/or dark-green leafy; no potatoes, tomato-based sauce","Seafood mixed dishes","1 cup (224g)",100,g,106,6.3,4.4,7.3,1.6
"Fish and vegetables excluding carrots, broccoli, and dark- green leafy; no potatoes, tomato-based sauce","Seafood mixed dishes","1 cup (224g)",100,g,112,6.3,6.3,7.3,1.5
"Fish and vegetables including carrots, broccoli, and/or dark-green leafy; no potatoes, soy-based sauce","Stir-fry and soy-based sauce mixtures","1 cup (217g)",100,g,104,7.8,4.6,6,1.2
"Fish and vegetables excluding carrots, broccoli, and dark-green leafy; no potatoes, soy-based sauce","Stir-fry and soy-based sauce mixtures","Quantity not specified (163g)",100,g,106,8,4.3,6.2,1
"Fish shish kabob with vegetables, excluding potatoes","Seafood mixed dishes","Quantity not specified (77g)",100,g,68,9.4,5.1,1.1,0.8
"Fried fish with sauce, Puerto Rican style","Seafood mixed dishes","1 slice (4"" x 3-1/2"" x 1/2"") with sauce (213g)",100,g,155,11.8,3.4,10.3,0.8
"Lobster with sauce, Puerto Rican style","Seafood mixed dishes","Quantity not specified (121g)",100,g,154,10.8,3.9,10.6,0.9
"Octopus salad, Puerto Rican style","Seafood mixed dishes","1 cup (180g)",100,g,170,9.7,5.6,12,1
"Codfish salad, Puerto Rican style, Serenata","Seafood mixed dishes","1 cup (145g)",100,g,183,6.6,2.8,15.9,0.7
"Chow mein or chop suey, NS as to type of meat, no noodles","Fried rice and lo/chow mein","1 cup (220g)",100,g,83,9.8,3.8,3.2,0.8
"Lau lau","Seafood mixed dishes","1 lau lau (214g)",100,g,140,15.3,0,8.3,0
"Antipasto with ham, fish, cheese, vegetables","Meat mixed dishes","Quantity not specified, if main course in meal (402g)",100,g,158,11.6,3.8,10.7,1.1
"Livers, chicken, chopped, with eggs and onion","Poultry mixed dishes","Quantity not specified (156g)",100,g,226,12.9,2.9,17.7,0.4
"Liver, beef or calves, and onions","Meat mixed dishes","1 cubic inch, cooked (22g)",100,g,129,16.7,7,3.6,0.5
"Stewed chitterlings, Puerto Rican style","Meat mixed dishes","1 cup (240g)",100,g,214,8.4,3.8,18.5,0.9
"Stewed gizzards, Puerto Rican style","Poultry mixed dishes","1 cup (260g)",100,g,179,20.3,4.4,8.7,1.1
"Gumbo, no rice","Seafood mixed dishes","Quantity not specified (122g)",100,g,83,8.5,4,3.7,0.9
"Sandwich, NFS","Deli and cured meat sandwiches","1 large (175g)",100,g,287,12.8,33.8,12,1.9
"Sandwich wrap, NFS","Deli and cured meat sandwiches","1 sandwich, any size (140g)",100,g,232,12.8,23.3,9.4,1.5
"Barbecue sandwich, NFS","Meat and BBQ sandwiches","1 miniature/slider (90g)",100,g,238,15.3,24.9,8.1,0.8
"Sloppy joe sandwich, on white bun","Meat and BBQ sandwiches","1 sandwich, any size (185g)",100,g,185,11.3,20,6.4,1.1
"Sloppy joe sandwich, on wheat bun","Meat and BBQ sandwiches","1 sandwich, any size (185g)",100,g,180,11.9,18.4,6.4,2.2
"Barbecue beef sandwich, on white bun","Meat and BBQ sandwiches","1 regular sandwich (180g)",100,g,245,16.5,24.9,8.5,0.8
"Barbecue beef sandwich, on wheat bun","Meat and BBQ sandwiches","Quantity not specified (180g)",100,g,240,17,23.3,8.5,2
"Cheeseburger slider, from fast food","Burgers","1 miniature (60g)",100,g,298,16.2,25,14.3,0.9
"Cheeseburger, NFS","Burgers","1 cheeseburger (165g)",100,g,296,17.9,18.7,16.2,0.6
"Cheeseburger, from fast food, 1 small patty","Burgers","Quantity not specified (115g)",100,g,299,16.4,24,14.8,0.8
"Cheeseburger (Burger King)","Burgers","1 cheeseburger (110g)",100,g,265,14,23.7,12.3,1
"Whopper Jr with cheese (Burger King)","Burgers","1 cheeseburger (155g)",100,g,235,12,19,12.1,0.9
"Cheeseburger (McDonalds)","Burgers","1 cheeseburger (110g)",100,g,270,13.5,25.5,12.9,1.9
"Cheeseburger, from school cafeteria","Burgers","Quantity not specified (100g)",100,g,250,18.7,23.4,8.6,2.7
"Cheeseburger slider","Burgers","Quantity not specified (80g)",100,g,297,18.1,17.9,16.4,0.6
"Cheeseburger, on white bun, 1 small patty","Burgers","1 cheeseburger (135g)",100,g,298,17.6,19.6,16.1,0.7
"Cheeseburger, on wheat bun, 1 small patty","Burgers","Quantity not specified (135g)",100,g,292,18.2,17.8,16.1,2
"Cheeseburger, from fast food, 1 medium patty","Burgers","Quantity not specified (165g)",100,g,296,17.9,18.7,16.2,0.6
"Quarter Pounder (McDonalds)","Burgers","1 cheeseburger (170g)",100,g,256,15.7,22.1,11.6,1.1
"Whopper with cheese (Burger King)","Burgers","Quantity not specified (290g)",100,g,268,13.7,17.7,15.8,1.1
"Quarter Pounder with cheese (McDonalds)","Burgers","1 cheeseburger (200g)",100,g,269,15.2,19.7,14.4,1.2
"Cheeseburger, on white bun, 1 medium patty","Burgers","1 cheeseburger (165g)",100,g,296,17.9,18.7,16.2,0.6
"Cheeseburger, on wheat bun, 1 medium patty","Burgers","1 cheeseburger (165g)",100,g,291,18.5,17,16.2,1.9
"Cheeseburger, on white bun, 1 large patty","Burgers","Quantity not specified (210g)",100,g,299,18.7,15.3,17.6,0.5
"Cheeseburger, on wheat bun, 1 large patty","Burgers","1 cheeseburger (210g)",100,g,295,19.2,13.9,17.6,1.6
"Double cheeseburger, on white bun, 2 small patties","Burgers","1 double cheeseburger (205g)",100,g,296,19.3,13.3,17.9,0.5
"Double cheeseburger, on wheat bun, 2 small patties","Burgers","1 double cheeseburger (205g)",100,g,292,19.7,12.1,17.9,1.4
"Double cheeseburger, on white bun, 2 medium patties","Burgers","Quantity not specified (270g)",100,g,300,19.6,11.8,18.8,0.4
"Double cheeseburger, on wheat bun, 2 medium patties","Burgers","1 double cheeseburger (270g)",100,g,297,20,10.8,18.9,1.2
"Cheeseburger, from fast food, 1 large patty","Burgers","Quantity not specified (210g)",100,g,299,18.7,15.3,17.6,0.5
"Double cheeseburger, on white bun, 2 large patties","Burgers","1 double cheeseburger (330g)",100,g,299,20.2,9.7,19.4,0.3
"Double cheeseburger, on wheat bun, 2 large patties","Burgers","1 double cheeseburger (330g)",100,g,296,20.5,8.8,19.4,1
"Double cheeseburger, from fast food, 2 small patties","Burgers","Quantity not specified (155g)",100,g,297,18.1,17.7,16.6,0.6
"Double cheeseburger (Burger King)","Burgers","Quantity not specified (140g)",100,g,278,16.3,16.9,15.7,0.7
"Double cheeseburger (McDonalds)","Burgers","1 double cheeseburger (165g)",100,g,282,16.2,18,16.2,0.9
"McDouble (McDonalds)","Burgers","1 double cheeseburger (140g)",100,g,282,16.2,18,16.2,0.9
"Big Mac (McDonalds)","Burgers","Quantity not specified (205g)",100,g,261,11.9,21.5,14.1,1.4
"Double cheeseburger, from fast food, 2 medium patties","Burgers","Quantity not specified (270g)",100,g,300,19.6,11.8,18.8,0.4
"Double cheeseburger, from fast food, 2 large patties","Burgers","Quantity not specified (330g)",100,g,299,20.2,9.7,19.4,0.3
"Hamburger slider, from fast food","Burgers","1 miniature hamburger (50g)",100,g,285,15.3,29.2,11.4,1
"Hamburger, NFS","Burgers","Quantity not specified (145g)",100,g,288,17.5,20.7,14.4,0.7
"Hamburger, from fast food, 1 small patty","Burgers","Quantity not specified (90g)",100,g,285,15.5,28.3,11.7,1
"Hamburger (Burger King)","Burgers","Quantity not specified (100g)",100,g,254,13.6,26,10.2,1.1
"Whopper Jr (Burger King)","Burgers","Quantity not specified (135g)",100,g,216,10.7,21.1,9.6,1
"Hamburger (McDonalds)","Burgers","1 hamburger (100g)",100,g,263,13.3,29.6,10.2,1.8
"Hamburger, from school cafeteria","Burgers","Quantity not specified (90g)",100,g,243,17.8,25.7,7.4,3
"Hamburger slider","Burgers","1 miniature hamburger (70g)",100,g,288,17.8,19.7,14.7,0.7
"Hamburger, on white bun, 1 small patty","Burgers","1 hamburger (115g)",100,g,287,17.1,22.2,13.8,0.8
"Hamburger, on wheat bun, 1 small patty","Burgers","Quantity not specified (115g)",100,g,280,17.8,20.1,13.9,2.4
"Hamburger, from fast food, 1 medium patty","Burgers","Quantity not specified (145g)",100,g,288,17.5,20.7,14.4,0.7
"Hamburger, from fast food, 1 large patty","Burgers","1 hamburger (175g)",100,g,289,18.4,17.1,15.6,0.6
"Whopper (Burger King)","Burgers","1 hamburger (270g)",100,g,226,11.3,17.3,12.4,1.5
"Hamburger, on white bun, 1 medium patty","Burgers","Quantity not specified (145g)",100,g,288,17.5,20.7,14.4,0.7
"Hamburger, on wheat bun, 1 medium patty","Burgers","1 hamburger (145g)",100,g,281,18.2,18.7,14.4,2.2
"Hamburger, on white bun, 1 large patty","Burgers","Quantity not specified (175g)",100,g,289,18.4,17.1,15.6,0.6
"Hamburger, on wheat bun, 1 large patty","Burgers","Quantity not specified (175g)",100,g,283,19,15.5,15.7,1.8
"Double hamburger, on white bun, 2 small patties","Burgers","Quantity not specified (180g)",100,g,289,19.2,14.3,16.7,0.5
"Double hamburger, on wheat bun, 2 small patties","Burgers","1 double hamburger (180g)",100,g,285,19.7,12.9,16.7,1.5
"Double hamburger, on white bun, 2 medium patties","Burgers","Quantity not specified (230g)",100,g,290,19.5,13,17.1,0.5
"Double hamburger, on wheat bun, 2 medium patties","Burgers","1 double hamburger (230g)",100,g,286,19.9,11.8,17.1,1.4
"Double hamburger, on white bun, 2 large patties","Burgers","Quantity not specified (290g)",100,g,290,20.2,10.3,18.1,0.4
"Double hamburger, on wheat bun, 2 large patties","Burgers","Quantity not specified (290g)",100,g,287,20.6,9.4,18.1,1.1
"Double hamburger, from fast food, 2 small patties","Burgers","Quantity not specified (130g)",100,g,288,17.8,19.7,14.7,0.7
"Double hamburger, from fast food, 2 medium patties","Burgers","Quantity not specified (230g)",100,g,290,19.5,13,17.1,0.5
"Double hamburger, from fast food, 2 large patties","Burgers","1 double hamburger (290g)",100,g,290,20.2,10.3,18.1,0.4
"Meatball sandwich or sub","Meat and BBQ sandwiches","1 regular or 6"" submarine (270g)",100,g,207,11.3,21.3,8.2,1.2
"Meatloaf sandwich","Meat and BBQ sandwiches","Quantity not specified (135g)",100,g,217,11.8,28.7,6.2,1.3
"Chiliburger, with or without cheese, on bun","Burgers","1 chiliburger (210g)",100,g,232,14.8,17.7,11,1.5
"Corned beef sandwich on white","Deli and cured meat sandwiches","1 regular or 6"" submarine (175g)",100,g,259,13.7,25.7,11,1.2
"Corned beef sandwich on white, with cheese","Deli and cured meat sandwiches","1 large (205g)",100,g,274,14.7,22.5,13.7,1
"Corned beef sandwich on wheat","Deli and cured meat sandwiches","1 miniature/slider (60g)",100,g,257,14.7,23.7,11.2,2.8
"Corned beef sandwich on wheat, with cheese","Deli and cured meat sandwiches","1 miniature/slider (70g)",100,g,273,15.6,20.9,13.9,2.4
"Reuben sandwich","Deli and cured meat sandwiches","Quantity not specified (215g)",100,g,282,10,16.4,19.4,2.2
"Roast beef sandwich on white","Deli and cured meat sandwiches","1 regular or 6"" submarine (175g)",100,g,194,13.9,25.8,3.6,1.2
"Roast beef sandwich on white, with cheese","Deli and cured meat sandwiches","1 regular (135g)",100,g,219,14.9,22.6,7.4,1
"Roast beef sandwich on wheat","Deli and cured meat sandwiches","1 regular or 6"" submarine (175g)",100,g,192,14.9,23.8,3.8,2.8
"Roast beef sandwich on wheat, with cheese","Deli and cured meat sandwiches","1 large (205g)",100,g,217,15.7,20.9,7.6,2.4
"French dip sandwich","Deli and cured meat sandwiches","1 sandwich, any size (185g)",100,g,184,13.2,24.5,3.5,1.1
"Steak sandwich or sub on white","Meat and BBQ sandwiches","Quantity not specified (115g)",100,g,249,17.9,25.5,8.1,1.2
"Steak sandwich or sub on wheat","Meat and BBQ sandwiches","1 miniature/slider (60g)",100,g,247,18.9,23.5,8.3,2.8
"Cheese steak sandwich or sub on white","Meat and BBQ sandwiches","1 miniature/slider (75g)",100,g,270,18.4,21.5,12,1
"Cheese steak sandwich or sub on wheat","Meat and BBQ sandwiches","1 regular (145g)",100,g,268,19.2,19.9,12.2,2.2
"Gyro sandwich","Meat and BBQ sandwiches","Quantity not specified (200g)",100,g,184,11.2,18.8,6.8,1
"Hamburger wrap sandwich, from fast food","Burgers","1 sandwich, any size (158g)",100,g,299,16.9,20.4,16.1,1.4
"Ham sandwich on white","Deli and cured meat sandwiches","1 regular (115g)",100,g,187,12.9,25.6,3.7,1.2
"Ham sandwich on white, with cheese","Deli and cured meat sandwiches","1 large (205g)",100,g,213,14.1,22.4,7.5,1
"Ham sandwich on wheat","Deli and cured meat sandwiches","Quantity not specified (115g)",100,g,185,14,23.6,3.9,2.8
"Ham sandwich on wheat, with cheese","Deli and cured meat sandwiches","1 regular (135g)",100,g,212,14.9,20.8,7.6,2.4
"Ham sandwich or sub, restaurant","Deli and cured meat sandwiches","Quantity not specified (130g)",100,g,178,13.3,22.9,3.7,1.1
"Ham sandwich or sub, with cheese, restaurant","Deli and cured meat sandwiches","Quantity not specified (160g)",100,g,210,14.6,19.7,8.1,0.9
"Ham sandwich wrap","Deli and cured meat sandwiches","1 sandwich, any size (135g)",100,g,230,13.5,22.5,9.4,1.5
"Ham salad sandwich on white","Deli and cured meat sandwiches","1 sandwich, any size (180g)",100,g,242,12,18.3,13.3,1
"Ham salad sandwich on wheat","Deli and cured meat sandwiches","1 sandwich, any size (180g)",100,g,241,12.6,17,13.4,2.1
"Cuban sandwich","Meat and BBQ sandwiches","1 sandwich, any size (190g)",100,g,228,15.9,16.3,10.7,0.8
"Barbecue rib sandwich","Meat and BBQ sandwiches","Quantity not specified (190g)",100,g,223,13.7,26.5,6.5,0.9
"Barbecue pork sandwich, on white bun","Meat and BBQ sandwiches","Quantity not specified (180g)",100,g,243,15,24.9,8.8,0.8
"Barbecue pork sandwich, on wheat bun","Meat and BBQ sandwiches","1 submarine (270g)",100,g,238,15.5,23.3,8.9,2
"Pork sandwich","Meat and BBQ sandwiches","Quantity not specified (115g)",100,g,226,17.7,25.5,5.5,1.2
"Pork sandwich, with cheese","Meat and BBQ sandwiches","Quantity not specified (135g)",100,g,246,18.1,22.3,9,1
"Bacon, lettuce, tomato sandwich on white","Deli and cured meat sandwiches","Quantity not specified (105g)",100,g,231,10.9,29.7,7.5,1.7
"Bacon, lettuce, tomato sandwich on wheat","Deli and cured meat sandwiches","Quantity not specified (105g)",100,g,229,12,27.5,7.8,3.4
"Turkey sandwich on white","Deli and cured meat sandwiches","Quantity not specified (115g)",100,g,189,12,26.5,3.7,1.2
"Turkey sandwich on white, with cheese","Deli and cured meat sandwiches","Quantity not specified (135g)",100,g,215,13.3,23.2,7.5,1
"Turkey sandwich on wheat","Deli and cured meat sandwiches","Quantity not specified (115g)",100,g,187,13.1,24.6,3.9,2.8
"Turkey sandwich on wheat, with cheese","Deli and cured meat sandwiches","1 regular (135g)",100,g,214,14.2,21.6,7.6,2.4
"Turkey sandwich or sub, restaurant","Deli and cured meat sandwiches","1 miniature/slider (65g)",100,g,180,12.3,23.9,3.7,1.1
"Turkey sandwich or sub, with cheese, restaurant","Deli and cured meat sandwiches","1 miniature/slider (80g)",100,g,212,13.8,20.6,8.1,0.9
"Turkey sandwich wrap","Deli and cured meat sandwiches","Quantity not specified (135g)",100,g,232,12.8,23.3,9.4,1.5
"Chicken deli sandwich or sub, restaurant","Deli and cured meat sandwiches","1 miniature/slider (65g)",100,g,176,13.7,24.3,2.7,1.1
"Chicken deli sandwich or sub, with cheese, restaurant","Deli and cured meat sandwiches","1 regular (160g)",100,g,208,14.9,20.9,7.2,0.9
"Chicken salad sandwich on white","Chicken fillet sandwiches","1 miniature/slider (90g)",100,g,246,12.4,18.3,13.7,1
"Chicken salad sandwich on wheat","Chicken fillet sandwiches","Quantity not specified (180g)",100,g,245,13.1,17.1,13.8,2.1
"Chicken salad sandwich wrap","Chicken fillet sandwiches","Quantity not specified (200g)",100,g,269,12.9,17,16.6,1.3
"Club sandwich on white","Deli and cured meat sandwiches","1 sandwich, any size (130g)",100,g,222,15.1,23.1,7.5,1
"Club sandwich on white, with cheese","Deli and cured meat sandwiches","1 sandwich, any size (155g)",100,g,241,15.8,20.6,10.4,0.9
"Club sandwich on wheat","Deli and cured meat sandwiches","Quantity not specified (130g)",100,g,220,16,21.4,7.7,2.4
"Club sandwich on wheat, with cheese","Deli and cured meat sandwiches","Quantity not specified (155g)",100,g,239,16.6,19.1,10.5,2.1
"Club sandwich or sub, restaurant","Deli and cured meat sandwiches","1 large (290g)",100,g,234,16,18.4,10.6,0.8
"Barbecue chicken sandwich, on white bun","Meat and BBQ sandwiches","1 regular sandwich (180g)",100,g,204,15.9,24.9,4.4,0.8
"Barbecue chicken sandwich, on wheat bun","Meat and BBQ sandwiches","1 submarine (270g)",100,g,199,16.5,23.3,4.4,2
"Chicken fillet sandwich, NFS","Chicken fillet sandwiches","1 sandwich, any size (140g)",100,g,281,12.2,27.5,13.5,1.7
"Chicken fillet sandwich, from school cafeteria","Chicken fillet sandwiches","1 sandwich, any size (92g)",100,g,251,14.6,29.8,8.1,4.4
"Chicken fillet biscuit, from fast food","Chicken fillet sandwiches","1 sandwich, any size (155g)",100,g,320,10.8,26.4,19.1,2
"Chicken fillet sandwich, fried, from fast food","Chicken fillet sandwiches","1 regular sandwich (140g)",100,g,281,12.2,27.5,13.5,1.7
"Chicken fillet sandwich, fried, from fast food, with cheese","Chicken fillet sandwiches","1 miniature/slider (80g)",100,g,291,13.2,24.7,15.3,1.5
"Chicken fillet sandwich, grilled, from fast food","Chicken fillet sandwiches","1 large sandwich (280g)",100,g,226,21.5,19.4,6.2,0.7
"Chicken fillet sandwich, grilled, from fast food, with cheese","Chicken fillet sandwiches","1 miniature/slider (80g)",100,g,243,21.4,17.6,9.1,0.6
"Chicken fillet sandwich, NS as to fried or grilled, from fast food","Chicken fillet sandwiches","1 large sandwich (280g)",100,g,281,12.2,27.5,13.5,1.7
"Chicken fillet sandwich, fried, on white bun","Chicken fillet sandwiches","1 miniature/slider (70g)",100,g,269,12.5,28.1,11.7,1.7
"Chicken fillet sandwich, fried, on white bun; with cheese","Chicken fillet sandwiches","1 submarine (322g)",100,g,280,13.5,25.2,13.8,1.5
"Chicken fillet sandwich, fried, on wheat bun","Chicken fillet sandwiches","1 large sandwich (280g)",100,g,263,13.1,26.3,11.7,3.1
"Chicken fillet sandwich, fried, on wheat bun, with cheese","Chicken fillet sandwiches","1 sandwich (1 slice bread) (80g)",100,g,275,14,23.6,13.8,2.7
"Chicken fillet sandwich, grilled, on white bun","Chicken fillet sandwiches","1 sandwich (1 slice bread) (70g)",100,g,216,21.8,19.7,4.8,0.7
"Chicken fillet sandwich, grilled, on white bun, with cheese","Chicken fillet sandwiches","1 miniature/slider (80g)",100,g,235,21.6,17.8,7.9,0.6
"Chicken fillet sandwich, grilled, on wheat bun","Chicken fillet sandwiches","Quantity not specified (140g)",100,g,210,22.5,17.8,4.9,2.1
"Chicken fillet sandwich, grilled, on wheat bun, with cheese","Chicken fillet sandwiches","1 submarine (322g)",100,g,230,22.2,16.2,7.9,1.8
"Chicken fillet wrap sandwich, fried, from fast food","Chicken fillet sandwiches","Quantity not specified (161g)",100,g,299,12.7,24.4,16.7,2
"Chicken fillet wrap sandwich, grilled, from fast food","Chicken fillet sandwiches","Quantity not specified (161g)",100,g,252,20.8,17.3,10.4,1.2
"Turkey or chicken burger, on white bun","Burgers","1 sandwich (145g)",100,g,234,20,20.7,7.7,0.7
"Turkey or chicken burger, on wheat bun","Burgers","Quantity not specified (145g)",100,g,227,20.7,18.7,7.7,2.2
"Fish sandwich, fried, from fast food","Seafood sandwiches","1 regular sandwich (130g)",100,g,235,14.5,25.7,8.2,0.9
"Fish sandwich, fried, from fast food, with cheese","Seafood sandwiches","1 submarine (302g)",100,g,252,15.3,22.9,11,0.8
"Crab cake sandwich","Seafood sandwiches","1 submarine (360g)",100,g,231,12.7,19.4,11.2,1
"Salmon cake sandwich","Seafood sandwiches","1 regular sandwich (180g)",100,g,279,13.9,19.4,15.9,1
"Fried seafood sandwich","Seafood sandwiches","1 regular sandwich (180g)",100,g,234,11.3,24.7,9.8,1.1
"Fish sandwich, from school cafeteria","Seafood sandwiches","Quantity not specified (90g)",100,g,209,15,27.4,4.3,3.5
"Fish sandwich, NFS","Seafood sandwiches","Quantity not specified (151g)",100,g,252,15.3,22.9,11,0.8
"Fish sandwich, fried, on white bun","Seafood sandwiches","Quantity not specified (130g)",100,g,236,14.5,25.7,8.2,0.9
"Fish sandwich, fried, on white bun, with cheese","Seafood sandwiches","1 regular sandwich (151g)",100,g,252,15.3,22.9,11,0.8
"Fish sandwich, fried, on wheat bun","Seafood sandwiches","1 miniature/slider (65g)",100,g,229,15.2,23.8,8.2,2.4
"Fish sandwich, fried, on wheat bun, with cheese","Seafood sandwiches","1 miniature/slider (75g)",100,g,247,15.9,21.2,11,2.1
"Fish sandwich, grilled","Seafood sandwiches","1 sandwich (1 slice bread) (65g)",100,g,180,16.1,21.2,3.3,0.8
"Fish wrap sandwich","Seafood sandwiches","1 sandwich, any size (151g)",100,g,262,14.7,22.6,12.4,1.4
"Sardine sandwich","Seafood sandwiches","1 regular sandwich (135g)",100,g,234,17.9,21.9,8,1
"Tuna salad sandwich on white","Seafood sandwiches","1 miniature/slider (90g)",100,g,218,9.9,18.3,11.8,1
"Tuna salad sandwich on white, with cheese","Seafood sandwiches","Quantity not specified (200g)",100,g,233,11,16.9,13.5,0.9
"Tuna salad sandwich on wheat","Seafood sandwiches","1 regular or 6"" submarine (270g)",100,g,217,10.5,17.1,11.9,2.1
"Tuna salad sandwich on wheat, with cheese","Seafood sandwiches","1 miniature/slider (100g)",100,g,232,11.6,15.8,13.6,1.9
"Tuna salad sandwich wrap","Seafood sandwiches","Quantity not specified (200g)",100,g,244,10.6,17,14.8,1.3
"Seafood salad sandwich","Seafood sandwiches","1 large sandwich (360g)",100,g,216,9.9,17.2,11.8,1
"Bologna sandwich on white","Deli and cured meat sandwiches","Quantity not specified (115g)",100,g,274,9.9,28.5,13.3,1.2
"Bologna sandwich on white, with cheese","Deli and cured meat sandwiches","1 regular or 6"" submarine (205g)",100,g,287,11.5,24.9,15.7,1
"Bologna sandwich on wheat","Deli and cured meat sandwiches","1 regular (115g)",100,g,272,10.9,26.5,13.5,2.8
"Bologna sandwich on wheat, with cheese","Deli and cured meat sandwiches","1 regular or 6"" submarine (205g)",100,g,285,12.3,23.2,15.8,2.4
"Corn dog","Frankfurter sandwiches","1 regular (88g)",100,g,250,8.6,27,12,1
"Pig in a blanket","Frankfurter sandwiches","Quantity not specified (85g)",100,g,310,11.4,19.2,20.9,0.7
"Salami sandwich on white","Deli and cured meat sandwiches","1 regular or 6"" submarine (175g)",100,g,321,15.1,25.8,17.1,1.2
"Salami sandwich on white, with cheese","Deli and cured meat sandwiches","1 large (205g)",100,g,326,15.9,22.6,18.9,1
"Salami sandwich on wheat","Deli and cured meat sandwiches","Quantity not specified (115g)",100,g,319,16.1,23.8,17.3,2.8
"Salami sandwich on wheat, with cheese","Deli and cured meat sandwiches","1 regular (135g)",100,g,325,16.7,21,19,2.4
"Italian sandwich on white","Deli and cured meat sandwiches","Quantity not specified (165g)",100,g,309,15.7,18.9,18.8,0.8
"Italian sandwich on wheat","Deli and cured meat sandwiches","1 large (250g)",100,g,308,16.4,17.5,18.9,2
"Italian sandwich or sub, restaurant","Deli and cured meat sandwiches","1 regular (195g)",100,g,313,16.2,16.4,20.1,0.7
"Italian sausage sandwich on white","Frankfurter sandwiches","Quantity not specified (135g)",100,g,300,14.5,23.5,16.3,0.8
"Italian sausage sandwich on wheat","Deli and cured meat sandwiches","Quantity not specified (135g)",100,g,293,15.2,21.4,16.3,2.4
"Spam sandwich","Deli and cured meat sandwiches","1 sandwich, any size (135g)",100,g,266,10,27.6,12.8,1.1
"Hot dog sandwich, NFS, on white bun","Frankfurter sandwiches","Quantity not specified (102g)",100,g,296,10.9,23.7,17.4,0.8
"Hot dog sandwich, NFS, on wheat bun","Frankfurter sandwiches","Quantity not specified (102g)",100,g,290,11.6,21.7,17.4,2.4
"Hot dog sandwich, NFS, on white bread","Frankfurter sandwiches","1 sandwich (1 slice bread) (87g)",100,g,295,10.9,18.9,19.6,0.8
"Hot dog sandwich, NFS, on wheat bread","Frankfurter sandwiches","Quantity not specified (87g)",100,g,294,11.6,17.6,19.7,1.9
"Hot dog sandwich, beef, on white bun","Frankfurter sandwiches","1 sandwich (102g)",100,g,296,10.9,23.7,17.4,0.8
"Hot dog sandwich, beef, on wheat bun","Frankfurter sandwiches","1 sandwich (102g)",100,g,290,11.6,21.7,17.4,2.4
"Hot dog sandwich, beef, on white bread","Frankfurter sandwiches","Quantity not specified (87g)",100,g,295,10.9,18.9,19.6,0.8
"Hot dog sandwich, beef, on wheat bread","Frankfurter sandwiches","Quantity not specified (87g)",100,g,294,11.6,17.6,19.7,1.9
"Hot dog sandwich, meat and poultry, on white bun","Frankfurter sandwiches","Quantity not specified (102g)",100,g,278,9.7,24.9,15.2,0.8
"Hot dog sandwich, meat and poultry, on wheat bun","Frankfurter sandwiches","1 sandwich (102g)",100,g,271,10.5,22.8,15.3,2.4
"Hot dog sandwich, meat and poultry, on white bread","Frankfurter sandwiches","1 sandwich (1 slice bread) (87g)",100,g,274,9.6,20.3,17.1,0.8
"Hot dog sandwich, meat and poultry, on wheat bread","Frankfurter sandwiches","Quantity not specified (87g)",100,g,272,10.3,19,17.2,1.9
"Hot dog sandwich, turkey, on white bun","Frankfurter sandwiches","Quantity not specified (102g)",100,g,248,11.1,24.2,11.4,0.8
"Hot dog sandwich, turkey, on wheat bun","Frankfurter sandwiches","Quantity not specified (102g)",100,g,241,11.9,22.2,11.4,2.4
"Hot dog sandwich, turkey, on white bread","Frankfurter sandwiches","1 sandwich (1 slice bread) (87g)",100,g,238,11.3,19.5,12.6,0.8
"Hot dog sandwich, turkey, on wheat bread","Frankfurter sandwiches","Quantity not specified (87g)",100,g,237,11.9,18.2,12.7,1.9
"Hot dog sandwich, reduced fat, on white bun","Frankfurter sandwiches","Quantity not specified (102g)",100,g,244,12,25,10.5,0.8
"Hot dog sandwich, reduced fat, on wheat bun","Frankfurter sandwiches","Quantity not specified (102g)",100,g,237,12.7,22.9,10.5,2.4
"Hot dog sandwich, reduced fat, on white bread","Frankfurter sandwiches","Quantity not specified (87g)",100,g,234,12.3,20.3,11.5,0.8
"Hot dog sandwich, reduced fat, on wheat bread","Frankfurter sandwiches","1 sandwich (1 slice bread) (87g)",100,g,233,12.9,19,11.6,1.9
"Hot dog sandwich, vegetarian, on bun","Frankfurter sandwiches","1 sandwich (115g)",100,g,251,15.8,24.3,9.9,3.1
"Hot dog sandwich, vegetarian, on bread","Frankfurter sandwiches","1 sandwich (1 slice bread) (100g)",100,g,243,16.6,20.2,10.7,3.4
"Chili hot dog sandwich, on white bun","Frankfurter sandwiches","1 footlong (269g)",100,g,223,9.9,18.8,12,1.7
"Chili hot dog sandwich, on wheat bun","Frankfurter sandwiches","Quantity not specified (166g)",100,g,219,10.4,17.5,12,2.7
"Chili hot dog sandwich, on white bread","Frankfurter sandwiches","1 sandwich (1 slice bread) (151g)",100,g,215,9.9,15.5,12.7,1.8
"Chili hot dog sandwich, on wheat bread","Frankfurter sandwiches","1 sandwich (1 slice bread) (151g)",100,g,215,10.3,14.7,12.8,2.4
"Multiple meat sandwich on white","Deli and cured meat sandwiches","1 large (220g)",100,g,190,12.9,21.7,5.6,1
"Multiple meat sandwich on white, with cheese","Deli and cured meat sandwiches","Quantity not specified (165g)",100,g,211,13.8,19.5,8.5,0.8
"Multiple meat sandwich on wheat","Deli and cured meat sandwiches","1 regular or 6"" submarine (220g)",100,g,189,13.7,20.1,5.8,2.2
"Multiple meat sandwich on wheat, with cheese","Deli and cured meat sandwiches","1 large (250g)",100,g,210,14.5,18.2,8.7,2
"Multiple meat sandwich or sub, restaurant","Deli and cured meat sandwiches","1 regular (165g)",100,g,183,13.2,19.3,5.8,0.8
"Multiple meat sandwich or sub, with cheese, restaurant","Deli and cured meat sandwiches","1 regular or 6"" submarine (285g)",100,g,208,14.2,17.2,9.1,0.7
"Multiple meat sandwich wrap","Deli and cured meat sandwiches","1 sandwich, any size (165g)",100,g,226,13.4,19.6,10.1,1.3
"Turkey and ham sandwich on white","Deli and cured meat sandwiches","1 sandwich, any size (145g)",100,g,172,13.1,21.2,3.7,1
"Turkey and ham sandwich on white, with cheese","Deli and cured meat sandwiches","Quantity not specified (165g)",100,g,195,14,19.2,6.8,0.8
"Turkey and ham sandwich on wheat","Deli and cured meat sandwiches","Quantity not specified (145g)",100,g,170,13.9,19.7,3.8,2.2
"Turkey and ham sandwich on wheat, with cheese","Deli and cured meat sandwiches","1 sandwich, any size (165g)",100,g,194,14.8,17.8,7,2
"Turkey and ham sandwich or sub, restaurant","Deli and cured meat sandwiches","1 regular or 6"" submarine (250g)",100,g,163,13.5,18.6,3.7,0.8
"Turkey and ham sandwich or sub, with cheese, restaurant","Deli and cured meat sandwiches","1 regular (195g)",100,g,191,14.5,16.6,7.3,0.7
"Frozen dinner, NFS","Meat mixed dishes","1 meal (11 oz) (312g)",100,g,146,6.8,10.9,8.4,1.2
"Beef dinner, NFS, frozen meal","Meat mixed dishes","Quantity not specified (312g)",100,g,146,6.8,10.9,8.4,1.2
"Beef with vegetable, diet frozen meal","Meat mixed dishes","Quantity not specified (284g)",100,g,125,10.6,4.7,7,0.8
"Salisbury steak dinner, NFS, frozen meal","Meat mixed dishes","1 meal (11 oz) (312g)",100,g,146,6.8,10.9,8.4,1.2
"Salisbury steak with gravy, potatoes, vegetable, frozen meal","Meat mixed dishes","1 Kraft meal (9 oz) (255g)",100,g,146,6.8,10.9,8.4,1.2
"Salisbury steak with gravy, whipped potatoes, vegetable, dessert, frozen meal","Meat mixed dishes","1 Morton Salisbury Steak Dinner (11.25 oz) (319g)",100,g,141,7.7,12.6,6.7,1
"Salisbury steak with gravy, macaroni and cheese, frozen meal","Meat mixed dishes","1 meal (10 oz) (284g)",100,g,202,10.4,20.4,8.5,1.3
"Beef, sliced, with gravy, potatoes, vegetable, frozen meal","Meat mixed dishes","1 Stouffer's meal (8-7/8 oz) (252g)",100,g,125,8.1,6.6,7.3,0.7
"Meatballs, Swedish, in gravy, with noodles, diet frozen meal","Meat mixed dishes","1 meal (9.1 oz) (258g)",100,g,112,9.9,10.3,3.4,0.8
"Beef with spaetzle or rice, vegetable, frozen meal","Meat mixed dishes","1 Stouffer's meal (10.5 oz) (298g)",100,g,118,6.9,12.2,4.4,0.6
"Chicken dinner, NFS, frozen meal","Poultry mixed dishes","1 meal (11 oz) (312g)",100,g,124,8.5,10.7,5.2,0.9
"Chicken, fried, with potatoes, vegetable, frozen meal","Poultry mixed dishes","1 meal (11 oz) (312g)",100,g,157,10.3,10.6,8.1,1.7
"Chicken patty, or nuggets, boneless, breaded, potatoes, vegetable, frozen meal","Poultry mixed dishes","1 Banquet meal (6.75 oz) (191g)",100,g,175,10.7,16,8.1,1.4
"Chicken, fried, with potatoes, vegetable, dessert, frozen meal, large meat portion","Poultry mixed dishes","1 Swanson meal (16.5 oz) (468g)",100,g,201,10.9,18.1,9.9,1.3
"Teriyaki chicken with rice and vegetable, diet frozen meal","Stir-fry and soy-based sauce mixtures","1 Weight Watchers meal (10.5 oz) (297g)",100,g,126,5.7,22.5,1.6,0.7
"Chicken with rice and vegetable, diet frozen meal","Poultry mixed dishes","1 meal (8.5 oz) (241g)",100,g,111,9.8,11,3,0.8
"Chicken and vegetables au gratin with rice, diet frozen entree","Poultry mixed dishes","1 entree (9.1 oz) (258g)",100,g,120,10.7,7.2,5.4,0.8
"Chicken and vegetable entree with rice, diet frozen meal","Poultry mixed dishes","1 meal (9 oz) (255g)",100,g,171,10.5,19.7,5.6,0.7
"Chicken with noodles and cheese sauce, diet frozen meal","Poultry mixed dishes","1 Healthy Choice meal (8.5 oz) (241g)",100,g,114,10.1,11.7,2.9,0.7
"Chicken and vegetable entree with noodles, diet frozen meal","Poultry mixed dishes","1 Healthy Choice meal (8.5 oz) (241g)",100,g,85,7.6,9.8,1.9,1.6
"Chicken in soy-based sauce, rice and vegetables, frozen meal","Stir-fry and soy-based sauce mixtures","1 meal (9 oz) (255g)",100,g,109,6.6,18.1,0.9,1
"Chicken and vegetable entree with noodles and cream sauce, frozen meal","Poultry mixed dishes","1 meal (10 oz) (284g)",100,g,124,8.5,10.7,5.2,0.9
"Turkey with vegetable, stuffing, diet frozen meal","Poultry mixed dishes","1 Weight Watchers meal (8.5 oz) (241g)",100,g,96,9.3,10.7,1.8,1.5
"Turkey with gravy, dressing, potatoes, vegetable, frozen meal","Poultry mixed dishes","Quantity not specified (262g)",100,g,128,7,16.3,3.9,1.3
"Fish in lemon-butter sauce with starch item, vegetable, frozen meal","Seafood mixed dishes","1 meal (10 oz) (284g)",100,g,101,5.5,11,3.8,1.1
"Shrimp and vegetables in sauce with noodles, diet frozen meal","Seafood mixed dishes","1 meal (11 oz) (312g)",100,g,91,5.3,13.5,1.7,1.5
"Meat loaf dinner, NFS, frozen meal","Meat mixed dishes","Quantity not specified (312g)",100,g,134,6.7,10.1,7.4,1.2
"Meat loaf with potatoes, vegetable, frozen meal","Meat mixed dishes","1 Stouffer's dinner (17 oz) (482g)",100,g,134,6.7,10.1,7.4,1.2
"Soup, meatball","Soups, broth-based","1 cup (245g)",100,g,52,2.7,5.5,2.2,0.9
"Soup, pho, with meat","Ramen and Asian broth-based soups","1 cup (245g)",100,g,77,5.8,5.6,3.3,0.4
"Soup, pho, no meat","Ramen and Asian broth-based soups","1 cup (245g)",100,g,37,1.4,5.9,0.9,0.5
"Soup, pepperpot","Soups, cream-based","1 cup (245g)",100,g,91,3.1,6.8,5.8,0.9
"Soup, beef, canned","Soups, broth-based","1 cup (245g)",100,g,37,1.9,4.9,1.2,0.9
"Soup, sopa or caldo de res","Soups, broth-based","Quantity not specified (245g)",100,g,71,5.9,4,3.4,0.8
"Soup, pozole","Soups, broth-based","Quantity not specified (245g)",100,g,43,3.4,4.6,1.2,0.9
"Soup, Italian wedding","Soups, broth-based","1 can (525g)",100,g,66,3.6,7.4,2.4,0.9
"Soup, pork or ham","Soups, broth-based","Quantity not specified (245g)",100,g,48,3.1,4,2.2,0.8
"Soup, broth","Soups, broth-based","1 carton (910g)",100,g,6,0.9,0.2,0.2,0
"Soup, chicken, canned","Soups, broth-based","1 can (525g)",100,g,33,2,4.9,0.7,0.9
"Soup, chicken","Soups, broth-based","Quantity not specified (245g)",100,g,40,3.4,4,1.1,0.8
"Soup, sopa or caldo de pollo","Soups, broth-based","Quantity not specified (245g)",100,g,55,6.2,4,1.6,0.8
"Soup, hot and sour","Ramen and Asian broth-based soups","1 cup (245g)",100,g,39,2.6,4.4,1.2,0.5
"Soup, cream of chicken","Soups, cream-based","1 cup (255g)",100,g,91,4,6.8,5.4,0.9
"Soup, Manhattan clam chowder","Soups, broth-based","1 can (525g)",100,g,35,2.5,5.3,0.5,0.8
"Soup, New England clam chowder","Soups, cream-based","1 individual container (440g)",100,g,93,3.1,9.3,4.8,1
"Soup, bisque","Soups, cream-based","Quantity not specified (255g)",100,g,75,2.3,5.9,4.8,0.9
"Lobster gumbo","Seafood mixed dishes","Quantity not specified (122g)",100,g,59,6.2,4.6,1.8,0.9
"Shrimp gumbo","Seafood mixed dishes","1 cup (244g)",100,g,61,6.5,4.6,1.9,0.9
"Soup, fish or shrimp","Soups, broth-based","1 cup (245g)",100,g,30,2.6,4,0.5,0.8
"Gravy, poultry","Dips, gravies, other sauces","Quantity not specified (60g)",100,g,48,0.7,5.3,2.6,0.1
"Gravy, beef","Dips, gravies, other sauces","1 cup (240g)",100,g,53,3.8,4.8,2.4,0.4
"Gravy, beef, fat free","Dips, gravies, other sauces","1 cup (240g)",100,g,53,3.8,4.8,2.4,0.4
"Gravy, poultry, fat free","Dips, gravies, other sauces","1 cup (240g)",100,g,48,0.7,5.3,2.6,0.1
"Gravy, made with soy sauce","Dips, gravies, other sauces","1 cup (240g)",100,g,46,0.8,9.8,0.3,0.1
"Gravy, NFS","Dips, gravies, other sauces","Quantity not specified (60g)",100,g,53,3.8,4.8,2.4,0.4
"Oyster sauce","Soy-based condiments","Quantity not specified (16g)",100,g,51,1.4,10.9,0.3,0.3
"Mole sauce","Dips, gravies, other sauces","1 tablespoon (16g)",100,g,75,1,10.8,3.8,1
"Egg, whole, raw","Eggs and omelets","1 egg (50g)",100,g,143,12.4,1,10,0
"Egg, whole, cooked, NS as to cooking method","Eggs and omelets","Quantity not specified (50g)",100,g,176,11.8,0.9,13.9,0
"Egg, whole, boiled or poached","Eggs and omelets","1 egg (50g)",100,g,143,12.4,1,10,0
"Egg, whole, fried, NS as to fat","Eggs and omelets","1 cup (135g)",100,g,185,11.6,0.9,15,0
"Egg, whole, fried no added fat","Eggs and omelets","Quantity not specified (50g)",100,g,143,12.4,1,9.9,0
"Egg, whole, fried with margarine","Eggs and omelets","1 egg (55g)",100,g,171,11.6,1,13.5,0
"Egg, whole, fried with oil","Eggs and omelets","Quantity not specified (55g)",100,g,192,11.6,0.9,15.8,0
"Egg, whole, fried with butter","Eggs and omelets","1 egg (55g)",100,g,182,11.6,0.9,14.6,0
"Egg, whole, fried with animal fat or meat drippings","Eggs and omelets","1 cup (135g)",100,g,188,11.7,0.9,15.3,0
"Egg, whole, fried with cooking spray","Eggs and omelets","1 egg (50g)",100,g,149,12.2,1.2,10.6,0
"Egg, whole, fried, NS as to fat type","Eggs and omelets","1 egg (55g)",100,g,185,11.6,0.9,15,0
"Egg, whole, fried, from fast food / restaurant","Eggs and omelets","1 egg (55g)",100,g,192,11.6,0.9,15.8,0
"Egg, whole, baked, NS as to fat","Eggs and omelets","1 cup (135g)",100,g,185,11.6,0.9,15,0
"Egg, whole, baked, no added fat","Eggs and omelets","1 cup (135g)",100,g,143,12.4,1,9.9,0
"Egg, whole, baked, fat added","Eggs and omelets","1 egg (55g)",100,g,185,11.6,0.9,15,0
"Egg, whole, pickled","Eggs and omelets","Quantity not specified (50g)",100,g,154,12.5,1.1,10.5,0
"Egg, white only, raw","Eggs and omelets","1 egg white (33g)",100,g,52,10.7,2.4,0,0
"Egg, white, cooked, NS as to fat","Eggs and omelets","1 egg white (36g)",100,g,100,10,2.2,5.7,0
"Egg, white, cooked, no added fat","Eggs and omelets","Quantity not specified (33g)",100,g,52,10.7,2.4,0,0
"Egg, white, cooked, fat added","Eggs and omelets","1 cup (135g)",100,g,100,10,2.2,5.7,0
"Egg, yolk only, raw","Eggs and omelets","1 cup (245g)",100,g,328,16.2,1,28.8,0
"Egg, yolk only, cooked, NS as to fat","Eggs and omelets","1 cup (135g)",100,g,357,15.1,1,32.6,0
"Egg, yolk only, cooked, no added fat","Eggs and omelets","Quantity not specified (17g)",100,g,327,16.2,1,28.7,0
"Egg, yolk only, cooked, fat added","Eggs and omelets","1 cup (135g)",100,g,357,15.1,1,32.6,0
"Duck egg, cooked","Eggs and omelets","Quantity not specified (70g)",100,g,224,12,1.4,18.6,0
"Goose egg, cooked","Eggs and omelets","1 egg (144g)",100,g,224,12.9,1.3,18.1,0
"Quail egg, canned","Eggs and omelets","Quantity not specified (18g)",100,g,158,13,0.4,11.1,0
"Egg, creamed","Eggs and omelets","Quantity not specified (145g)",100,g,148,7.8,5.5,10.4,0.1
"Egg, Benedict","Eggs and omelets","1 egg (155g)",100,g,288,13.8,8.5,22.1,0.6
"Egg, deviled","Eggs and omelets","Quantity not specified (30g)",100,g,198,11.5,1.1,15.9,0
"Egg salad, made with mayonnaise","Eggs and omelets","1 cup (222g)",100,g,257,10.3,1,23.1,0
"Egg salad, made with light mayonnaise","Eggs and omelets","1 egg, NS as to size (74g)",100,g,172,10,2.8,13,0
"Egg salad, made with mayonnaise-type salad dressing","Eggs and omelets","1 egg, NS as to size (74g)",100,g,174,10.1,3.9,12.8,0
"Egg salad, made with light mayonnaise-type salad dressing","Eggs and omelets","1 large egg (74g)",100,g,172,10,2.8,13,0
"Egg salad, made with creamy dressing","Eggs and omelets","1 extra large egg (82g)",100,g,212,10.2,2.1,17.7,0
"Egg salad, made with light creamy dressing","Eggs and omelets","1 extra large egg (82g)",100,g,155,10.2,2.4,11.3,0
"Egg salad, made with Italian dressing","Eggs and omelets","Quantity not specified (111g)",100,g,172,10,3.4,12.7,0
"Egg salad, made with light Italian dressing","Eggs and omelets","1 large egg (74g)",100,g,143,10,3,9.7,0
"Egg Salad, made with any type of fat free dressing","Eggs and omelets","Quantity not specified (111g)",100,g,139,9.8,4.3,8.8,0.4
"Huevos rancheros","Eggs and omelets","1 cup (135g)",100,g,121,6.7,8.9,6.7,1.7
"Egg casserole with bread, cheese, milk and meat","Eggs and omelets","1 cup (164g)",100,g,175,11.4,10.2,9.8,0.4
"Egg foo yung, NFS","Stir-fry and soy-based sauce mixtures","Quantity not specified (131g)",100,g,125,11.7,5.2,6.2,0.3
"Chicken egg foo yung","Stir-fry and soy-based sauce mixtures","1 cup (175g)",100,g,137,12.8,4.8,7.4,0.3
"Pork egg foo yung","Stir-fry and soy-based sauce mixtures","1 patty (86g)",100,g,149,13.3,4.8,8.3,0.3
"Shrimp egg foo yung","Stir-fry and soy-based sauce mixtures","1 patty (86g)",100,g,125,11.7,5.2,6.2,0.3
"Beef egg foo yung","Stir-fry and soy-based sauce mixtures","Quantity not specified (131g)",100,g,147,13.8,4.8,8.1,0.3
"Egg omelet or scrambled egg, NS as to fat","Eggs and omelets","1 cup (135g)",100,g,185,11.6,0.9,15,0
"Egg omelet or scrambled egg, made with margarine","Eggs and omelets","1 cup (135g)",100,g,171,11.6,1,13.5,0
"Egg omelet or scrambled egg, made with oil","Eggs and omelets","1 egg (55g)",100,g,192,11.6,0.9,15.8,0
"Egg omelet or scrambled egg, made with butter","Eggs and omelets","Quantity not specified (110g)",100,g,182,11.6,0.9,14.6,0
"Egg omelet or scrambled egg, made with animal fat or meat drippings","Eggs and omelets","1 egg (55g)",100,g,188,11.7,0.9,15.3,0
"Egg omelet or scrambled egg, made with cooking spray","Eggs and omelets","Quantity not specified (100g)",100,g,149,12.2,1.2,10.6,0
"Egg omelet or scrambled egg, NS as to fat type","Eggs and omelets","1 cup (135g)",100,g,185,11.6,0.9,15,0
"Egg omelet or scrambled egg, no added fat","Eggs and omelets","Quantity not specified (100g)",100,g,143,12.4,1,9.9,0
"Egg omelet or scrambled egg, from fast food / restaurant","Eggs and omelets","1 egg (55g)",100,g,192,11.6,0.9,15.8,0
"Egg omelet or scrambled egg, with cheese, made with margarine","Eggs and omelets","1 cup (135g)",100,g,194,12.7,1.5,15.4,0
"Egg omelet or scrambled egg, with cheese, made with oil","Eggs and omelets","1 cup (135g)",100,g,212,12.6,1.4,17.4,0
"Egg omelet or scrambled egg, with cheese, made with butter","Eggs and omelets","1 egg (65g)",100,g,203,12.7,1.4,16.3,0
"Egg omelet or scrambled egg, with cheese, made with animal fat or meat drippings","Eggs and omelets","1 egg (65g)",100,g,209,12.8,1.4,16.9,0
"Egg omelet or scrambled egg, with cheese, made with cooking spray","Eggs and omelets","1 cup (135g)",100,g,176,13.3,1.7,12.9,0
"Egg omelet or scrambled egg, with cheese, no added fat","Eggs and omelets","1 cup (135g)",100,g,171,13.4,1.5,12.3,0
"Egg omelet or scrambled egg, with meat, NS as to fat","Eggs and omelets","1 cup (135g)",100,g,193,12.7,1,15.4,0
"Egg omelet or scrambled egg, with meat, made with margarine","Eggs and omelets","Quantity not specified (150g)",100,g,181,12.7,1,14.1,0
"Egg omelet or scrambled egg, with meat, made with oil","Eggs and omelets","Quantity not specified (150g)",100,g,199,12.7,1,16.1,0
"Egg omelet or scrambled egg, with meat, made with butter","Eggs and omelets","Quantity not specified (150g)",100,g,190,12.7,1,15,0
"Egg omelet or scrambled egg, with meat, made with animal fat or meat drippings","Eggs and omelets","1 cup (135g)",100,g,196,12.8,1,15.6,0
"Egg omelet or scrambled egg, with meat, made with cooking spray","Eggs and omelets","1 cup (135g)",100,g,162,13.4,1.2,11.5,0
"Egg omelet or scrambled egg, with meat, NS as to fat type","Eggs and omelets","1 egg (75g)",100,g,193,12.7,1,15.4,0
"Egg omelet or scrambled egg, with meat, no added fat","Eggs and omelets","Quantity not specified (140g)",100,g,157,13.5,1,11,0
"Egg omelet or scrambled egg, with cheese and meat, NS as to fat","Eggs and omelets","1 cup (135g)",100,g,209,13.3,1.4,16.7,0
"Egg omelet or scrambled egg, with cheese and meat, made with margarine","Eggs and omelets","Quantity not specified (170g)",100,g,198,13.3,1.5,15.5,0
"Egg omelet or scrambled egg, with cheese and meat, made with oil","Eggs and omelets","1 egg (85g)",100,g,215,13.3,1.4,17.4,0
"Egg omelet or scrambled egg, with cheese and meat, made with butter","Eggs and omelets","Quantity not specified (170g)",100,g,207,13.3,1.4,16.5,0
"Egg omelet or scrambled egg, with cheese and meat, made with animal fat or meat drippings","Eggs and omelets","1 cup (135g)",100,g,212,13.4,1.4,17,0
"Egg omelet or scrambled egg, with cheese and meat, made with cooking spray","Eggs and omelets","1 cup (135g)",100,g,182,13.9,1.7,13.3,0
"Egg omelet or scrambled egg, with cheese and meat, NS as to fat type","Eggs and omelets","1 egg (85g)",100,g,209,13.3,1.4,16.7,0
"Egg omelet or scrambled egg, with cheese and meat, no added fat","Eggs and omelets","1 egg (80g)",100,g,177,14,1.5,12.8,0
"Egg omelet or scrambled egg, with tomatoes, fat added","Eggs and omelets","1 cup (135g)",100,g,165,10.3,1.5,13.2,0.2
"Egg omelet or scrambled egg, with tomatoes, no added fat","Eggs and omelets","Quantity not specified (140g)",100,g,127,10.9,1.6,8.7,0.2
"Egg omelet or scrambled egg, with tomatoes, NS as to fat","Eggs and omelets","1 cup (135g)",100,g,165,10.3,1.5,13.2,0.2
"Egg omelet or scrambled egg, with dark-green vegetables, fat added","Eggs and omelets","Quantity not specified (150g)",100,g,166,10.5,1.4,13.2,0.2
"Egg omelet or scrambled egg, with dark-green vegetables, no added fat","Eggs and omelets","1 cup (135g)",100,g,129,11.1,1.4,8.7,0.3
"Egg omelet or scrambled egg, with dark-green vegetables, NS as to fat","Eggs and omelets","1 cup (135g)",100,g,166,10.5,1.4,13.2,0.2
"Egg omelet or scrambled egg, with tomatoes and dark-green vegetables, fat added","Eggs and omelets","1 egg (75g)",100,g,165,10.3,1.4,13.1,0.2
"Egg omelet or scrambled egg, with tomatoes and dark-green vegetables, no fat added","Eggs and omelets","1 egg (70g)",100,g,127,10.9,1.5,8.6,0.2
"Egg omelet or scrambled egg, with tomatoes and dark-green vegetables, NS as to fat","Eggs and omelets","Quantity not specified (150g)",100,g,165,10.3,1.4,13.1,0.2
"Egg omelet or scrambled egg, with vegetables other than dark green and/or tomatoes, fat added","Eggs and omelets","1 cup (135g)",100,g,167,10.6,1.5,13.2,0.3
"Egg omelet or scrambled egg, with vegetables other than dark green and/or tomatoes, no added fat","Eggs and omelets","1 egg (70g)",100,g,129,11.2,1.6,8.7,0.3
"Egg omelet or scrambled egg, with vegetables other than dark green and/or tomatoes, NS as to fat","Eggs and omelets","1 egg (75g)",100,g,167,10.6,1.5,13.2,0.3
"Egg omelet or scrambled egg, with cheese and tomatoes, fat added","Eggs and omelets","1 egg (85g)",100,g,186,11.4,1.9,14.9,0.2
"Egg omelet or scrambled egg, with cheese and tomatoes, no added fat","Eggs and omelets","1 egg (80g)",100,g,154,12,2,10.9,0.2
"Egg omelet or scrambled egg, with cheese and tomatoes, NS as to fat","Eggs and omelets","1 egg (85g)",100,g,186,11.4,1.9,14.9,0.2
"Egg omelet or scrambled egg, with cheese and dark-green vegetables, fat added","Eggs and omelets","Quantity not specified (170g)",100,g,187,11.6,1.8,14.9,0.2
"Egg omelet or scrambled egg, with cheese and dark-green vegetables, no added fat","Eggs and omelets","1 cup (135g)",100,g,155,12.2,1.8,11,0.2
"Egg omelet or scrambled egg, with cheese and dark-green vegetables, NS as to fat","Eggs and omelets","1 cup (135g)",100,g,187,11.6,1.8,14.9,0.2
"Egg omelet or scrambled egg, with cheese, tomatoes, and dark-green vegetables, fat added","Eggs and omelets","Quantity not specified (170g)",100,g,186,11.4,1.8,14.8,0.2
"Egg omelet or scrambled egg, with cheese, tomatoes, and dark-green vegetables, no added fat","Eggs and omelets","1 egg (80g)",100,g,153,12,1.9,10.9,0.2
"Egg omelet or scrambled egg, with cheese, tomatoes, and dark-green vegetables, NS as to fat","Eggs and omelets","Quantity not specified (170g)",100,g,186,11.4,1.8,14.8,0.2
"Egg omelet or scrambled egg, with cheese and vegetables other than dark green and/or tomatoes, fat added","Eggs and omelets","1 egg (85g)",100,g,188,11.6,1.9,14.9,0.2
"Egg omelet or scrambled egg, with cheese and vegetables other than dark green and/or tomatoes, no added fat","Eggs and omelets","Quantity not specified (160g)",100,g,155,12.2,2,11,0.2
"Egg omelet or scrambled egg, with cheese and vegetables other than dark green and/or tomatoes, NS as to fat","Eggs and omelets","Quantity not specified (170g)",100,g,188,11.6,1.9,14.9,0.2
"Egg omelet or scrambled egg, with meat and tomatoes, fat added","Eggs and omelets","1 cup (135g)",100,g,172,11.1,1.5,13.5,0.2
"Egg omelet or scrambled egg, with meat and tomatoes, no added fat","Eggs and omelets","Quantity not specified (180g)",100,g,137,11.7,1.6,9.4,0.2
"Egg omelet or scrambled egg, with meat and tomatoes, NS as to fat","Eggs and omelets","1 cup (135g)",100,g,172,11.1,1.5,13.5,0.2
"Egg omelet or scrambled egg, with meat and dark-green vegetables, fat added","Eggs and omelets","1 cup (135g)",100,g,173,11.3,1.4,13.6,0.2
"Egg omelet or scrambled egg, with meat and dark-green vegetables, no added fat","Eggs and omelets","1 cup (135g)",100,g,138,11.9,1.4,9.4,0.2
"Egg omelet or scrambled egg, with meat and dark-green vegetables, NS as to fat","Eggs and omelets","1 egg (95g)",100,g,173,11.3,1.4,13.6,0.2
"Egg omelet or scrambled egg, with meat, tomatoes, and dark-green vegetables, fat added","Eggs and omelets","Quantity not specified (190g)",100,g,174,11.5,1.5,13.6,0.2
"Egg omelet or scrambled egg, with meat, tomatoes, and dark-green vegetables, no added fat","Eggs and omelets","1 egg (90g)",100,g,141,12.1,1.5,9.7,0.2
"Egg omelet or scrambled egg, with meat, tomatoes, and dark-green vegetables, NS as to fat","Eggs and omelets","1 egg (95g)",100,g,174,11.5,1.5,13.6,0.2
"Egg omelet or scrambled egg, with meat and vegetables other than dark-green and/or tomatoes, fat added","Eggs and omelets","1 egg (95g)",100,g,173,11.3,1.5,13.6,0.2
"Egg omelet or scrambled egg, with meat and vegetables other than dark-green and/or tomatoes, no added fat","Eggs and omelets","1 egg (90g)",100,g,139,12,1.6,9.4,0.2
"Egg omelet or scrambled egg, with meat and vegetables other than dark-green and/or tomatoes, NS as to fat","Eggs and omelets","1 egg (95g)",100,g,173,11.3,1.5,13.6,0.2
"Egg omelet or scrambled egg, with cheese, meat, and tomatoes, fat added","Eggs and omelets","Quantity not specified (210g)",100,g,199,12.6,1.7,15.8,0.1
"Egg omelet or scrambled egg, with cheese, meat, and tomatoes, no added fat","Eggs and omelets","Quantity not specified (200g)",100,g,168,13.2,1.7,12,0.1
"Egg omelet or scrambled egg, with cheese, meat, and tomatoes, NS as to fat","Eggs and omelets","1 egg (105g)",100,g,199,12.6,1.7,15.8,0.1
"Egg omelet or scrambled egg, with cheese, meat, and dark-green vegetables, fat added","Eggs and omelets","1 egg (105g)",100,g,199,12.7,1.6,15.8,0.1
"Egg omelet or scrambled egg, with cheese, meat, and dark-green vegetables, no added fat","Eggs and omelets","1 cup (135g)",100,g,169,13.3,1.7,12.1,0.1
"Egg omelet or scrambled egg, with cheese, meat, and dark-green vegetables, NS as to fat","Eggs and omelets","Quantity not specified (210g)",100,g,199,12.7,1.6,15.8,0.1
"Egg omelet or scrambled egg, with cheese, meat, tomatoes, and dark-green vegetables, fat added","Eggs and omelets","1 cup (135g)",100,g,190,12.1,1.8,15,0.2
"Egg omelet or scrambled egg, with cheese, meat, tomatoes, and dark-green vegetables, no added fat","Eggs and omelets","1 cup (135g)",100,g,160,12.6,1.9,11.4,0.2
"Egg omelet or scrambled egg, with cheese, meat, tomatoes, and dark-green vegetables, NS as to fat","Eggs and omelets","1 cup (135g)",100,g,190,12.1,1.8,15,0.2
"Egg omelet or scrambled egg, with cheese, meat, and vegetables other than dark-green and/or tomatoes, fat added","Eggs and omelets","1 egg (105g)",100,g,200,12.7,1.7,15.8,0.1
"Egg omelet or scrambled egg, with cheese, meat, and vegetables other than dark-green and/or tomatoes, no added fat","Eggs and omelets","Quantity not specified (200g)",100,g,169,13.4,1.8,12,0.1
"Egg omelet or scrambled egg, with cheese, meat, and vegetables other than dark-green and/or tomatoes, NS as to fat","Eggs and omelets","1 cup (135g)",100,g,200,12.7,1.7,15.8,0.1
"Egg omelet or scrambled egg, with potatoes and/or onions, fat added","Eggs and omelets","Quantity not specified (150g)",100,g,172,10.4,3,13.2,0.3
"Egg omelet or scrambled egg, with potatoes and/or onions, no added fat","Eggs and omelets","1 cup (135g)",100,g,134,11,3.1,8.7,0.3
"Egg omelet or scrambled egg, with potatoes and/or onions, NS as to fat","Eggs and omelets","1 cup (135g)",100,g,172,10.4,3,13.2,0.3
"Egg salad sandwich on white","Egg/breakfast sandwiches","1 large (270g)",100,g,260,10,17.1,16.6,0.8
"Egg salad sandwich on wheat","Egg/breakfast sandwiches","1 large (270g)",100,g,259,10.6,15.8,16.8,1.8
"Soup, egg drop","Ramen and Asian broth-based soups","1 cup (245g)",100,g,27,1.2,4.3,0.6,0.4
"Egg white omelet, scrambled, or fried, NS as to fat","Eggs and omelets","Quantity not specified (72g)",100,g,100,10,2.2,5.7,0
"Egg white omelet, scrambled, or fried, made with margarine","Eggs and omelets","1 cup (135g)",100,g,86,10,2.3,4.2,0
"Egg white omelet, scrambled, or fried, made with oil","Eggs and omelets","1 egg white (36g)",100,g,107,10,2.2,6.5,0
"Egg white omelet, scrambled, or fried, made with butter","Eggs and omelets","Quantity not specified (72g)",100,g,97,10,2.2,5.4,0
"Egg white omelet, scrambled, or fried, made with cooking spray","Eggs and omelets","1 egg white (33g)",100,g,59,10.6,2.5,0.8,0
"Egg white omelet, scrambled, or fried, NS as to fat type","Eggs and omelets","Quantity not specified (72g)",100,g,100,10,2.2,5.7,0
"Egg white omelet, scrambled, or fried, no added fat","Eggs and omelets","1 cup (135g)",100,g,52,10.7,2.4,0,0
"Egg white, omelet, scrambled, or fried, with cheese","Eggs and omelets","1 egg white (41g)",100,g,132,11.3,2.6,8.5,0
"Egg white, omelet, scrambled, or fried, with meat","Eggs and omelets","1 cup (135g)",100,g,119,11.3,2.1,7.2,0
"Egg white, omelet, scrambled, or fried, with vegetables","Eggs and omelets","1 cup (135g)",100,g,92,9.1,2.5,5.1,0.2
"Egg white, omelet, scrambled, or fried, with cheese and meat","Eggs and omelets","Quantity not specified (102g)",100,g,141,12,2.5,9.2,0
"Egg white, omelet, scrambled, or fried, with cheese and vegetables","Eggs and omelets","1 cup (135g)",100,g,121,10.4,2.8,7.6,0.2
"Egg white, omelet, scrambled, or fried, with meat and vegetables","Eggs and omelets","1 egg white (56g)",100,g,104,10,2.4,6.1,0.2
"Egg white, omelet, scrambled, or fried, with cheese, meat, and vegetables","Eggs and omelets","Quantity not specified (122g)",100,g,135,11.5,2.6,8.7,0.1
"Meringues","Pudding","1 meringue (22g)",100,g,324,7.2,75.3,0,0
"Egg substitute, omelet, scrambled, or fried, fat added","Eggs and omelets","Quantity not specified (110g)",100,g,96,9.3,1.9,5.7,0
"Egg substitute, omelet, scrambled, or fried, no added fat","Eggs and omelets","1 cup, cooked (135g)",100,g,48,10,2,0,0
"Egg substitute, omelet, scrambled, or fried, with cheese","Eggs and omelets","1/4 cup, raw (equivalent to 1 large egg) yields (55g)",100,g,128,10.7,2.3,8.5,0
"Egg substitute, omelet, scrambled, or fried, with meat","Eggs and omelets","Quantity not specified (110g)",100,g,115,10.8,1.8,7.2,0
"Egg substitute, omelet, scrambled, or fried, with vegetables","Eggs and omelets","1/4 cup, raw (equivalent to 1 large egg) yields (55g)",100,g,89,8.6,2.2,5.1,0.2
"Egg substitute, omelet, scrambled, or fried, with cheese and meat","Eggs and omelets","1/4 cup, raw (equivalent to 1 large egg) yields (55g)",100,g,138,11.5,2.2,9.2,0
"Egg substitute, omelet, scrambled, or fried, with cheese and vegetables","Eggs and omelets","1/4 cup, raw (equivalent to 1 large egg) yields (55g)",100,g,118,9.9,2.5,7.6,0.2
"Egg substitute, omelet, scrambled, or fried, with meat and vegetables","Eggs and omelets","Quantity not specified (110g)",100,g,101,9.5,2.2,6.1,0.2
"Egg substitute, omelet, scrambled, or fried, with cheese, meat, and vegetables","Eggs and omelets","Quantity not specified (110g)",100,g,132,11,2.4,8.7,0.1
"Egg sandwich on white bread","Egg/breakfast sandwiches","1 submarine (175g)",100,g,228,10.5,26.1,9.1,1.2
"Egg sandwich on white bread, with cheese","Egg/breakfast sandwiches","1 large (205g)",100,g,248,12,22.9,12,1
"Egg sandwich on white bread, with meat","Egg/breakfast sandwiches","Quantity not specified (155g)",100,g,267,12.1,19.4,15.7,0.9
"Egg sandwich on white bread, with meat and cheese","Egg/breakfast sandwiches","1 submarine (270g)",100,g,278,13.1,17.7,17.2,0.8
"Egg sandwich on wheat bread","Egg/breakfast sandwiches","Quantity not specified (115g)",100,g,226,11.5,24.1,9.3,2.8
"Egg sandwich on wheat bread, with cheese","Egg/breakfast sandwiches","1 regular (135g)",100,g,246,12.9,21.2,12.2,2.4
"Egg sandwich on wheat bread, with meat","Egg/breakfast sandwiches","1 large (235g)",100,g,266,12.9,18,15.8,2.1
"Egg sandwich on wheat bread, with meat and cheese","Egg/breakfast sandwiches","1 regular (180g)",100,g,277,13.8,16.5,17.3,1.8
"Egg sandwich on English muffin","Egg/breakfast sandwiches","1 large (205g)",100,g,230,11.7,20.6,11.2,1.5
"Egg sandwich on English muffin, with sausage","Egg/breakfast sandwiches","1 regular (180g)",100,g,264,12.9,16,16.5,1.2
"Egg sandwich on English muffin, with bacon","Egg/breakfast sandwiches","1 large (225g)",100,g,255,14.1,18.6,13.7,1.4
"Egg sandwich on English muffin, with ham","Egg/breakfast sandwiches","1 large (220g)",100,g,222,12.2,19.3,10.7,1.4
"Egg sandwich on croissant","Egg/breakfast sandwiches","1 regular (135g)",100,g,309,11.5,21.4,19.7,1.1
"Egg sandwich on croissant, with sausage","Egg/breakfast sandwiches","1 large (270g)",100,g,325,12.7,16.6,23,0.9
"Egg sandwich on croissant, with bacon","Egg/breakfast sandwiches","1 large (225g)",100,g,326,13.8,19.3,21.3,1
"Egg sandwich on croissant, with ham","Egg/breakfast sandwiches","Quantity not specified (155g)",100,g,284,12.3,18.8,17.8,1
"Egg sandwich on biscuit","Egg/breakfast sandwiches","Quantity not specified (145g)",100,g,298,10.7,21.6,18.8,1.2
"Egg sandwich on biscuit, with sausage","Egg/breakfast sandwiches","Quantity not specified (165g)",100,g,310,11,18.6,21.4,1
"Egg sandwich on biscuit, with sausage and cheese","Egg/breakfast sandwiches","1 large (285g)",100,g,316,12,17,22.1,0.9
"Egg sandwich on biscuit, with bacon","Egg/breakfast sandwiches","1 regular (140g)",100,g,309,11.9,21.8,19.2,1.2
"Egg sandwich on biscuit, with bacon and cheese","Egg/breakfast sandwiches","Quantity not specified (160g)",100,g,315,13,19.6,20.4,1.1
"Egg sandwich on bagel","Egg/breakfast sandwiches","Quantity not specified (185g)",100,g,251,12,31.8,8.4,0.9
"Egg sandwich on bagel, with sausage","Egg/breakfast sandwiches","Quantity not specified (230g)",100,g,274,12.8,26.2,13.1,0.8
"Egg sandwich on bagel, with bacon","Egg/breakfast sandwiches","Quantity not specified (200g)",100,g,268,13.7,29.4,10.5,0.9
"Egg sandwich on bagel, with ham","Egg/breakfast sandwiches","1 miniature/slider (105g)",100,g,238,12.6,28.9,8,0.9
"Egg sandwich on griddle/pancake","Egg/breakfast sandwiches","1 large (175g)",100,g,242,8.3,22.8,13.2,0.8
"Egg sandwich on griddle/pancake, with meat","Egg/breakfast sandwiches","1 regular (180g)",100,g,287,11.7,15.6,19.8,0.5
"Egg white sandwich","Egg/breakfast sandwiches","1 submarine (175g)",100,g,166,9.4,24.1,3.6,1.8
"Egg white sandwich, with cheese","Egg/breakfast sandwiches","1 submarine (205g)",100,g,196,11.1,21.2,7.5,1.5
"Egg white sandwich, with meat","Egg/breakfast sandwiches","1 regular (170g)",100,g,195,12.9,17.1,8.4,1.2
"Bacon biscuit sandwich","Egg/breakfast sandwiches","1 regular (105g)",100,g,382,13.7,29.3,23.2,1.6
"Ham biscuit sandwich","Egg/breakfast sandwiches","1 regular (110g)",100,g,322,11.6,28.2,18.1,1.6
"Sausage biscuit sandwich","Egg/breakfast sandwiches","1 large (165g)",100,g,372,10.7,27.2,24.5,1.6
"Sausage biscuit sandwich, with cheese","Egg/breakfast sandwiches","1 large (205g)",100,g,370,12.2,23.7,25.1,1.3
"Sausage English muffin sandwich","Egg/breakfast sandwiches","Quantity not specified (125g)",100,g,300,13.5,22.8,17.2,1.7
"Sausage griddle/pancake sandwich","Egg/breakfast sandwiches","1 large (230g)",100,g,278,10.5,17,18.7,0.6
"Egg burrito","Egg/breakfast sandwiches","Quantity not specified (180g)",100,g,249,10.9,20.1,13.7,1.4
"Egg burrito, with sausage","Egg/breakfast sandwiches","Quantity not specified (190g)",100,g,257,11.3,18.9,15,1.3
"Egg burrito, with bacon","Egg/breakfast sandwiches","Quantity not specified (190g)",100,g,260,12.1,19.1,14.8,1.3
"Egg burrito, with ham","Egg/breakfast sandwiches","1 item, any size (190g)",100,g,242,11.3,19.1,13.2,1.3
"Beans, NFS","Beans, peas, legumes","Quantity not specified (92g)",100,g,189,8.3,23.8,7.1,8.3
"Beans, from dried, NS as to type, fat added","Beans, peas, legumes","Quantity not specified (92g)",100,g,189,8.3,23.8,7.1,8.3
"Beans, from dried, NS as to type, no added fat","Beans, peas, legumes","Quantity not specified (90g)",100,g,139,8.9,25.4,0.6,8.9
"Beans, from canned, NS as to type, fat added","Beans, peas, legumes","Quantity not specified (92g)",100,g,185,7.7,24.1,6.8,8
"Beans, from canned, NS as to type, no added fat","Beans, peas, legumes","Quantity not specified (90g)",100,g,136,8,25,0.8,8.3
"Beans, from fast food / restaurant, NS as to type","Beans, peas, legumes","Quantity not specified (130g)",100,g,206,8.8,22.6,9.3,5.7
"White beans, NFS","Beans, peas, legumes","Quantity not specified (92g)",100,g,188,9,23.3,6.8,5.9
"White beans, from dried, fat added","Beans, peas, legumes","Quantity not specified (92g)",100,g,188,9,23.3,6.8,5.9
"White beans, from dried, no added fat","Beans, peas, legumes","1 oz dry, yield after cooking (70g)",100,g,138,9.7,24.9,0.4,6.3
"White beans, from canned, fat added","Beans, peas, legumes","Quantity not specified (92g)",100,g,211,10.4,29.8,6.1,6.9
"White beans, from canned, no added fat","Beans, peas, legumes","1 cup (180g)",100,g,168,10.8,30.9,0.6,7.2
"White beans, from canned, reduced sodium","Beans, peas, legumes","Quantity not specified (92g)",100,g,211,10.4,29.8,6.1,6.9
"Black beans, NFS","Beans, peas, legumes","1 cup (185g)",100,g,181,8.2,22,7,8.1
"Black beans, from dried, fat added","Beans, peas, legumes","1 cup (185g)",100,g,181,8.2,22,7,8.1
"Black beans, from dried, no added fat","Beans, peas, legumes","1 oz dry, yield after cooking (70g)",100,g,131,8.8,23.6,0.5,8.6
"Black beans, from canned, fat added","Beans, peas, legumes","Quantity not specified (92g)",100,g,178,8.5,23.4,5.9,9.8
"Black beans, from canned, no added fat","Beans, peas, legumes","Quantity not specified (90g)",100,g,134,8.9,24.3,0.4,10.1
"Black beans, from canned, reduced sodium","Beans, peas, legumes","Quantity not specified (92g)",100,g,178,8.5,23.4,5.9,9.8
"Black beans, from fast food / restaurant","Beans, peas, legumes","Quantity not specified (130g)",100,g,200,8,21.4,9.5,7.8
"Black beans with meat","Beans, peas, legumes","1 cup (260g)",100,g,177,10.6,19.1,6.8,7
"Fava beans, cooked","Beans, peas, legumes","1 oz dry, yield after cooking (72g)",100,g,161,7.1,18.3,6.9,5
"Lima beans, NFS","Beans, peas, legumes","Quantity not specified (92g)",100,g,165,7.3,19.4,6.9,6.5
"Lima beans, from dried","Beans, peas, legumes","1 oz dry, yield after cooking (72g)",100,g,165,7.3,19.4,6.9,6.5
"Pink beans, cooked","Beans, peas, legumes","1 cup (185g)",100,g,197,8.4,25.9,7,4.9
"Pinto beans, NFS","Beans, peas, legumes","Quantity not specified (92g)",100,g,191,8.4,24.4,7.1,8.4
"Pinto beans, from dried, fat added","Beans, peas, legumes","Quantity not specified (92g)",100,g,191,8.4,24.4,7.1,8.4
"Pinto beans, from dried, no added fat","Beans, peas, legumes","1 cup (180g)",100,g,142,9,26.1,0.7,8.9
"Pinto beans, from canned, fat added","Beans, peas, legumes","Quantity not specified (92g)",100,g,188,7.4,24.3,7.1,7.4
"Pinto beans, from canned, no added fat","Beans, peas, legumes","Quantity not specified (90g)",100,g,137,7.7,25.3,0.9,7.7
"Pinto beans, from canned, reduced sodium","Beans, peas, legumes","Quantity not specified (92g)",100,g,188,7.4,24.4,7.1,7.4
"Pinto beans, from fast food / restaurant","Beans, peas, legumes","1 cup (260g)",100,g,210,8.1,23.6,9.6,8.1
"Pinto beans with meat","Beans, peas, legumes","Quantity not specified (130g)",100,g,186,10.7,21.1,6.9,7.2
"Kidney beans, NFS","Beans, peas, legumes","Quantity not specified (92g)",100,g,177,8.1,21.2,7,6.9
"Kidney beans, from dried, fat added","Beans, peas, legumes","1 cup (185g)",100,g,177,8.1,21.2,7,6.9
"Kidney beans, from dried, no added fat","Beans, peas, legumes","1 oz dry, yield after cooking (70g)",100,g,126,8.6,22.7,0.5,7.4
"Kidney beans, from canned, fat added","Beans, peas, legumes","Quantity not specified (92g)",100,g,186,8.4,23.8,6.8,7.7
"Kidney beans, from canned, no added fat","Beans, peas, legumes","Quantity not specified (90g)",100,g,135,8.7,24.7,0.6,8
"Kidney beans, from canned, reduced sodium","Beans, peas, legumes","Quantity not specified (92g)",100,g,186,8.4,23.8,6.8,8.5
"Kidney beans, from fast food / restaurant","Beans, peas, legumes","Quantity not specified (130g)",100,g,195,7.8,20.5,9.5,6.7
"Kidney beans with meat","Beans, peas, legumes","1 cup (260g)",100,g,173,10.5,18.3,6.8,5.9
"Peruvian beans, from dried","Beans, peas, legumes","1 cup (185g)",100,g,192,8.5,23.5,7.5,9.7
"Soybeans, cooked","Beans, peas, legumes","1 cup (185g)",100,g,218,16.9,7.8,14.8,5.6
"Mung beans, cooked","Beans, peas, legumes","1 cup (185g)",100,g,156,6.5,17.8,6.9,7.1
"Baked beans","Beans, peas, legumes","Quantity not specified (130g)",100,g,105,4.5,21.6,0.9,4.4
"Baked beans, vegetarian","Beans, peas, legumes","Quantity not specified (130g)",100,g,94,4.8,21.1,0.4,4.1
"Baked beans from fast food / restaurant","Beans, peas, legumes","Quantity not specified (130g)",100,g,116,4.4,23.3,1.4,4.3
"Beans and tomatoes, no added fat","Beans, peas, legumes","1 cup (255g)",100,g,101,6.4,18.8,0.5,6.4
"Beans and tomatoes, fat added","Beans, peas, legumes","Quantity not specified (130g)",100,g,142,6.1,17.8,5.6,6.1
"Black bean salad","Bean, pea, legume dishes","Quantity not specified (116g)",100,g,94,3.1,12.6,3.9,3.4
"Refried beans","Beans, peas, legumes","Quantity not specified (130g)",100,g,90,5,13.6,2,3.7
"Refried beans, from fast food / restaurant","Beans, peas, legumes","Quantity not specified (130g)",100,g,177,6.7,16.3,9.5,7.8
"Refried beans with meat","Beans, peas, legumes","1 cup (260g)",100,g,99,7.8,11.8,2.5,3.2
"Refried beans, from canned, reduced sodium","Beans, peas, legumes","Quantity not specified (130g)",100,g,89,5,13.6,2,3.7
"Bean dip, made with refried beans","Dips, gravies, other sauces","1 individual container (70g)",100,g,119,5.4,15.9,3.7,4.9
"Layer dip","Dips, gravies, other sauces","Quantity not specified (60g)",100,g,146,5.4,6.7,11.3,2.1
"Hummus, plain","Dips, gravies, other sauces","1 tablespoon (15g)",100,g,243,7.4,14.9,17.1,5.4
"Hummus, flavored","Dips, gravies, other sauces","Quantity not specified (60g)",100,g,241,7.2,14.6,17.1,5.3
"Black bean sauce","Dips, gravies, other sauces","Quantity not specified (32g)",100,g,168,6.3,17.4,8.5,2.6
"Beans and franks","Beans, peas, legumes","Quantity not specified (130g)",100,g,138,6.7,17.3,5.2,3.3
"Pork and beans","Beans, peas, legumes","1 cup (260g)",100,g,105,4.5,21.6,0.9,4.4
"Beans with meat, NS as to type","Beans, peas, legumes","Quantity not specified (130g)",100,g,184,10.7,20.6,6.9,7.1
"Falafel","Bean, pea, legume dishes","Quantity not specified (28g)",100,g,514,8.3,29,41.2,4.8
"Bean cake","Bean, pea, legume dishes","1 cake (32g)",100,g,414,5.8,49.9,21.4,3
"Baked beans, reduced sodium","Beans, peas, legumes","1 cup (260g)",100,g,104,4.8,20.4,0.4,5.5
"Chili, vegetarian","Bean, pea, legume dishes","1 cup (255g)",100,g,119,6.3,18.9,2.4,6
"Blackeyed peas, NFS","Beans, peas, legumes","Quantity not specified (92g)",100,g,166,7.2,19.3,7,6
"Blackeyed peas, from dried","Beans, peas, legumes","1 cup (185g)",100,g,166,7.2,19.3,7,6
"Chickpeas, NFS","Beans, peas, legumes","Quantity not specified (92g)",100,g,211,8.2,25.5,8.9,7.1
"Chickpeas, from dried, fat added","Beans, peas, legumes","1 cup (185g)",100,g,211,8.2,25.5,8.9,7.1
"Chickpeas, from dried, no added fat","Beans, peas, legumes","1 cup (180g)",100,g,163,8.8,27.3,2.6,7.6
"Chickpeas, from canned, fat added","Beans, peas, legumes","1 pea (2g)",100,g,197,7.9,21.6,9.4,7
"Chickpeas, from canned, no added fat","Beans, peas, legumes","1 pea (2g)",100,g,146,8.2,22.5,3.2,7.3
"Chickpeas, from canned, reduced sodium","Beans, peas, legumes","1 pea (2g)",100,g,197,7.9,21.6,9.4,7.1
"Split peas, from dried, no added fat","Beans, peas, legumes","Quantity not specified (90g)",100,g,117,8.3,21,0.4,8.2
"Split peas, from dried, fat added","Beans, peas, legumes","1 cup (185g)",100,g,168,7.8,19.6,6.9,7.7
"Wasabi peas","Beans, peas, legumes","1 cup (120g)",100,g,432,14.1,62.2,14.1,3.8
"Lentils, NFS","Beans, peas, legumes","1 cup (185g)",100,g,166,8.4,18.7,6.9,7.3
"Lentils, from dried, fat added","Beans, peas, legumes","1 oz dry, yield after cooking (72g)",100,g,166,8.4,18.7,6.9,7.3
"Lentils, from dried, no added fat","Beans, peas, legumes","1 cup (180g)",100,g,115,9,20,0.4,7.9
"Lentils, from canned","Beans, peas, legumes","Quantity not specified (92g)",100,g,166,8.4,18.7,6.8,7.3
"Dal","Beans, peas, legumes","Quantity not specified (240g)",100,g,145,8.6,19.2,4.3,7.5
"Bean chips","Tortilla, corn, other chips","1 chip (3g)",100,g,448,14.6,53.1,21.6,9.7
"Papad, grilled or broiled","Beans, peas, legumes","Quantity not specified (9g)",100,g,371,25.6,59.9,3.3,18.6
"Sambar, vegetable stew","Vegetable dishes","Quantity not specified (124g)",100,g,86,4.3,11.8,2.7,4
"Lentil curry","Bean, pea, legume dishes","Quantity not specified (240g)",100,g,111,3.7,12.3,5.7,3.4
"Lentil curry with rice","Bean, pea, legume dishes","1 cup (200g)",100,g,118,3.3,18.6,3.5,2.2
"Soy nuts","Beans, peas, legumes","1 small single serving bag (28g)",100,g,469,38.6,30.2,25.4,17.7
"Soy chips","Tortilla, corn, other chips","1 large single serving bag (85g)",100,g,385,26.5,53.2,7.4,3.5
"Soybean curd","Soy and meat-alternative products","1 cubic inch (17.6g)",100,g,61,7.2,1.2,3.7,0.2
"Edamame, cooked","Beans, peas, legumes","Quantity not specified (80g)",100,g,140,11.5,8.6,7.6,5
"Soybean curd cheese","Soy and meat-alternative products","1 cup (225g)",100,g,151,12.5,6.9,8.1,0
"Miso sauce","Soy-based condiments","1 tablespoon (16g)",100,g,429,3.4,14,41,1.2
"Miso","Soy-based condiments","Quantity not specified (12g)",100,g,198,12.8,25.4,6,5.4
"Natto","Soy-based condiments","Quantity not specified (7g)",100,g,211,19.4,12.7,11,5.4
"Hoisin sauce","Soy-based condiments","1 tablespoon (16g)",100,g,220,3.3,44.1,3.4,2.8
"Soy sauce","Soy-based condiments","Quantity not specified (16g)",100,g,53,8.1,4.9,0.6,0.8
"Soy sauce, reduced sodium","Soy-based condiments","1 individual packet (9g)",100,g,57,9.1,5.6,0.3,0.7
"Yogurt, soy","Plant-based yogurt","1 container, NFS (150g)",100,g,90,4.8,12.3,2.6,0.9
"Teriyaki sauce","Soy-based condiments","1 tablespoon (16g)",100,g,89,5.9,15.6,0,0.1
"Teriyaki sauce, reduced sodium","Soy-based condiments","Quantity not specified (16g)",100,g,89,5.9,15.6,0,0.1
"Worcestershire sauce","Mustard and other condiments","Quantity not specified (5g)",100,g,77,0,19.2,0,0
"Soybean curd, deep fried","Soy and meat-alternative products","Quantity not specified (39g)",100,g,270,18.8,8.9,20.2,3.9
"Soybean curd, breaded, fried","Soy and meat-alternative products","1 cubic inch (17g)",100,g,150,8.4,8.7,9.6,0.7
"Vermicelli, made from soybeans","Soy and meat-alternative products","1 cup (140g)",100,g,126,0,31.4,0,1.5
"Textured vegetable protein, dry","Soy and meat-alternative products","1 cup, coarse grain (68g)",100,g,366,51.1,32.9,3.3,17.5
"Frozen dessert, non-dairy","Soy and meat-alternative products","1 fl oz (21g)",100,g,159,0.9,18.2,9.3,0.1
"Soup, bean","Soups, broth-based","1 cup (255g)",100,g,67,3.8,11.6,0.8,4
"Soup, bean, canned","Soups, broth-based","Quantity not specified (255g)",100,g,47,2.4,8.1,0.7,2.7
"Soup, miso or tofu","Ramen and Asian broth-based soups","Quantity not specified (245g)",100,g,24,2.2,2.3,0.9,0.6
"Soup, bean, canned, reduced sodium","Soups, broth-based","1 can (525g)",100,g,47,2.5,8.1,0.7,2.7
"Soup, bean, with meat","Soups, broth-based","Quantity not specified (255g)",100,g,84,5.9,10,2.4,3.5
"Soup, split pea, with meat","Soups, broth-based","1 can (525g)",100,g,80,5.6,9.1,2.4,3.3
"Soup, split pea","Soups, broth-based","1 can (525g)",100,g,61,3.6,10.6,0.7,3.8
"Soup, lentil, canned","Soups, broth-based","1 cup (255g)",100,g,43,2.5,7.2,0.6,2.5
"Soup, lentil, canned, reduced sodium","Soups, broth-based","1 can (525g)",100,g,43,2.5,7.2,0.6,2.5
"Soup, lentil","Soups, broth-based","1 cup (255g)",100,g,60,3.8,10.2,0.7,3.7
"Soup, lentil, with meat","Soups, broth-based","1 individual container (440g)",100,g,78,5.9,8.8,2.3,3.2
"Soup, mulligatawany","Soups, broth-based","Quantity not specified (245g)",100,g,48,1.7,7,1.7,1.8
"Bacon strip, meatless","Soy and meat-alternative products","1 strip (5g)",100,g,309,11.7,5.3,29.5,2.6
"Bacon bits","Bacon","1 tablespoon (7g)",100,g,476,32,28.6,25.9,10.2
"Breakfast link, pattie, or slice, meatless","Soy and meat-alternative products","1 patty (38g)",100,g,255,20.3,8.1,18.2,2.8
"Chicken, meatless, NFS","Soy and meat-alternative products","Quantity not specified (84g)",100,g,224,23.6,3.6,12.7,3.6
"Chicken, meatless, breaded, fried","Soy and meat-alternative products","1 piece (36g)",100,g,234,21.3,8.5,12.8,4.3
"Hot dog, vegetarian","Soy and meat-alternative products","1 item, any size (70g)",100,g,233,19.6,7.7,13.7,3.9
"Luncheon slice, meatless-beef, chicken, salami or turkey","Soy and meat-alternative products","Quantity not specified (56g)",100,g,189,17.8,4.4,11.1,1.1
"Meatball, meatless","Soy and meat-alternative products","Quantity not specified (57g)",100,g,197,21,8,9,4.6
"Veggie burger patty, no bun","Soy and meat-alternative products","1 patty (100g)",100,g,177,15.7,14.3,6.3,4.9
"Swiss steak, with gravy, meatless","Bean, pea, legume dishes","1 steak with gravy (92g)",100,g,180,12.7,14.1,8.1,4
"Pot pie, no meat","Bean, pea, legume dishes","1 slice, any size (210g)",100,g,242,5.4,28,12.2,3.5
"Tofu and vegetables including carrots, broccoli, and/or dark-green leafy; no potatoes, with soy-based sauce","Stir-fry and soy-based sauce mixtures","1 cup (217g)",100,g,92,4.1,4.7,6.7,1.2
"Tofu and vegetables excluding carrots, broccoli, and dark-green leafy; no potatoes, with soy-based sauce","Stir-fry and soy-based sauce mixtures","1 cup (217g)",100,g,93,4.2,4.4,6.9,0.9
"Vegetarian, fillet","Soy and meat-alternative products","1 fillet (85g)",100,g,290,23,9,18,6.1
"Vegetarian stew","Vegetable dishes","Quantity not specified (185g)",100,g,33,0.7,3.1,2.2,1.1
"Vegetarian stroganoff","Bean, pea, legume dishes","1 cup, cooked (125g)",100,g,167,7.7,11.8,10,2.6
"Veggie burger, on bun","Vegetable sandwiches/burgers","Quantity not specified (160g)",100,g,224,13,30.8,5.2,3.5
"Veggie burger, on bun, with cheese","Vegetable sandwiches/burgers","Quantity not specified (181g)",100,g,243,14,27.2,8.4,3
"Falafel sandwich","Vegetable sandwiches/burgers","1 sandwich, any size (215g)",100,g,265,6.2,27,14.8,2.5
"Nuts, NFS","Nuts and seeds","Quantity not specified (28g)",100,g,610,19.6,20.9,53.8,7.4
"Almonds, NFS","Nuts and seeds","1 100 calorie package (18g)",100,g,598,21,21,52.5,10.9
"Almonds, unroasted","Nuts and seeds","Quantity not specified (28g)",100,g,626,21.5,20,51.1,10.8
"Almonds, salted","Nuts and seeds","1 package (50g)",100,g,601,20.1,20.2,53.4,10.5
"Almonds, lightly salted","Nuts and seeds","1 package (50g)",100,g,604,20.2,20.3,53.7,10.5
"Almonds, unsalted","Nuts and seeds","1 nut (1.2g)",100,g,607,20.3,20.4,54,10.6
"Almonds, flavored","Nuts and seeds","Quantity not specified (28g)",100,g,599,20.1,20.1,53.3,10.4
"Almonds, honey roasted","Nuts and seeds","1 100 calorie package (18g)",100,g,579,14.1,35.8,45.3,7.3
"Brazil nuts","Nuts and seeds","1 cup (133g)",100,g,659,14.3,11.7,67.1,7.5
"Cashews, NFS","Nuts and seeds","1 cup (130g)",100,g,574,15.3,32.7,46.4,3
"Cashews, unroasted","Nuts and seeds","1 package (50g)",100,g,574,15.3,32.7,46.4,3
"Cashews, salted","Nuts and seeds","1 package (50g)",100,g,578,14.7,31.4,47.5,2.9
"Cashews, lightly salted","Nuts and seeds","1 cup (130g)",100,g,581,14.8,31.6,47.7,2.9
"Cashews, unsalted","Nuts and seeds","Quantity not specified (28g)",100,g,584,14.9,31.7,48,2.9
"Cashews, honey roasted","Nuts and seeds","1 nut (1.5g)",100,g,563,10.3,43.7,41.2,2
"Chestnuts","Nuts and seeds","Quantity not specified (28g)",100,g,245,3.2,53,2.2,5.1
"Coconut, fresh","Nuts and seeds","Quantity not specified (28g)",100,g,354,3.3,15.2,33.5,9
"Coconut, packaged","Nuts and seeds","Quantity not specified (28g)",100,g,456,3.1,51.9,28,9.9
"Hazelnuts","Nuts and seeds","1 nut (1.5g)",100,g,628,15,16.7,60.8,9.7
"Macadamia nuts","Nuts and seeds","Quantity not specified (28g)",100,g,716,7.8,12.8,76.1,8
"Mixed nuts, NFS","Nuts and seeds","Quantity not specified (28g)",100,g,610,19.6,20.9,53.8,7.4
"Mixed nuts, unroasted","Nuts and seeds","1 package (50g)",100,g,616,17,22.9,54.6,7.2
"Mixed nuts, with peanuts, salted","Nuts and seeds","Quantity not specified (28g)",100,g,610,19.6,20.9,53.8,7.4
"Mixed nuts, with peanuts, lightly salted","Nuts and seeds","Quantity not specified (28g)",100,g,612,19.7,21,54,7.4
"Mixed nuts, with peanuts, unsalted","Nuts and seeds","Quantity not specified (28g)",100,g,615,19.8,21.1,54.3,7.5
"Mixed nuts, without peanuts, salted","Nuts and seeds","1 package (50g)",100,g,620,16.3,22,55.5,6.9
"Mixed nuts, without peanuts, unsalted","Nuts and seeds","1 cup (142g)",100,g,625,16.5,22.2,56,7
"Mixed nuts, honey roasted","Nuts and seeds","Quantity not specified (28g)",100,g,586,15.4,33.1,46.7,5.8
"Peanuts, NFS","Nuts and seeds","1 oz, NFS (28.4g)",100,g,587,24.4,21.3,49.7,8.4
"Peanuts, boiled","Nuts and seeds","1 cup (146g)",100,g,318,13.5,21.3,22,8.8
"Peanuts, unroasted","Nuts and seeds","1 oz, in shell, yields (21g)",100,g,567,25.8,16.1,49.2,8.5
"Peanuts, roasted, salted","Nuts and seeds","1 cup, without shell, NS as to form (146g)",100,g,599,28,15.3,52.5,9.4
"Peanuts, roasted, unsalted","Nuts and seeds","1 cup, in shell, yields (51g)",100,g,599,28,15.3,52.5,9.4
"Peanuts, dry roasted, salted","Nuts and seeds","1 cup, without shell, NS as to form (146g)",100,g,587,24.4,21.3,49.7,8.4
"Peanuts, dry roasted, lightly salted","Nuts and seeds","1 peanut in shell, yields (2g)",100,g,584,24.2,21.2,49.4,8.4
"Peanuts, dry roasted, unsalted","Nuts and seeds","1 peanut, NFS (1g)",100,g,587,24.4,21.3,49.7,8.4
"Peanuts, honey roasted","Nuts and seeds","1 nut (1g)",100,g,574,20.7,30,45.3,7.1
"Pecans, NFS","Nuts and seeds","1 nut (1.5g)",100,g,750,10,12.7,73.3,5.8
"Pecans, unroasted","Nuts and seeds","Quantity not specified (28g)",100,g,750,10,12.7,73.3,5.8
"Pecans, salted","Nuts and seeds","1 nut (1.5g)",100,g,747,9.6,12.2,73.4,5.6
"Pecans, unsalted","Nuts and seeds","Quantity not specified (28g)",100,g,754,9.7,12.3,74.1,5.6
"Pecans, honey roasted","Nuts and seeds","1 oz (28.4g)",100,g,681,6.7,30.3,59.3,3.9
"Pine nuts","Nuts and seeds","1 nut (0.2g)",100,g,673,13.7,13.1,68.4,3.7
"Pistachio nuts, NFS","Nuts and seeds","Quantity not specified (28g)",100,g,572,21.1,28.3,45.8,10.3
"Pistachio nuts, salted","Nuts and seeds","1 oz, in shell, yields (15g)",100,g,576,20.2,27.2,47,9.9
"Pistachio nuts, lightly salted","Nuts and seeds","1 oz, in shell, yields (15g)",100,g,579,20.3,27.3,47.2,9.9
"Pistachio nuts, unsalted","Nuts and seeds","1 cup, in shell, yields (58g)",100,g,582,20.4,27.4,47.4,10
"Walnuts, excluding honey roasted","Nuts and seeds","1 cup (120g)",100,g,730,14.6,10.9,69.7,5.2
"Walnuts, honey roasted","Nuts and seeds","1 oz (28.4g)",100,g,668,9.8,29,56.9,3.5
"Almond butter","Nuts and seeds","1 tablespoon (16g)",100,g,641,20.7,21.1,52.7,9.6
"Almond butter, lower sodium","Nuts and seeds","1 tablespoon (16g)",100,g,645,20.8,21.2,53,9.7
"Almond paste","Nuts and seeds","1 cup, well packed (227g)",100,g,458,9,47.8,27.7,4.8
"Cashew butter","Nuts and seeds","1 tablespoon (16g)",100,g,609,12.1,30.3,53,3
"Peanut butter","Nuts and seeds","1 single serving (45g)",100,g,598,22.2,22.3,51.4,5
"Peanut butter, lower sodium","Nuts and seeds","1 single serving (45g)",100,g,598,22.2,22.3,51.4,5
"Peanut butter, lower sodium and lower sugar","Nuts and seeds","Quantity not specified (32g)",100,g,624,23.5,18.3,53.1,6.4
"Peanut butter, lower sugar","Nuts and seeds","Quantity not specified (32g)",100,g,650,24.8,14.2,54.9,7.8
"Peanut butter, reduced fat","Nuts and seeds","Guideline amount per sandwich (32g)",100,g,520,25.9,35.7,34,5.2
"Peanut butter, vitamin and mineral fortified","Nuts and seeds","Guideline amount per slice of bread/roll (16g)",100,g,591,25.7,18.8,50.8,5.6
"Peanut butter and jelly","Nuts and seeds","Quantity not specified (32g)",100,g,432,11.2,46.1,25.7,3
"Peanut butter and chocolate spread","Nuts and seeds","1 tablespoon (16g)",100,g,498,11.7,42.8,34.5,3
"Soy nut butter","Soy and meat-alternative products","Guideline amount per slice of bread/roll (16g)",100,g,613,23,23,50,10.6
"Peanut sauce","Dips, gravies, other sauces","Quantity not specified (32g)",100,g,257,6.3,22,16,1.8
"Soup, peanut","Soups, cream-based","1 cup (245g)",100,g,88,3.2,8.4,5.3,1.7
"Gravy, vegetarian","Dips, gravies, other sauces","1 cup (240g)",100,g,144,3.8,9.2,10.2,0.2
"Peanut butter sandwich, NFS","Peanut butter and jelly sandwiches","Quantity not specified (92g)",100,g,382,13.9,39.9,20.2,3.2
"Peanut butter sandwich, with regular peanut butter, on white bread","Peanut butter and jelly sandwiches","1 sandwich (1 slice bread) (46g)",100,g,382,13.9,39.9,20.2,3.2
"Peanut butter sandwich, with regular peanut butter, on wheat bread","Peanut butter and jelly sandwiches","1 sandwich (1 slice bread) (46g)",100,g,380,15.2,37.4,20.5,5.3
"Peanut butter sandwich, with reduced fat peanut butter, on white bread","Peanut butter and jelly sandwiches","Quantity not specified (92g)",100,g,355,15.2,44.5,14.2,3.3
"Peanut butter sandwich, with reduced fat peanut butter, on wheat bread","Peanut butter and jelly sandwiches","1 sandwich (92g)",100,g,353,16.4,42,14.4,5.3
"Peanut butter and jelly sandwich, NFS","Peanut butter and jelly sandwiches","1 sandwich (112g)",100,g,361,11.4,45.2,16.6,2.8
"Peanut butter and jelly sandwich, with regular peanut butter, regular jelly, on white bread","Peanut butter and jelly sandwiches","1 sandwich (1 slice bread) (56g)",100,g,361,11.4,45.2,16.6,2.8
"Peanut butter and jelly sandwich, with regular peanut butter, regular jelly, on wheat bread","Peanut butter and jelly sandwiches","1 sandwich (1 slice bread) (56g)",100,g,360,12.5,43.2,16.8,4.5
"Peanut butter and jelly sandwich, with reduced fat peanut butter, on white bread","Peanut butter and jelly sandwiches","1 sandwich (112g)",100,g,339,12.5,49,11.6,2.9
"Peanut butter and jelly sandwich, with reduced fat peanut butter, on wheat bread","Peanut butter and jelly sandwiches","1 sandwich (112g)",100,g,337,13.5,47,11.9,4.6
"Peanut butter and jelly sandwich, with regular peanut butter, reduced sugar jelly, on white bread","Peanut butter and jelly sandwiches","1 sandwich (1 slice bread) (56g)",100,g,341,11.4,39.5,16.6,2.9
"Peanut butter and jelly sandwich, with regular peanut butter, reduced sugar jelly, on wheat bread","Peanut butter and jelly sandwiches","1 sandwich (112g)",100,g,339,12.5,37.4,16.8,4.6
"Peanut butter and jelly sandwich, frozen commercial product without crusts","Peanut butter and jelly sandwiches","1 sandwich (60g)",100,g,361,11.4,45.2,16.6,2.8
"Almond butter sandwich, on white bread","Peanut butter and jelly sandwiches","1 sandwich (92g)",100,g,397,13.3,39.4,20.7,4.9
"Almond butter sandwich, on wheat bread","Peanut butter and jelly sandwiches","1 sandwich (92g)",100,g,395,14.6,37,20.9,6.9
"Almond butter and jelly sandwich, on white bread","Peanut butter and jelly sandwiches","1 sandwich (1 slice bread) (56g)",100,g,374,11,44.9,17,4.2
"Almond butter and jelly sandwich, on wheat bread","Peanut butter and jelly sandwiches","1 sandwich (112g)",100,g,372,12,42.9,17.2,5.8
"Nutella sandwich on white bread","Peanut butter and jelly sandwiches","Quantity not specified (90g)",100,g,362,8,53.8,12.7,3.4
"Nutella sandwich on wheat bread","Peanut butter and jelly sandwiches","Quantity not specified (90g)",100,g,359,9.3,51.3,12.9,5.4
"Coconut milk, used in cooking","Plant-based milk","Quantity not specified (30g)",100,g,230,2.3,5.5,23.8,2.2
"Yogurt, coconut milk","Plant-based yogurt","1 6 oz container (170g)",100,g,108,2.4,12.9,5.6,1.2
"Yogurt, almond milk","Plant-based yogurt","1 container, NFS (150g)",100,g,128,3,13,7,1.5
"Coconut cream, canned, sweetened","Plant-based milk","Quantity not specified (37g)",100,g,357,1.2,53.2,16.3,0.2
"Coconut water, unsweetened","Fruit drinks","1 fl oz (with ice) (23g)",100,g,18,0.2,4.2,0,0
"Coconut water, sweetened","Fruit drinks","1 bottle, NFS (360g)",100,g,37,0.2,9.1,0,0
"Trail mix, NFS","Nuts and seeds","Quantity not specified (28g)",100,g,454,10.9,51.1,26.8,6.4
"Trail mix with nuts","Nuts and seeds","1 cup (140g)",100,g,604,20.1,21.1,53,7.9
"Trail mix with nuts and fruit","Nuts and seeds","1 package (50g)",100,g,454,10.9,51.1,26.8,6.4
"Trail mix with chocolate","Nuts and seeds","Quantity not specified (28g)",100,g,503,11.7,48.3,32.3,5.9
"Trail mix with pretzels, cereal, or granola","Nuts and seeds","1 cup (140g)",100,g,476,13.1,50.6,27.7,6
"Pumpkin seeds, NFS","Nuts and seeds","Quantity not specified (28g)",100,g,574,29.8,14.7,49.1,6.5
"Pumpkin seeds, salted","Nuts and seeds","1 cup, NFS (46g)",100,g,567,29.5,14.5,48.5,6.4
"Pumpkin seeds, unsalted","Nuts and seeds","1 oz, without shell (28.4g)",100,g,574,29.8,14.7,49.1,6.5
"Sunflower seeds, plain, unsalted","Nuts and seeds","1 oz, NFS (28.4g)",100,g,582,19.3,24.1,49.8,11.1
"Sunflower seeds, plain, salted","Nuts and seeds","Quantity not specified (28g)",100,g,575,19.1,23.8,49.2,11
"Sunflower seeds, flavored","Nuts and seeds","1 oz, without shell (28.4g)",100,g,567,18.5,25.9,47.6,10.6
"Sunflower seeds, NFS","Nuts and seeds","1 package (50g)",100,g,582,19.3,24.1,49.8,11.1
"Sesame seeds","Nuts and seeds","1 cup (128g)",100,g,631,20.5,11.7,61.2,11.6
"Tahini","Nuts and seeds","Quantity not specified (28g)",100,g,697,19.7,14.2,62.4,8.4
"Flax seeds","Nuts and seeds","1 cup (168g)",100,g,545,18,34.4,37.3,23.1
"Mixed seeds","Nuts and seeds","Quantity not specified (28g)",100,g,580,22,21.7,49.6,10
"Chia seeds","Nuts and seeds","Quantity not specified (9g)",100,g,486,16.5,42.1,30.7,34.4
"Bread, NS as to major flour","Yeast breads","1 slice, crust not eaten (13g)",100,g,267,9.4,49.2,3.6,2.3
"Bread, NS as to major flour, toasted","Yeast breads","Quantity not specified (25g)",100,g,293,10.4,54.1,3.9,2.5
"Bread, made from home recipe or purchased at a bakery, NS as to major flour","Yeast breads","1 medium or regular slice (44g)",100,g,272,10.1,50.3,3.4,1.7
"Bread, made from home recipe or purchased at a bakery, toasted, NS as to major flour","Yeast breads","1 small or thin/very thin slice (30g)",100,g,299,11.1,55.2,3.8,1.9
"Roll, NS as to major flour","Rolls and buns","1 extra large roll (68g)",100,g,279,9.8,50.1,3.9,1.8
"Roll, hard, NS as to major flour","Rolls and buns","1 medium/regular/sandwich size roll (56g)",100,g,293,9.9,52.7,4.3,2.3
"Roll, bran, NS as to type of bran","Rolls and buns","Quantity not specified (36g)",100,g,263,9.6,44.6,6,3.8
"Bread, white","Yeast breads","Quantity not specified (28g)",100,g,267,9.4,49.2,3.6,2.3
"Bread, white, toasted","Yeast breads","1 medium or regular slice (25g)",100,g,293,10.4,54.1,3.9,2.5
"Bread, white, made from home recipe or purchased at a bakery","Yeast breads","1 cubic inch (4.7g)",100,g,272,10.1,50.3,3.4,1.7
"Bread, white, made from home recipe or purchased at a bakery, toasted","Yeast breads","1 small or thin/very thin slice (30g)",100,g,299,11.1,55.2,3.8,1.9
"Bread, white with whole wheat swirl","Yeast breads","1 slice, snack-size (10g)",100,g,260,10.9,46.2,3.6,4.2
"Bread, white with whole wheat swirl, toasted","Yeast breads","1 medium or regular slice (25g)",100,g,301,12.5,53.4,4.1,4.7
"Bread, Cuban","Yeast breads","1 medium or regular slice (20g)",100,g,272,10.8,51.9,2.4,2.2
"Bread, Cuban, toasted","Yeast breads","1 large or thick slice (27g)",100,g,299,11.8,57,2.7,2.4
"Bread, native, water, Puerto Rican style","Yeast breads","1 slice (25g)",100,g,279,10.4,52.2,3.3,1.8
"Bread, native, water, toasted, Puerto Rican style","Yeast breads","1 slice (23g)",100,g,306,11.4,57.3,3.6,2
"Bread, lard, Puerto Rican style","Yeast breads","Quantity not specified (25g)",100,g,282,7.3,56.1,3.3,2
"Bread, lard, toasted, Puerto Rican style","Yeast breads","1 slice (23g)",100,g,314,8.1,62.3,3.6,2.2
"Bread, French or Vienna","Yeast breads","1 small or thin/very thin slice (32g)",100,g,272,10.8,51.9,2.4,2.2
"Bread, French or Vienna, toasted","Yeast breads","Quantity not specified (59g)",100,g,299,11.8,57,2.7,2.4
"Focaccia, Italian, plain","Yeast breads","1 slice (57g)",100,g,249,8.8,35.8,7.9,1.8
"Bread, naan","Yeast breads","1 piece (1/4 of 10"" dia) (44g)",100,g,311,11.1,50.2,7.3,5.2
"Bread, Italian, Grecian, Armenian","Yeast breads","1 slice, crust not eaten (14g)",100,g,259,9.5,48.1,2.7,2.1
"Bread, Italian, Grecian, Armenian, toasted","Yeast breads","Quantity not specified (28g)",100,g,285,10.4,52.9,3,2.3
"Bread, pita","Yeast breads","1 small pita (28g)",100,g,275,9.1,55.7,1.2,2.2
"Bread, pita with fruit","Yeast breads","1 large pita (85g)",100,g,279,8.2,59.5,1.1,2.6
"Bread, cheese","Yeast breads","1 slice, crust not eaten (13g)",100,g,408,10.4,44.8,20.8,2.1
"Bread, cheese, toasted","Yeast breads","1 cubic inch (2.4g)",100,g,448,11.5,49.3,22.9,2.3
"Bread, cinnamon","Yeast breads","1 large or thick slice (43g)",100,g,253,7.1,44.4,5.3,3.5
"Bread, cinnamon, toasted","Yeast breads","1 small or thin/very thin slice (22g)",100,g,293,10.4,54.1,3.9,2.5
"Bread, cornmeal and molasses","Yeast breads","1 slice, snack-size (10g)",100,g,285,7.9,55.3,3.8,1.6
"Bread, cornmeal and molasses, toasted","Yeast breads","1 medium or regular slice (29g)",100,g,313,8.7,60.7,4.2,1.8
"Bread, egg, Challah","Yeast breads","1 small or thin/very thin slice (24g)",100,g,287,9.5,47.8,6,2.3
"Bread, egg, Challah, toasted","Yeast breads","1 medium or regular slice (28g)",100,g,315,10.4,52.5,6.6,2.5
"Garlic bread, NFS","Yeast breads","1 mini baguette (about 9"" long) (185g)",100,g,349,8.3,41.6,16.6,2.5
"Garlic bread, from fast food / restaurant","Yeast breads","1 large slice (111g)",100,g,349,8.3,41.6,16.6,2.5
"Garlic bread, from frozen","Yeast breads","1 large slice (111g)",100,g,350,8.4,41.7,16.6,2.5
"Garlic bread, with parmesan cheese, from fast food / restaurant","Yeast breads","Quantity not specified (79g)",100,g,351,8.8,41.1,16.8,2.4
"Garlic bread, with parmesan cheese, from frozen","Yeast breads","Quantity not specified (79g)",100,g,351,8.8,41.1,16.8,2.5
"Garlic bread, with melted cheese, from fast food / restaurant","Yeast breads","1 piece/slice Texas Toast (48g)",100,g,339,11.4,34.2,17.3,2
"Garlic bread, with melted cheese, from frozen","Yeast breads","1 medium slice (88g)",100,g,343,10.4,36.9,17.1,2.2
"Bread, onion","Yeast breads","1 large or thick slice (43g)",100,g,238,8.8,44.3,3,1.7
"Bread, onion, toasted","Yeast breads","Quantity not specified (28g)",100,g,262,9.7,48.7,3.2,1.9
"Bread, reduced calorie and/or high fiber, white or NFS","Yeast breads","1 slice, snack-size (10g)",100,g,207,8.7,44.3,2.5,9.7
"Bread, reduced calorie and/or high fiber, white or NFS, toasted","Yeast breads","1 small or thin/very thin slice (22g)",100,g,227,9.6,48.7,2.8,10.7
"Bread, reduced calorie and/or high fiber, white or NFS, with fruit and/or nuts","Yeast breads","1 small or thin/very thin slice (24g)",100,g,222,7.8,50,2.1,8.9
"Bread, reduced calorie and/or high fiber, white or NFS, with fruit and/or nuts, toasted","Yeast breads","1 medium or regular slice (26g)",100,g,244,8.6,54.9,2.4,9.7
"Bread, white, special formula, added fiber","Yeast breads","1 small or thin/very thin slice (24g)",100,g,238,10.7,43.9,2.2,9.2
"Bread, white, special formula, added fiber, toasted","Yeast breads","1 small or thin/very thin slice (22g)",100,g,262,11.7,48.3,2.4,10.1
"Bread, high protein, toasted","Yeast breads","1 slice, snack-size (9g)",100,g,269,13.3,48.1,2.4,3.3
"Bread, potato","Yeast breads","1 large or thick slice (43g)",100,g,266,12.5,47.1,3.1,6.3
"Bread, potato, toasted","Yeast breads","1 medium or regular slice (31g)",100,g,292,13.7,51.7,3.4,6.9
"Bread, raisin","Yeast breads","1 slice, crust not eaten (13g)",100,g,270,8.8,52.2,3.3,2.5
"Bread, raisin, toasted","Yeast breads","Quantity not specified (25g)",100,g,297,9.7,57.4,3.6,2.8
"Bread, sour dough","Yeast breads","1 slice, snack-size (10g)",100,g,272,10.8,51.9,2.4,2.2
"Bread, sour dough, toasted","Yeast breads","1 cubic inch (2.4g)",100,g,299,11.8,57,2.7,2.4
"Bread, sweet potato","Yeast breads","1 slice, snack-size (10g)",100,g,241,8.6,45.4,2.9,1.7
"Bread, sweet potato, toasted","Yeast breads","1 medium or regular slice (25g)",100,g,265,9.5,49.9,3.2,1.9
"Bread, vegetable","Yeast breads","1 cubic inch (4.7g)",100,g,259,9.7,48,3.3,1.8
"Bread, vegetable, toasted","Yeast breads","1 cubic inch (4.3g)",100,g,284,10.6,52.7,3.6,2
"Bruschetta","Vegetable sandwiches/burgers","Quantity not specified (43g)",100,g,171,4.3,21.3,7.6,1.5
"Bread, dough, fried","Yeast breads","Quantity not specified (26g)",100,g,384,9.4,45,18.8,1.5
"Roll, white, soft","Rolls and buns","1 miniature/small roll (28g)",100,g,279,9.8,50.1,3.9,1.8
"Roll, white, hard","Rolls and buns","1 cubic inch (2.3g)",100,g,293,9.9,52.7,4.3,2.3
"Roll, white, hot dog bun","Rolls and buns","Quantity not specified (45g)",100,g,267,9.4,49.2,3.6,2.3
"Roll, white, hamburger bun","Rolls and buns","1 miniature/small hamburger bun (28g)",100,g,267,9.4,49.2,3.6,2.3
"Roll, diet","Rolls and buns","Quantity not specified (28g)",100,g,272,10.8,51.9,2.4,2.2
"Roll, egg bread","Rolls and buns","Quantity not specified (28g)",100,g,287,9.5,47.8,6,2.3
"Roll, cheese","Rolls and buns","Quantity not specified (41g)",100,g,315,11.5,49.6,7.9,1.9
"Roll, French or Vienna","Rolls and buns","1 small (10 per 12 oz package) (34g)",100,g,272,10.8,51.9,2.4,2.2
"Roll, garlic","Rolls and buns","1 miniature/small roll (28g)",100,g,309,10.8,51.9,6.4,2
"Roll, white, hoagie, submarine","Rolls and buns","1 medium (8"" long) (106g)",100,g,279,9.8,50.1,3.9,1.8
"Roll, Mexican, bolillo","Rolls and buns","1 large roll (162g)",100,g,318,10.7,55.8,5.8,2.2
"Roll, sour dough","Rolls and buns","Quantity not specified (45g)",100,g,272,10.8,51.9,2.4,2.2
"Roll, sweet, no frosting","Doughnuts, sweet rolls, pastries","1 slice (56g)",100,g,321,10,53.6,7.4,3.1
"Roll, sweet, cinnamon bun, no frosting","Doughnuts, sweet rolls, pastries","1 small (54g)",100,g,372,6.2,50.9,16.4,2.4
"Roll, sweet, cinnamon bun, frosted","Doughnuts, sweet rolls, pastries","1 small (54g)",100,g,452,4.5,48.6,26.6,1.2
"Pan dulce, NFS","Doughnuts, sweet rolls, pastries","1 medium (93g)",100,g,371,9.1,56.4,12.2,2.2
"Pan Dulce, with fruit, no frosting","Doughnuts, sweet rolls, pastries","1 small (54g)",100,g,372,6.2,50.9,16.4,2.4
"Roll, sweet, with fruit, frosted","Doughnuts, sweet rolls, pastries","1 small (54g)",100,g,379,5.2,53.6,16.4,2
"Roll, sweet, with fruit, frosted, diet","Doughnuts, sweet rolls, pastries","Quantity not specified (90g)",100,g,452,4.5,48.6,26.6,1.2
"Roll, sweet, frosted","Doughnuts, sweet rolls, pastries","Quantity not specified (90g)",100,g,404,5.5,50.9,20.1,2.3
"Pan Dulce, no topping","Doughnuts, sweet rolls, pastries","1 medium (76g)",100,g,367,9.4,56.4,11.6,2.3
"Pan Dulce, with sugar topping","Doughnuts, sweet rolls, pastries","1 small (70g)",100,g,374,8.7,56.4,12.8,2.1
"Pan Dulce, with raisins and icing","Doughnuts, sweet rolls, pastries","1 roll (93g)",100,g,368,8.3,58.6,11.4,2.2
"Coffee cake, yeast type","Doughnuts, sweet rolls, pastries","1 cake (8"" dia) (326g)",100,g,372,6.2,50.9,16.4,2.4
"Croissant","Doughnuts, sweet rolls, pastries","1 mini croissant (28g)",100,g,406,8.2,45.8,21,2.6
"Croissant, cheese","Doughnuts, sweet rolls, pastries","1 croissant (57g)",100,g,414,9.2,47,20.9,2.6
"Croissant, chocolate","Doughnuts, sweet rolls, pastries","Quantity not specified (70g)",100,g,421,7.4,49.4,22.8,3.3
"Croissant, fruit","Doughnuts, sweet rolls, pastries","Quantity not specified (70g)",100,g,396,7.8,47,19.7,3
"Brioche","Doughnuts, sweet rolls, pastries","Quantity not specified (70g)",100,g,427,9,36.3,27.5,1.5
"Bread, Spanish coffee","Doughnuts, sweet rolls, pastries","1 piece (85g)",100,g,348,7.9,58.8,9.1,1.9
"Bagel","Bagels and English muffins","1 large (131g)",100,g,264,10.6,52.4,1.3,1.6
"Bagel, with raisins","Bagels and English muffins","1 Bagel Thin (46g)",100,g,268,9.8,55.1,1.2,1.9
"Bagel, with fruit other than raisins","Bagels and English muffins","1 large (131g)",100,g,243,9.6,48.4,1.3,1.7
"Bread stuffing","Turnovers and other grain-based items","1 cup, NFS (200g)",100,g,177,3.1,21.7,8.5,0.9
"Bread stuffing made with egg","Turnovers and other grain-based items","Quantity not specified (85g)",100,g,192,3.3,17.8,11.9,0.8
"Breadsticks, NFS","Rolls and buns","1 medium stick (43g)",100,g,342,12.2,44.4,12.9,2.4
"Breadsticks, hard, NFS","Crackers, excludes saltines","1 medium stick (10g)",100,g,412,12,68.4,9.5,3
"Breadsticks, hard, reduced sodium","Crackers, excludes saltines","1 snack size stick (2g)",100,g,434,12,72.2,10.9,2.5
"Breadsticks, soft, NFS","Rolls and buns","Quantity not specified (54g)",100,g,342,12.2,44.4,12.9,2.4
"Breadsticks, soft, fast food / restaurant","Rolls and buns","Quantity not specified (50g)",100,g,342,12.2,44.4,12.9,2.4
"Breadsticks, soft, frozen","Rolls and buns","1 garlic knot (34g)",100,g,313,11.1,46.4,9.2,2.4
"Breadsticks, soft, with parmesan cheese, fast food / restaurant","Rolls and buns","1 ""Crazy Bread"" stick (38g)",100,g,344,12.5,43.8,13.2,2.3
"Breadsticks, soft, stuffed or topped with melted cheese","Rolls and buns","1 medium stick (61g)",100,g,333,14.5,36.4,14.4,1.9
"Croutons","Crackers, excludes saltines","Quantity not specified (5g)",100,g,465,10.8,63.5,18.3,5
"Muffin, English","Bagels and English muffins","1 sandwich size muffin (92g)",100,g,227,8.9,44.2,1.7,3.5
"Muffin, English, with raisins","Bagels and English muffins","1 muffin (58g)",100,g,234,8.3,47.7,1.6,3.6
"Muffin, English, cheese","Bagels and English muffins","Quantity not specified (58g)",100,g,236,9.6,42.1,3.3,3.3
"Muffin, English, with fruit other than raisins","Bagels and English muffins","1 muffin (58g)",100,g,244,9.3,47.6,1.8,3.9
"Melba toast","Crackers, excludes saltines","1 cup, NFS (30g)",100,g,390,12.1,76.6,3.2,6.3
"Anisette toast","Cookies and brownies","Quantity not specified (18g)",100,g,373,7.6,67,8.4,1.4
"Pannetone","Doughnuts, sweet rolls, pastries","Quantity not specified (27g)",100,g,325,9.8,53.8,8.4,2.3
"Zwieback toast","Crackers, excludes saltines","1 piece (5g)",100,g,426,10.1,74.2,9.7,2.5
"Bread, whole grain white","Yeast breads","1 slice, snack-size (10g)",100,g,238,10.7,43.9,2.2,9.2
"Bread, whole grain white, toasted","Yeast breads","Quantity not specified (33g)",100,g,262,11.7,48.3,2.4,10.1
"Bagel, whole grain white","Bagels and English muffins","1 small (69g)",100,g,250,10.2,48.9,1.5,4.1
"Bread, whole wheat","Yeast breads","1 slice, snack-size (10g)",100,g,254,12.3,43.1,3.6,6
"Bread, whole wheat, toasted","Yeast breads","1 small or thin/very thin slice (22g)",100,g,279,13.5,47.4,3.9,6.6
"Bread, whole wheat, made from home recipe or purchased at bakery","Yeast breads","1 individual loaf (82g)",100,g,267,10.4,47,4.3,6.8
"Bread, whole wheat, made from home recipe or purchased at bakery, toasted","Yeast breads","Quantity not specified (40g)",100,g,293,11.4,51.6,4.7,7.4
"Bread, chappatti or roti","Yeast breads","1 large chappatti or roti (8"") (52g)",100,g,299,7.9,46.1,9.2,9.7
"Bread, puri","Yeast breads","1 puri (approx 4-4/5"" dia) (36g)",100,g,409,6.8,39.2,24.9,3.5
"Bread, paratha","Yeast breads","Quantity not specified (70g)",100,g,326,6.4,45.4,13.2,9.6
"Bread, whole wheat, with raisins","Yeast breads","1 slice, crust not eaten (16g)",100,g,290,8.6,56.4,4.1,6.5
"Bread, whole wheat, with raisins, toasted","Yeast breads","Quantity not specified (33g)",100,g,319,9.5,61.9,4.6,7.2
"Bread, sprouted wheat","Yeast breads","Quantity not specified (26g)",100,g,188,13.2,33.9,0,5.3
"Bread, sprouted wheat, toasted","Yeast breads","Quantity not specified (24g)",100,g,207,14.5,37.2,0,5.8
"Bread, wheat or cracked wheat","Yeast breads","Quantity not specified (28g)",100,g,274,10.7,47.5,4.5,4
"Bread, wheat or cracked wheat, toasted","Yeast breads","1 slice, snack-size (9g)",100,g,301,11.7,52.2,5,4.4
"Bread, wheat or cracked wheat, made from home recipe or purchased at bakery","Yeast breads","1 slice, crust not eaten (20g)",100,g,271,10.3,49.2,3.7,3.4
"Bread, wheat or cracked wheat, made from home recipe or purchased at bakery, toasted","Yeast breads","1 small or thin/very thin slice (30g)",100,g,297,11.4,54.1,4.1,3.7
"Bread, wheat or cracked wheat, with raisins","Yeast breads","1 medium or regular slice (28g)",100,g,292,8.7,57.7,3.7,3.9
"Bread, wheat or cracked wheat, with raisins, toasted","Yeast breads","1 slice, crust not eaten (12g)",100,g,321,9.5,63.4,4.1,4.3
"Bread, wheat or cracked wheat, reduced calorie and/or high fiber","Yeast breads","1 slice, snack-size (10g)",100,g,207,8.9,44.9,2.6,10.7
"Bread, wheat or cracked wheat, reduced calorie and/or high fiber, toasted","Yeast breads","1 medium or regular slice (25g)",100,g,228,9.8,49.4,2.8,11.8
"Bread, French or Vienna, whole wheat","Yeast breads","1 slice, Vienna bread (28g)",100,g,239,8.3,49.1,1,4.2
"Bread, French or Vienna, whole wheat, toasted","Yeast breads","1 medium or regular slice (59g)",100,g,263,9.2,54,1.1,4.6
"Bread, pita, whole wheat","Yeast breads","1 small pita (28g)",100,g,262,9.8,55.9,1.7,6.1
"Bread, pita, wheat or cracked wheat","Yeast breads","1 small pita (28g)",100,g,262,9.8,55.9,1.7,6.1
"Bagel, wheat","Bagels and English muffins","1 Bagel Thin (46g)",100,g,250,10.2,48.9,1.5,4.1
"Bagel, whole wheat","Bagels and English muffins","1 Bagel Thin (46g)",100,g,250,10.2,48.9,1.5,4.1
"Bagel, wheat, with raisins","Bagels and English muffins","Quantity not specified (105g)",100,g,255,9.5,51.9,1.4,4.1
"Bagel, whole wheat, with raisins","Bagels and English muffins","1 miniature (26g)",100,g,255,9.5,51.9,1.4,4.1
"Bagel, wheat, with fruit and nuts","Bagels and English muffins","Quantity not specified (105g)",100,g,263,9.5,50.8,2.8,4.4
"Bagel, wheat bran","Bagels and English muffins","1 small (69g)",100,g,250,10.2,48.9,1.5,4.1
"Muffin, English, wheat bran","Bagels and English muffins","Quantity not specified (58g)",100,g,223,8.7,44.8,2,4.6
"Muffin, English, wheat bran, with raisins","Bagels and English muffins","1 muffin (58g)",100,g,231,8.2,48.3,1.8,4.6
"Muffin, English, wheat or cracked wheat","Bagels and English muffins","1 muffin (58g)",100,g,223,8.7,44.8,2,4.6
"Muffin, English, whole wheat","Bagels and English muffins","Quantity not specified (58g)",100,g,223,8.7,44.8,2,4.6
"Muffin, English, wheat or cracked wheat, with raisins","Bagels and English muffins","1 muffin (58g)",100,g,230,8.2,47.9,1.8,4.6
"Muffin, English, whole wheat, with raisins","Bagels and English muffins","Quantity not specified (58g)",100,g,230,8.2,47.9,1.8,4.6
"Muffin, English, whole grain white","Bagels and English muffins","Quantity not specified (58g)",100,g,223,8.7,44.8,2,4.6
"Breadsticks, hard, whole wheat","Crackers, excludes saltines","Quantity not specified (12g)",100,g,425,15.1,67.9,11,7.1
"Roll, wheat or cracked wheat","Rolls and buns","1 medium submarine, hoagie roll (106g)",100,g,273,8.6,46,6.3,3.8
"Roll, wheat or cracked wheat, hot dog bun","Rolls and buns","Quantity not specified (45g)",100,g,269,11.7,47.3,3.6,4.2
"Roll, wheat or cracked wheat, hamburger bun","Rolls and buns","1 hamburger bun (52g)",100,g,269,11.7,47.3,3.6,4.2
"Roll, whole wheat","Rolls and buns","1 extra large roll (68g)",100,g,273,8.6,46,6.3,3.8
"Roll, whole wheat, hot dog bun","Rolls and buns","Quantity not specified (45g)",100,g,269,12.4,44.9,4.4,6.1
"Roll, whole wheat, hamburger bun","Rolls and buns","1 hamburger bun (52g)",100,g,269,12.4,44.9,4.4,6.1
"Roll, whole grain white","Rolls and buns","1 large submarine, hoagie roll (153g)",100,g,255,9.3,46.5,3.5,2.3
"Roll, whole grain white, hot dog bun","Rolls and buns","Quantity not specified (45g)",100,g,255,9.3,46.5,3.5,2.3
"Roll, whole grain white, hamburger bun","Rolls and buns","1 miniature/small hamburger bun (28g)",100,g,255,9.3,46.5,3.5,2.3
"Bread, rye","Yeast breads","Quantity not specified (32g)",100,g,259,8.5,48.3,3.3,5.8
"Bread, rye, toasted","Yeast breads","1 small or thin/very thin slice (22g)",100,g,285,9.3,53.1,3.6,6.4
"Bread, marble rye and pumpernickel","Yeast breads","1 slice, crust not eaten (15g)",100,g,259,8.5,48.3,3.3,5.8
"Bread, marble rye and pumpernickel, toasted","Yeast breads","1 slice, crust not eaten (13.5g)",100,g,285,9.3,53.1,3.6,6.4
"Muffin, English, rye","Bagels and English muffins","1 muffin (58g)",100,g,259,8.5,48.3,3.3,5.8
"Bread, pumpernickel","Yeast breads","1 medium or regular slice (32g)",100,g,250,8.7,47.5,3.1,6.5
"Bread, pumpernickel, toasted","Yeast breads","1 slice, crust not eaten (13g)",100,g,275,9.6,52.2,3.4,7.1
"Bagel, pumpernickel","Bagels and English muffins","1 large (131g)",100,g,250,10.2,48.9,1.5,4.1
"Muffin, English, pumpernickel","Bagels and English muffins","Quantity not specified (58g)",100,g,250,8.7,47.5,3.1,6.5
"Bread, black","Yeast breads","1 slice, snack-size (10g)",100,g,250,8.7,47.5,3.1,6.5
"Bread, black, toasted","Yeast breads","1 medium or regular slice (25g)",100,g,275,9.6,52.2,3.4,7.1
"Roll, rye","Rolls and buns","Quantity not specified (43g)",100,g,259,8.5,48.3,3.3,5.8
"Roll, pumpernickel","Rolls and buns","1 medium/regular/sandwich size roll (36g)",100,g,250,8.7,47.5,3.1,6.5
"Bread, oatmeal","Yeast breads","1 cubic inch (4.3g)",100,g,269,8.4,48.5,4.4,4
"Bread, oatmeal, toasted","Yeast breads","1 medium or regular slice (25g)",100,g,296,9.2,53.3,4.8,4.4
"Bread, oat bran","Yeast breads","1 small or thin/very thin slice (24g)",100,g,299,9.3,53.9,4.9,4.4
"Bread, oat bran, toasted","Yeast breads","1 small or thin/very thin slice (22g)",100,g,296,9.2,53.3,4.8,4.4
"Bagel, oat bran","Bagels and English muffins","1 miniature (26g)",100,g,250,10.2,48.9,1.5,4.1
"Roll, oatmeal","Rolls and buns","1 miniature/small roll (28g)",100,g,269,8.4,48.5,4.4,4
"Muffin, English, oat bran","Bagels and English muffins","Quantity not specified (58g)",100,g,269,8.4,48.5,4.4,4
"Muffin, English, oat bran, with raisins","Bagels and English muffins","1 muffin (58g)",100,g,272,7.9,51.6,4,4
"Bread, multigrain, toasted","Yeast breads","1 large or thick slice (39g)",100,g,291,14.7,47.6,4.7,8.1
"Bread, multigrain","Yeast breads","1 small or thin/very thin slice (24g)",100,g,265,13.4,43.3,4.2,7.4
"Bread, multigrain, with raisins","Yeast breads","1 large or thick slice (43g)",100,g,268,12.4,46.9,3.8,7.1
"Bread, multigrain, with raisins, toasted","Yeast breads","1 small or thin/very thin slice (22g)",100,g,295,13.6,51.6,4.2,7.8
"Bread, multigrain, reduced calorie and/or high fiber","Yeast breads","1 large or thick slice (43g)",100,g,207,8.9,44.9,2.6,10.7
"Bread, multigrain, reduced calorie and/or high fiber, toasted","Yeast breads","1 slice, snack-size (9g)",100,g,228,9.8,49.4,2.8,11.8
"Roll, multigrain","Rolls and buns","1 miniature/small roll (28g)",100,g,263,9.6,44.6,6,3.8
"Roll, multigrain, hot dog bun","Rolls and buns","Quantity not specified (45g)",100,g,263,9.6,44.6,6,3.8
"Roll, multigrain, hamburger bun","Rolls and buns","1 miniature/small hamburger bun (28g)",100,g,263,9.6,44.6,6,3.8
"Bagel, multigrain","Bagels and English muffins","1 miniature (26g)",100,g,250,10.2,48.9,1.5,4.1
"Bagel, multigrain, with raisins","Bagels and English muffins","1 small (69g)",100,g,255,9.5,51.9,1.4,4.1
"Muffin, English, multigrain","Bagels and English muffins","1 muffin (58g)",100,g,223,8.7,44.8,2,4.6
"Bread, barley","Yeast breads","1 small or thin/very thin slice (24g)",100,g,274,10.7,47.5,4.5,4
"Bread, barley, toasted","Yeast breads","1 medium or regular slice (25g)",100,g,301,11.7,52.2,5,4.4
"Bread, soy","Yeast breads","1 large or thick slice (43g)",100,g,267,16.4,42,3.8,4.4
"Bread, soy, toasted","Yeast breads","1 slice, snack-size (9g)",100,g,293,18,46.1,4.2,4.8
"Bread, sunflower meal","Yeast breads","1 large or thick slice (43g)",100,g,306,11.2,48,8.2,2.7
"Bread, sunflower meal, toasted","Yeast breads","1 medium or regular slice (25g)",100,g,336,12.3,52.7,9.1,2.9
"Bread, rice","Yeast breads","1 medium or regular slice (28g)",100,g,248,4.3,45.8,5.2,4.3
"Bread, rice, toasted","Yeast breads","1 slice, snack-size (9g)",100,g,273,4.7,50.3,5.8,4.7
"Injera, Ethiopian bread","Yeast breads","1 cup, pieces (68g)",100,g,93,2.6,19.4,0.7,2.8
"Bread, gluten free","Yeast breads","Quantity not specified (28g)",100,g,248,4.3,45.8,5.2,4.3
"Bread, gluten free, toasted","Yeast breads","1 small or thin/very thin slice (22g)",100,g,273,4.7,50.3,5.8,4.7
"Breadsticks, hard, gluten free","Crackers, excludes saltines","1 cup (46g)",100,g,453,11.3,66.3,15.8,10.2
"Roll, gluten free","Rolls and buns","Quantity not specified (43g)",100,g,239,3.3,50.5,2.7,5.1
"Biscuit, NFS","Biscuits, muffins, quick breads","Quantity not specified (45g)",100,g,370,7.1,42.8,18.9,2.5
"Biscuit, from refrigerated dough","Biscuits, muffins, quick breads","1 biscuit (45g)",100,g,324,6.8,49.1,11.2,2.8
"Biscuit, from fast food / restaurant","Biscuits, muffins, quick breads","1 biscuit (70g)",100,g,370,7.1,42.8,18.9,2.5
"Biscuit, home recipe","Biscuits, muffins, quick breads","1 cubic inch (8.5g)",100,g,350,7,44.9,16,1.4
"Biscuit, wheat","Biscuits, muffins, quick breads","1 biscuit (45g)",100,g,362,7.5,43.9,18.2,4.5
"Biscuit, cheese","Biscuits, muffins, quick breads","1 biscuit (45g)",100,g,374,8.7,38.8,20.4,2.2
"Biscuit with fruit","Biscuits, muffins, quick breads","1 biscuit (45g)",100,g,363,6.7,46.5,17.1,2.7
"Scone","Biscuits, muffins, quick breads","1 regular (70g)",100,g,382,6.7,48.1,18.4,1.2
"Scone, with fruit","Biscuits, muffins, quick breads","Quantity not specified (70g)",100,g,374,6.3,51.2,16.5,1.5
"Cornbread, prepared from mix","Biscuits, muffins, quick breads","Quantity not specified (60g)",100,g,330,6.6,54.5,9.6,2.3
"Cornbread, made from home recipe","Biscuits, muffins, quick breads","1 cup, crumbled (89g)",100,g,287,6.6,42.9,9.8,1.5
"Cornbread stuffing","Turnovers and other grain-based items","1 cup, NFS (200g)",100,g,179,2.9,21.9,8.8,2.9
"Cornbread muffin, stick, round","Biscuits, muffins, quick breads","1 round (45g)",100,g,305,5.9,51,8.4,3.4
"Cornbread muffin, stick, round, made from home recipe","Biscuits, muffins, quick breads","1 large (154g)",100,g,307,7,45.9,10.5,1.6
"Corn flour patty or tart, fried","Biscuits, muffins, quick breads","1 patty (10g)",100,g,218,4,41.2,4.6,3
"Corn pone, baked","Biscuits, muffins, quick breads","Quantity not specified (61g)",100,g,214,3.5,39.7,4.3,1.9
"Corn pone, fried","Biscuits, muffins, quick breads","Quantity not specified (61g)",100,g,254,3.3,37.8,9.8,1.8
"Gordita/sope shell, plain, no filling","Tortillas","1 cup (pieces) (100g)",100,g,260,3.9,37.2,11.2,2.9
"Hush puppy","Biscuits, muffins, quick breads","1 cubic inch cornbread (8.1g)",100,g,296,6.2,40.2,13.3,2.9
"Johnnycake","Biscuits, muffins, quick breads","Quantity not specified (49g)",100,g,277,8,43.8,7.5,1.8
"Spoonbread","Biscuits, muffins, quick breads","Quantity not specified (94g)",100,g,166,6.7,18.6,7.1,0.7
"Tortilla, NFS","Tortillas","Quantity not specified (77g)",100,g,262,7,47,5.4,4.9
"Tortilla, corn","Tortillas","Quantity not specified (77g)",100,g,218,5.7,44.6,2.9,6.3
"Tortilla, flour","Tortillas","1 extra large (104g)",100,g,306,8.2,49.4,8,3.5
"Tortilla, whole wheat","Tortillas","1 large (71g)",100,g,310,9.8,45.9,9.8,9.8
"Taco shell, corn","Tortillas","1 medium (28g)",100,g,476,6.4,63.5,21.8,6.7
"Taco shell, flour","Tortillas","Quantity not specified (45g)",100,g,511,8.8,53.2,29.1,3.8
"Arepa Dominicana","Biscuits, muffins, quick breads","1 piece (4"" x 2"" x 1-3/4"") (115g)",100,g,267,5.7,30.5,14,2.4
"Muffin, NFS","Biscuits, muffins, quick breads","1 small (70g)",100,g,375,4.5,53,16.1,1.1
"Muffin, fruit","Biscuits, muffins, quick breads","1 large (180g)",100,g,375,4.5,53,16.1,1.1
"Muffin, fruit, low fat","Biscuits, muffins, quick breads","1 large (180g)",100,g,255,4.2,50.1,4.2,4.2
"Muffin, chocolate chip","Biscuits, muffins, quick breads","1 large (180g)",100,g,402,5.8,55.4,19,1.8
"Muffin, chocolate","Biscuits, muffins, quick breads","Quantity not specified (130g)",100,g,395,6.5,50.9,18.8,1.9
"Muffin, whole wheat","Biscuits, muffins, quick breads","1 miniature (25g)",100,g,372,7.8,44,18.4,3.5
"Muffin, wheat","Biscuits, muffins, quick breads","1 small (70g)",100,g,372,6.9,45.7,18,1.8
"Muffin, whole grain","Biscuits, muffins, quick breads","1 miniature (25g)",100,g,372,6.9,45.7,18,1.8
"Muffin, wheat bran","Biscuits, muffins, quick breads","1 miniature (25g)",100,g,208,6.3,38.7,5,2.2
"Muffin, bran with fruit, lowfat","Biscuits, muffins, quick breads","Quantity not specified (58g)",100,g,179,5.4,40,1.5,2.7
"Muffin, oatmeal","Biscuits, muffins, quick breads","1 miniature (25g)",100,g,370,6.4,43.9,18.9,1.5
"Muffin, oat bran","Biscuits, muffins, quick breads","1 medium (130g)",100,g,270,7,48.3,7.4,4.6
"Muffin, plain","Biscuits, muffins, quick breads","Quantity not specified (130g)",100,g,374,5.9,52,16.2,0.8
"Muffin, cheese","Biscuits, muffins, quick breads","1 bite size (10g)",100,g,367,9.7,30.5,23,1
"Muffin, pumpkin","Biscuits, muffins, quick breads","1 small (70g)",100,g,305,5,43.2,12.9,1.4
"Muffin, zucchini","Biscuits, muffins, quick breads","Quantity not specified (130g)",100,g,306,5.1,42.6,13.1,0.9
"Muffin, carrot","Biscuits, muffins, quick breads","1 medium (130g)",100,g,314,5,44.4,13.2,1.4
"Popover","Biscuits, muffins, quick breads","Quantity not specified (31g)",100,g,268,11.1,35.3,9.2,1.1
"Bread, Boston Brown","Biscuits, muffins, quick breads","1 slice (45g)",100,g,274,10.7,47.5,4.5,4
"Bread, nut","Biscuits, muffins, quick breads","Quantity not specified (49g)",100,g,403,6.6,49.7,20.1,1.2
"Bread, pumpkin","Biscuits, muffins, quick breads","Quantity not specified (60g)",100,g,305,5,43.2,12.9,1.4
"Bread, fruit","Biscuits, muffins, quick breads","1 slice (41g)",100,g,374,6,47.3,18.1,1.2
"Bread, zucchini","Biscuits, muffins, quick breads","1 cubic inch (6.6g)",100,g,306,5.1,42.6,13.1,0.9
"Bread, Irish soda","Biscuits, muffins, quick breads","Quantity not specified (74g)",100,g,301,6.5,51.1,9,2.3
"Cake or cupcake, NFS","Cakes and pies","1 piece/slice, any size (175g)",100,g,352,2.8,53.6,14.8,1
"Cake, angel food","Cakes and pies","Quantity not specified (60g)",100,g,257,6.1,58.7,0.3,0.2
"Cake or cupcake, apple","Cakes and pies","1 cup (120g)",100,g,376,2.4,52.5,17.5,0.9
"Cake or cupcake, banana","Cakes and pies","1 cup (120g)",100,g,379,2.5,53.1,17.5,1
"Cake or cupcake, Black Forest","Cakes and pies","1 piece/slice, any size (200g)",100,g,228,3.5,31.3,10.7,1.7
"Cake, Boston cream pie","Cakes and pies","Quantity not specified (115g)",100,g,252,2.4,42.9,8.5,1.4
"Cake or cupcake, carrot","Cakes and pies","1 cupcake, any size (90g)",100,g,374,2.5,51.8,17.5,1.1
"Cake or cupcake, coconut","Cakes and pies","1 piece/slice, any size (200g)",100,g,368,2.5,54.5,15.7,1.3
"Cheesecake, plain","Cakes and pies","1 cup (180g)",100,g,399,5.3,34.8,26.5,0.5
"Cheesecake, fruit","Cakes and pies","1 cup (180g)",100,g,387,4.8,38.2,23.9,0.6
"Cheesecake, chocolate","Cakes and pies","1 cup (180g)",100,g,394,5.7,35.5,26.1,1.6
"Cake or cupcake, chocolate with white icing, bakery","Cakes and pies","1 cup (100g)",100,g,355,2.8,54.4,14.6,1.2
"Cake or cupcake, chocolate with white icing, from mix","Cakes and pies","1 large piece/slice, 2+ layer cake (225g)",100,g,349,3.1,53.1,14.4,1.4
"Cake or cupcake, chocolate with chocolate icing, bakery","Cakes and pies","1 regular cupcake (90g)",100,g,345,3.3,52.3,15.2,1.6
"Cake or cupcake, chocolate with chocolate icing, from mix","Cakes and pies","1 large piece/slice, 1 layer cake (150g)",100,g,341,3.5,51.3,15,1.7
"Cake or cupcake, chocolate, no icing","Cakes and pies","Quantity not specified (65g)",100,g,303,5.1,43.3,13.2,2.3
"Cake or cupcake, German chocolate","Cakes and pies","1 piece/slice, any size (200g)",100,g,360,3.7,49.9,17.6,2.4
"Cake or cupcake, gluten free","Cakes and pies","Quantity not specified (175g)",100,g,410,4.9,37.9,29.4,2.4
"Cake, chocolate, flourless","Cakes and pies","Quantity not specified (115g)",100,g,410,4.9,37.9,29.4,2.4
"Cake, cream","Cakes and pies","1 piece/slice, any size (200g)",100,g,286,3.8,30,17,0.4
"Snack cake, chocolate","Cakes and pies","1 piece/slice, any size, except mini (45g)",100,g,399,3.6,60.3,15.9,3.2
"Snack cake, white","Cakes and pies","Quantity not specified (45g)",100,g,374,3.5,64,11.5,1
"Cake, fruit cake","Cakes and pies","1 piece/slice, any size (115g)",100,g,324,2.9,61.6,9.1,3.7
"Cake or cupcake, gingerbread","Cakes and pies","1 piece/slice, any size (115g)",100,g,276,3.6,45.3,9.2,1
"Ice cream cake","Cakes and pies","1 cubic inch (9.6g)",100,g,283,3,39.3,12.7,0.5
"Cake, jelly roll","Cakes and pies","Quantity not specified (100g)",100,g,285,3.1,64.5,1.5,0.8
"Cake or cupcake, lemon","Cakes and pies","1 piece/slice, any size (175g)",100,g,339,2.4,51.9,13.5,0.4
"Cake or cupcake, marble","Cakes and pies","1 cupcake, any size (90g)",100,g,347,3.1,52.6,15.1,1.2
"Cake or cupcake, peanut butter","Cakes and pies","1 cupcake, any size (90g)",100,g,382,6.1,47.5,19.9,2
"Cake, pound","Cakes and pies","1 piece/slice, any size (115g)",100,g,353,5,53.6,14,0.6
"Cake or cupcake, pumpkin","Cakes and pies","1 cupcake, any size (90g)",100,g,373,2.5,51.6,17.5,1.1
"Cake or cupcake, red velvet","Cakes and pies","1 piece/slice, any size (200g)",100,g,355,2.8,54.4,14.6,1.2
"Cake or cupcake, spice","Cakes and pies","1 piece/slice, any size (175g)",100,g,410,2.7,56.4,19.4,0.9
"Cake, sponge","Cakes and pies","1 cup (50g)",100,g,290,5.4,61,2.7,0.5
"Cake or cupcake, strawberry","Cakes and pies","1 cup (100g)",100,g,326,2.2,50.3,12.9,0.5
"Cake, torte","Cakes and pies","Quantity not specified (200g)",100,g,241,3.3,33.9,10.4,0.9
"Cake, tres leche","Cakes and pies","Quantity not specified (200g)",100,g,270,6.4,42,8.7,0.3
"Cake, pineapple, upside down","Cakes and pies","1 cup (120g)",100,g,273,2.4,39.1,12.2,0.7
"Cake or cupcake, white with white icing, bakery","Cakes and pies","1 large piece/slice, 1 layer cake (170g)",100,g,359,2.4,55,14.3,0.4
"Cake or cupcake, white with white icing, from mix","Cakes and pies","1 regular cupcake (75g)",100,g,353,2.6,53.8,14.2,0.4
"Cake or cupcake, white with chocolate icing, bakery","Cakes and pies","1 cup (100g)",100,g,349,2.9,52.8,15,0.8
"Cake or cupcake, white with chocolate icing, from mix","Cakes and pies","1 regular cupcake (75g)",100,g,345,3.1,51.9,14.7,0.7
"Cake or cupcake, white, no icing","Cakes and pies","1 regular cupcake (50g)",100,g,310,4.4,44.4,12.8,0.6
"Cake, strawberry shortcake","Cakes and pies","1 piece/slice, any size (175g)",100,g,214,3.3,40.1,4.7,0.9
"Cake or cupcake, zucchini","Cakes and pies","1 cup (120g)",100,g,371,2.5,51.1,17.5,0.9
"Cookie, batter or dough, raw","Cookies and brownies","Quantity not specified (63g)",100,g,435,5,54.5,22.5,0.9
"Cookie, NFS","Cookies and brownies","1 medium (30g)",100,g,492,5.1,65.4,24.7,2
"Cookie, almond","Cookies and brownies","1 small (20g)",100,g,514,5.4,63.8,26.2,1.3
"Cookie, applesauce","Cookies and brownies","1 medium (30g)",100,g,450,6.2,68.7,18.1,2.8
"Cookie, biscotti","Cookies and brownies","Quantity not specified (64g)",100,g,373,7.6,67,8.4,1.4
"Cookie, brownie, NS as to icing","Cookies and brownies","Quantity not specified (50g)",100,g,405,4.8,63.9,16.3,2.1
"Cookie, brownie, without icing","Cookies and brownies","Quantity not specified (50g)",100,g,405,4.8,63.9,16.3,2.1
"Cookie, brownie, with icing or filling","Cookies and brownies","1 Little Debbie package (twin wrapped) (61g)",100,g,401,2.9,63.6,17,1.5
"Cookie, brownie, reduced fat, NS as to icing","Cookies and brownies","1 miniature/bite size (5g)",100,g,345,2.8,61.6,9.7,11.1
"Cookie, butterscotch, brownie","Cookies and brownies","1 large (90g)",100,g,405,4.8,63.9,16.3,2.1
"Cookie, bar, with chocolate","Cookies and brownies","1 large (90g)",100,g,492,5.1,65.4,24.7,2
"Cookie, chocolate chip","Cookies and brownies","1 McDonald's cookie (33g)",100,g,492,5.1,65.4,24.7,2
"Cookie, chocolate chip, made from home recipe or purchased at a bakery","Cookies and brownies","1 extra large (100g)",100,g,505,5.8,59.2,29,2.5
"Cookie, chocolate chip, reduced fat","Cookies and brownies","1 Nabisco Chips Ahoy! (10.7g)",100,g,451,6,67.5,17.9,3
"Cookie, chocolate chip sandwich","Cookies and brownies","1 sandwich (14g)",100,g,425,2.9,63.5,17.7,0
"Cookie, chocolate, made with rice cereal","Cookies and brownies","Quantity not specified (60g)",100,g,440,3.2,63.3,19.4,1.6
"Cookie, chocolate, made with oatmeal and coconut, no bake","Cookies and brownies","Quantity not specified (60g)",100,g,450,6.2,68.7,18.1,2.8
"Cookie, chocolate or fudge","Cookies and brownies","1 small (20g)",100,g,433,6.6,72.7,14.2,3.4
"Cookie, marshmallow, chocolate-covered","Cookies and brownies","1 Fudge Marshmallow (28g)",100,g,421,4,67.7,16.9,2
"Cookie, marshmallow pie, chocolate covered","Cookies and brownies","1 Little Debbie (39g)",100,g,421,4,67.7,16.9,2
"Cookie, chocolate, with icing or coating","Cookies and brownies","1 miniature/bite size (7g)",100,g,507,4.5,67.9,24.2,2.3
"Cookie, sugar wafer, chocolate-covered","Cookies and brownies","1 Little Debbie Fudge Crispy Bar (15g)",100,g,526,3.5,66,27.6,3.4
"Cookie, chocolate sandwich","Cookies and brownies","1 miniature/bite size (3g)",100,g,464,5.2,71,19.1,2.9
"Cookie, chocolate sandwich, reduced fat","Cookies and brownies","1 cookie (14g)",100,g,436,2.9,76.2,13.2,2.9
"Cookie, chocolate, sandwich, with extra filling","Cookies and brownies","1 sandwich, chocolate covered (include Fudge Covered Oreos) (19g)",100,g,497,4.3,68.2,24.5,2.7
"Cookie, chocolate and vanilla sandwich","Cookies and brownies","1 large sandwich (36g)",100,g,464,5.2,71,19.1,2.9
"Cookie, chocolate wafer","Cookies and brownies","1 100 calorie package (23g)",100,g,433,6.6,72.7,14.2,3.4
"Cookie, graham cracker with chocolate and marshmallow","Cookies and brownies","1 large S'mores cookie (84g)",100,g,465,6.4,69,18.6,2.8
"Cookie bar, with chocolate, nuts, and graham crackers","Cookies and brownies","1 large bar (56g)",100,g,492,5.1,65.4,24.7,2
"Cookie, coconut","Cookies and brownies","1 small (20g)",100,g,460,3,61.2,22.6,5.1
"Cookie, fruit-filled bar","Cookies and brownies","1 medium bar (38g)",100,g,348,3.7,70.9,7.3,4.6
"Cookie, fig bar","Cookies and brownies","1 individual package (2 oz package containing 2 3"" bars) (57g)",100,g,348,3.7,70.9,7.3,4.6
"Cookie, fortune","Cookies and brownies","Quantity not specified (24g)",100,g,378,4.2,84,2.7,1.6
"Cookie, cone shell, ice cream type, wafer or cake","Cookies and brownies","1 large waffle cone (29g)",100,g,417,8.1,79,6.9,3
"Cookie, gingersnaps","Cookies and brownies","Quantity not specified (60g)",100,g,416,5.6,76.9,9.8,2.2
"Cookie, granola","Cookies and brownies","Quantity not specified (60g)",100,g,464,9.8,66.7,17.6,3.1
"Cookie, ladyfinger","Cookies and brownies","1 anisette sponge (4"" x 1-1/8"" x 7/8"") (13g)",100,g,365,10.6,59.7,9.1,1
"Cookie, lemon bar","Cookies and brownies","Quantity not specified (38g)",100,g,437,5.1,62.7,18.9,0.8
"Cookie, macaroon","Cookies and brownies","Quantity not specified (48g)",100,g,460,3,61.2,22.6,5.1
"Cookie, marshmallow, with coconut","Cookies and brownies","Quantity not specified (60g)",100,g,421,4,67.7,16.9,2
"Cookie, marshmallow, with rice cereal, no bake","Cookies and brownies","1 large bar (56g)",100,g,417,3.4,80.5,9,0
"Cookie, marshmallow, with rice cereal and chocolate chips","Cookies and brownies","1 small bar (25g)",100,g,435,4.6,63.3,18.2,0
"Cookie, marshmallow and peanut butter, with oat cereal, no bake","Cookies and brownies","1 medium bar (38g)",100,g,417,3.4,80.5,9,0
"Cookie, meringue","Cookies and brownies","1 cookie (5g)",100,g,350,5.7,81.3,0.3,0
"Cookie, molasses","Cookies and brownies","Quantity not specified (60g)",100,g,430,5.6,73.8,12.8,1
"Cookie, Lebkuchen","Cookies and brownies","Quantity not specified (48g)",100,g,430,5.6,73.8,12.8,1
"Cookie, multigrain, high fiber","Cookies and brownies","Quantity not specified (60g)",100,g,464,9.8,66.7,17.6,3.1
"Cookie, oatmeal","Cookies and brownies","1 small (20g)",100,g,450,6.2,68.7,18.1,2.8
"Cookie, oatmeal, with raisins","Cookies and brownies","1 large (45g)",100,g,450,6.2,68.7,18.1,2.8
"Cookie, oatmeal, reduced fat, NS as to raisins","Cookies and brownies","1 large (45g)",100,g,365,4,64.6,10,16.1
"Cookie, oatmeal sandwich, with creme filling","Cookies and brownies","1 sandwich (14g)",100,g,398,2.6,55.6,18.3,2.6
"Cookie, oatmeal, with chocolate chips","Cookies and brownies","Quantity not specified (60g)",100,g,457,5.7,67.6,20.9,3.5
"Cookie, oatmeal sandwich, with peanut butter and jelly filling","Cookies and brownies","1 sandwich (14g)",100,g,398,2.6,55.6,18.3,2.6
"Cookie, oatmeal, with chocolate and peanut butter, no bake","Cookies and brownies","1 miniature/bite size (5g)",100,g,450,6.2,68.7,18.1,2.8
"Cookie, peanut butter","Cookies and brownies","1 large (45g)",100,g,473,8.9,58.2,23.8,2.1
"Cookie, peanut butter, with chocolate","Cookies and brownies","1 Nutter Butter (18g)",100,g,475,7.8,59.5,25.3,3
"Cookie, peanut butter with rice cereal, no bake","Cookies and brownies","1 large bar (56g)",100,g,417,3.4,80.5,9,0
"Cookie, peanut butter sandwich","Cookies and brownies","1 sandwich (14g)",100,g,478,8.8,65.6,21.1,1.9
"Cookie, with peanut butter filling, chocolate-coated","Cookies and brownies","1 Lance Wafer (8.3g)",100,g,562,8.1,52.9,35.3,3.5
"Cookie, Pfeffernusse","Cookies and brownies","Quantity not specified (26g)",100,g,514,5.4,63.8,26.2,1.3
"Cookie, Pizzelle","Cookies and brownies","1 wafer or rosette (13g)",100,g,417,8.1,79,6.9,3
"Cookie, pumpkin","Cookies and brownies","1 large bar (56g)",100,g,450,6.2,68.7,18.1,2.8
"Cookie, raisin","Cookies and brownies","1 large (45g)",100,g,401,4.1,68,13.6,1.2
"Cookie, raisin sandwich, cream-filled","Cookies and brownies","1 large sandwich (36g)",100,g,398,2.6,55.6,18.3,2.6
"Cookie, rum ball, no bake","Cookies and brownies","Quantity not specified (22g)",100,g,514,5.4,63.8,26.2,1.3
"Cookie, sandwich-type, not chocolate or vanilla","Cookies and brownies","1 large sandwich (36g)",100,g,483,4.5,72.1,20,1.5
"Cookie, shortbread","Cookies and brownies","1 large (45g)",100,g,514,5.4,63.8,26.2,1.3
"Cookie, shortbread, reduced fat","Cookies and brownies","Quantity not specified (60g)",100,g,451,5.4,76,14,1.3
"Cookie, shortbread, with icing or filling","Cookies and brownies","Quantity not specified (42g)",100,g,515,5.1,62.6,28.3,2.1
"Pocky","Cookies and brownies","Quantity not specified (35g)",100,g,447,10,51.1,22.5,5
"Cookie, animal","Cookies and brownies","Quantity not specified (20g)",100,g,446,6.9,74.1,13.8,1.1
"Cookie, animal, with frosting or icing","Cookies and brownies","1 animal cookie (include Keebler Iced; Carousel Frosted) (5g)",100,g,509,3,70.1,24.1,0.9
"Cookie, butter or sugar","Cookies and brownies","1 2-1/4"" dia (include Snickerdoodles) (10g)",100,g,464,5.4,67.3,19.6,1.3
"Marie biscuit","Cookies and brownies","1 cookie (7g)",100,g,406,7.1,70.5,10.6,3.5
"Cookie, butter or sugar, with fruit and/or nuts","Cookies and brownies","Quantity not specified (60g)",100,g,470,6.5,65,21.1,1.6
"Cookie, sugar wafer","Cookies and brownies","1 medium (8g)",100,g,502,3.8,70.6,23.2,1.6
"Cookie, toffee bar","Cookies and brownies","1 large bar (56g)",100,g,492,5.1,65.4,24.7,2
"Cookie, vanilla sandwich","Cookies and brownies","1 miniature/bite size (3g)",100,g,483,4.5,72.1,20,1.5
"Cookie, vanilla sandwich, extra filling","Cookies and brownies","Quantity not specified (42g)",100,g,497,4.3,68.2,24.5,2.7
"Cookie, vanilla sandwich, reduced fat","Cookies and brownies","1 large sandwich (36g)",100,g,423,4.2,78.2,10.4,2.1
"Cookie, butter or sugar, with chocolate icing or filling","Cookies and brownies","1 Keebler Fudge Strips (10g)",100,g,503,4.1,68.8,23.5,1.9
"Cookie, butter or sugar, with icing or filling other than chocolate","Cookies and brownies","1 medium (42g)",100,g,433,3.4,72.7,14.9,0.4
"Cookie, tea, Japanese","Cookies and brownies","Quantity not specified (15g)",100,g,378,4.2,84,2.7,1.6
"Cookie, vanilla wafer","Cookies and brownies","1 small or bite size (3g)",100,g,455,4.9,72.6,16.4,1.6
"Cookie, vanilla wafer, reduced fat","Cookies and brownies","Quantity not specified (16g)",100,g,441,5,73.6,15.2,1.9
"Cookie, vanilla with caramel, coconut, and chocolate coating","Cookies and brownies","1 large cookie (63g)",100,g,489,3.5,64.1,25.8,4.4
"Cookie, rugelach","Cookies and brownies","1 medium roll-up cookie (23g)",100,g,348,3.7,70.9,7.3,4.6
"Cookie, chocolate chip, reduced sugar","Cookies and brownies","1 large (45g)",100,g,450,3.9,73.4,16.8,1.6
"Cookie, oatmeal, reduced sugar","Cookies and brownies","Quantity not specified (60g)",100,g,449,4.8,69.9,18,2.9
"Cookie, sandwich, reduced sugar","Cookies and brownies","Quantity not specified (36g)",100,g,461,4.5,68,22.1,4.1
"Cookie, sugar or plain, sugar free","Cookies and brownies","Quantity not specified (60g)",100,g,523,10.3,50.5,31,3.4
"Cookie, sugar wafer, sugar free","Cookies and brownies","Quantity not specified (24g)",100,g,531,3.6,66.3,28.6,14.3
"Cookie, peanut butter, sugar free","Cookies and brownies","1 large (45g)",100,g,523,10.3,50.5,31,3.4
"Cookie, gluten free","Cookies and brownies","1 small cookie (20g)",100,g,474,2.2,76,17.9,2.5
"Cookies, Puerto Rican style","Cookies and brownies","Quantity not specified (38g)",100,g,506,6.3,67.9,23.2,1.6
"Pie, NFS","Cakes and pies","1 mini/small slice (75g)",100,g,296,2.7,37.6,15.3,1.8
"Tart, all types","Cakes and pies","Quantity not specified (125g)",100,g,316,3,42.6,16.1,2.6
"Pie, apple","Cakes and pies","1 individual pie (150g)",100,g,296,2.7,37.6,15.3,1.8
"Pie, apple, fast food","Cakes and pies","1 McDonald's pie (77g)",100,g,316,3,42.6,16.1,2.6
"Pie, berry","Cakes and pies","1 mini/small slice (75g)",100,g,306,3.2,39.5,15.4,3.6
"Pie, blueberry","Cakes and pies","1 cup (250g)",100,g,300,2.8,38,15.5,2.5
"Pie, cherry","Cakes and pies","1 large slice (250g)",100,g,311,3,40.9,15.3,1.9
"Pie, lemon","Cakes and pies","1 cup (250g)",100,g,280,2.4,31.5,16.2,0.7
"Pie, key lime","Cakes and pies","1 pie, any size (1600g)",100,g,322,5.8,42.2,14.9,0.3
"Pie, peach","Cakes and pies","1 cup (250g)",100,g,296,2.8,37.1,15.3,1.9
"Pie, strawberry","Cakes and pies","1 surface inch (18.9g)",100,g,289,2.9,44.2,11.6,2.2
"Pie, banana cream","Cakes and pies","1 slice, any size (150g)",100,g,284,2.4,32.4,16.2,0.7
"Pie, chocolate cream","Cakes and pies","1 pie, any size (1600g)",100,g,291,2.8,32.5,16.7,0.7
"Pie, coconut cream","Cakes and pies","1 individual pie (150g)",100,g,297,2.6,32,17.8,1.1
"Pie, custard","Cakes and pies","1 pie, any size (1600g)",100,g,210,5.5,20.8,11.6,1.6
"Dessert pizza","Cakes and pies","Quantity not specified (108g)",100,g,204,1.8,32.4,7.5,1.7
"Pie, peanut butter cream","Cakes and pies","1 slice, any size (150g)",100,g,421,5.9,33.1,30.1,1.1
"Pie, pineapple cream","Cakes and pies","1 cup (250g)",100,g,274,2.4,31.2,15.6,0.7
"Pie, pumpkin","Cakes and pies","Quantity not specified (150g)",100,g,249,4.8,36.3,9.8,1.7
"Pie, sweet potato","Cakes and pies","1 regular slice (150g)",100,g,269,5,41.1,9.8,1.3
"Pie, vanilla cream","Cakes and pies","Quantity not specified (150g)",100,g,286,2.5,32.3,16.3,0.7
"Pie, lemon meringue","Cakes and pies","1 individual pie (150g)",100,g,294,4.5,43.7,11.3,1.1
"Pie, pecan","Cakes and pies","1 large slice (250g)",100,g,449,6,49.5,25.3,1.9
"Pie, oatmeal","Cakes and pies","Quantity not specified (150g)",100,g,396,6.1,56.9,16,2.2
"Pie shell","Cakes and pies","1 tart shell (25g)",100,g,508,6.5,56.2,28.6,3.3
"Pie shell, graham cracker","Cakes and pies","1 tart shell (25g)",100,g,501,5.1,64.3,24.8,1.9
"Cobbler, apple","Cakes and pies","1 cup (250g)",100,g,217,2.1,33.6,8.7,1.6
"Cobbler, berry","Cakes and pies","Quantity not specified (125g)",100,g,231,2.7,36.2,8.9,4
"Cobbler, cherry","Cakes and pies","1 cubic inch (15g)",100,g,237,2.4,38.1,8.7,1.8
"Cobbler, peach","Cakes and pies","1 cubic inch (15g)",100,g,217,2.2,33,8.7,1.7
"Crisp, apple","Cakes and pies","1 cup (250g)",100,g,215,2.8,30.2,9.6,2.7
"Fritter, plain","Doughnuts, sweet rolls, pastries","1 fritter (100g)",100,g,378,6.6,27.5,26.9,0.9
"Fritter, fruit","Doughnuts, sweet rolls, pastries","1 fritter (100g)",100,g,403,6.3,37.3,25.6,1.2
"Crisp, berry","Cakes and pies","1 cup (250g)",100,g,228,3.4,32.8,9.8,5
"Crisp, cherry","Cakes and pies","1 cubic inch (15g)",100,g,234,3.1,34.7,9.6,2.8
"Crisp, peach","Cakes and pies","Quantity not specified (125g)",100,g,214,3,29.6,9.6,2.7
"Cream puff, eclair, custard or cream filled, NS as to icing","Doughnuts, sweet rolls, pastries","1 eclair, frozen (78g)",100,g,280,4.2,11.1,24.4,0.3
"Cream puff, eclair, custard or cream filled, not iced","Doughnuts, sweet rolls, pastries","1 eclair (5"" x 2"" x 1-3/4"") (90g)",100,g,264,4.8,12.9,21.5,0.4
"Cream puff, eclair, custard or cream filled, iced","Doughnuts, sweet rolls, pastries","1 eclair, frozen (78g)",100,g,334,4.4,37.4,18.5,0.9
"Cream puff, eclair, custard or cream filled, iced, reduced fat","Doughnuts, sweet rolls, pastries","Quantity not specified (70g)",100,g,242,3.5,41.9,7.2,1
"Cream puff, no filling or icing","Doughnuts, sweet rolls, pastries","1 cream puff (27g)",100,g,360,9,22.8,25.9,0.8
"Sopaipilla, without syrup or honey","Doughnuts, sweet rolls, pastries","Quantity not specified (70g)",100,g,367,5.8,41.5,20.2,1.4
"Sopaipilla with syrup or honey","Doughnuts, sweet rolls, pastries","Quantity not specified (70g)",100,g,361,4.4,51.7,16.3,1.1
"Crepe, chocolate filled","Pancakes, waffles, French toast","Quantity not specified (80g)",100,g,170,4.9,22.9,6.5,0.2
"Crepe, fruit filled","Pancakes, waffles, French toast","1 crepe with filling, any size (80g)",100,g,188,4.6,26.6,7.1,1.2
"Tamale, sweet","Doughnuts, sweet rolls, pastries","1 tamale (35g)",100,g,259,2.2,35.6,12.6,2.3
"Strudel, apple","Cakes and pies","1 piece (125g)",100,g,281,2,37.2,14.1,0.8
"Strudel, berry","Cakes and pies","Quantity not specified (125g)",100,g,291,2.4,39.2,14.2,2.7
"Strudel, cherry","Cakes and pies","1 cubic inch (8.5g)",100,g,296,2.2,40.7,14.1,1
"Strudel, cheese","Cakes and pies","1 cubic inch (8.5g)",100,g,358,5.9,39.1,19.8,0.4
"Strudel, peach","Cakes and pies","1 piece (125g)",100,g,281,2.1,36.7,14.1,0.9
"Baklava","Cakes and pies","1 cubic inch (13g)",100,g,440,6.6,37.6,29.3,2.5
"Basbousa","Cakes and pies","1 cubic inch (20g)",100,g,282,4.8,43.8,9.9,0.8
"Turnover, fruit","Cakes and pies","1 item, any size (75g)",100,g,316,3,42.6,16.1,2.6
"Pastry, fruit-filled","Doughnuts, sweet rolls, pastries","1 pastry (78g)",100,g,400,4.8,54.4,19.6,4
"Pastry, made with bean or lotus seed paste filling, baked","Doughnuts, sweet rolls, pastries","1 small round Moon Cake (46g)",100,g,340,7,68.1,4.5,2.7
"Pastry, made with bean paste and salted egg yolk filling, baked","Doughnuts, sweet rolls, pastries","1 large square Moon Cake (204g)",100,g,339,8.6,57,8.6,2.2
"Pastry, Chinese, made with rice flour","Doughnuts, sweet rolls, pastries","1 oz (28.4g)",100,g,242,2.8,45.1,6,0.5
"Pastry, cookie type, fried","Doughnuts, sweet rolls, pastries","Quantity not specified (70g)",100,g,397,6,35.5,25.7,1
"Pastry, Italian, with cheese","Doughnuts, sweet rolls, pastries","1 pastry (85g)",100,g,267,7.5,35.1,10.9,0.8
"Pastry, puff","Doughnuts, sweet rolls, pastries","1 patty shell (47g)",100,g,558,7.4,45.7,38.5,1.5
"Pastry, puff, custard or cream filled, iced or not iced","Doughnuts, sweet rolls, pastries","1 Napoleon (85g)",100,g,410,5.7,30.1,29.7,0.8
"Cheese pastry puffs","Doughnuts, sweet rolls, pastries","Quantity not specified (70g)",100,g,265,9.3,13.4,19.5,0.4
"Pastry, mainly flour and water, fried","Doughnuts, sweet rolls, pastries","1 surface inch (3g)",100,g,434,7.8,59.3,18.1,3.7
"Empanada, fruit","Cakes and pies","1 item, any size (75g)",100,g,260,2.7,37,11.5,1.8
"Breakfast pastry, NFS","Doughnuts, sweet rolls, pastries","1 large (142g)",100,g,371,5.4,47.8,18.5,1.9
"Danish pastry, plain or spice","Doughnuts, sweet rolls, pastries","1 pecan swirl (28g)",100,g,403,7,44.6,22.4,1.3
"Danish pastry, with fruit","Doughnuts, sweet rolls, pastries","1 miniature (28g)",100,g,371,5.4,47.8,18.5,1.9
"Danish pastry, with cheese","Doughnuts, sweet rolls, pastries","1 miniature (28g)",100,g,374,8,37.2,21.9,1
"Doughnut, NFS","Doughnuts, sweet rolls, pastries","Quantity not specified (75g)",100,g,426,5.5,49.5,22.9,1.8
"Doughnut, cake type, plain","Doughnuts, sweet rolls, pastries","1 stick/twist (60g)",100,g,434,5.3,47.1,24.9,1.7
"Doughnut, chocolate","Doughnuts, sweet rolls, pastries","1 stick/twist (75g)",100,g,417,5.2,52,22.4,3.7
"Doughnut, cake type, powdered sugar","Doughnuts, sweet rolls, pastries","1 miniature (15g)",100,g,431,4.9,51.1,23,1.6
"Doughnut, cake type, with icing","Doughnuts, sweet rolls, pastries","1 stick/twist (75g)",100,g,431,4.3,51.2,23.2,1.4
"Doughnut, cake type, chocolate icing","Doughnuts, sweet rolls, pastries","1 stick/twist (75g)",100,g,427,4.5,50.3,23.5,1.5
"Doughnut, chocolate, with chocolate icing","Doughnuts, sweet rolls, pastries","1 doughnut (75g)",100,g,413,5.4,51,22.7,3.9
"Doughnut holes","Doughnuts, sweet rolls, pastries","Quantity not specified (15g)",100,g,426,5.5,49.5,22.9,1.8
"Churros","Doughnuts, sweet rolls, pastries","Quantity not specified (45g)",100,g,419,6.1,48.9,22.2,2.6
"Beignet","Doughnuts, sweet rolls, pastries","Quantity not specified (45g)",100,g,417,5.5,53.7,20.2,1.9
"Doughnut, yeast type","Doughnuts, sweet rolls, pastries","Quantity not specified (60g)",100,g,421,6.1,47.9,22.7,2.1
"Doughnut, yeast type, with chocolate icing","Doughnuts, sweet rolls, pastries","1 stick/twist (75g)",100,g,416,5.1,51,21.7,1.9
"Doughnut, jelly","Doughnuts, sweet rolls, pastries","1 doughnut (80g)",100,g,390,4.9,52.3,18.2,1.9
"Doughnut, custard-filled","Doughnuts, sweet rolls, pastries","1 stick/twist (80g)",100,g,363,5.2,42.9,18.9,1.7
"Doughnut, custard-filled, with icing","Doughnuts, sweet rolls, pastries","1 stick/twist (90g)",100,g,368,4.5,46.3,18.7,1.6
"Breakfast tart","Doughnuts, sweet rolls, pastries","Quantity not specified (70g)",100,g,385,4,71.8,9,1.8
"Breakfast tart, lowfat","Doughnuts, sweet rolls, pastries","1 package (2 Pop Tarts) (104g)",100,g,372,4,76.8,6,1.5
"Coffee cake, crumb or quick-bread type","Doughnuts, sweet rolls, pastries","1 piece (65g)",100,g,396,6.5,51.3,18.4,1.4
"Coffee cake, crumb or quick-bread type, with fruit","Doughnuts, sweet rolls, pastries","1 cake (9"" square) (785g)",100,g,322,4.2,50.2,11.8,1.2
"Coffee cake, crumb or quick-bread type, cheese-filled","Doughnuts, sweet rolls, pastries","1 slice (65g)",100,g,365,6.8,45.1,17.6,1.2
"Cereal or granola bar (General Mills Fiber One Chewy Bar)","Cereal bars","1 bar (40g)",100,g,389,5,69.8,10,22.5
"Cereal or granola bar (Kellogg's Nutri-Grain Cereal Bar)","Cereal bars","Quantity not specified (37g)",100,g,365,4.2,67.6,8.7,3
"Cereal or granola bar (Kellogg's Nutri-Grain Yogurt Bar)","Cereal bars","1 Nutri-Grain Bar (37g)",100,g,365,4.2,67.6,8.7,3
"Cereal or granola bar (Kellogg's Nutri-Grain Fruit and Nut Bar)","Cereal bars","1 Nutri-Grain Bar (32g)",100,g,403,9.4,66.7,10.9,7.5
"Milk 'n Cereal bar","Cereal bars","1 General Mills bar (40g)",100,g,413,6.5,72.1,11,0.4
"Cereal or granola bar (Kellogg's Special K bar)","Cereal bars","1 bar (23g)",100,g,409,9.1,72.7,9.1,1.8
"Cereal or granola bar (Kashi Chewy)","Nutrition bars","Quantity not specified (78g)",100,g,390,16.7,63.4,7.7,7.7
"Cereal or granola bar (Kashi Crunchy)","Nutrition bars","Quantity not specified (35g)",100,g,429,18.6,53.3,15.7,11.4
"Cereal or granola bar (KIND Fruit and Nut Bar)","Cereal bars","1 bar (40g)",100,g,502,13.9,43.7,32.3,5.8
"Cereal or granola bar (General Mills Nature Valley Chewy Trail Mix)","Cereal bars","1 bar (35g)",100,g,415,5.7,72.3,11.4,3.8
"Cereal or granola bar, with yogurt coating (General Mills Nature Valley Chewy Granola Bar)","Cereal bars","Quantity not specified (35g)",100,g,423,5.7,74.3,11.4,4.4
"Cereal or granola bar (General Mills Nature Valley Sweet and Salty Granola Bar)","Cereal bars","1 bar (35g)",100,g,487,9.1,61.1,22.9,2.9
"Cereal or granola bar (General Mills Nature Valley Crunchy Granola Bar)","Cereal bars","1 bar (21g)",100,g,471,10.1,64.4,19.8,5.3
"Cereal or granola bar (Quaker Chewy Granola Bar)","Cereal bars","1 bar (24g)",100,g,418,5.7,70.2,16.6,3.8
"Cereal or granola bar (Quaker Chewy 90 Calorie Granola Bar)","Cereal bars","Quantity not specified (24g)",100,g,408,4.2,79.2,8.3,4.2
"Cereal or granola bar (Quaker Chewy 25% Less Sugar Granola Bar)","Cereal bars","1 bar (24g)",100,g,412,5.6,69.4,12.5,3.1
"Cereal or granola bar (Quaker Chewy Dipps Granola Bar)","Cereal bars","Quantity not specified (31g)",100,g,480,7.5,65,20.4,3.2
"Cereal or granola bar (Quaker Granola Bites)","Cereal bars","1 pouch (20g)",100,g,451,7.2,66.3,17.5,5.7
"Snack bar, oatmeal","Cereal bars","1 bar (60g)",100,g,389,6.7,75.5,6.7,4.6
"Cereal or Granola bar, NFS","Cereal bars","1 New Trail (40g)",100,g,471,10.1,64.4,19.8,5.3
"Cereal or granola bar, lowfat, NFS","Cereal bars","1 bar (24g)",100,g,408,4.2,79.2,8.3,4.2
"Cereal or granola bar, nonfat","Cereal bars","Quantity not specified (43g)",100,g,342,5.9,77.6,0.9,7.4
"Cereal or granola bar, reduced sugar, NFS","Cereal bars","1 bar (24g)",100,g,412,5.6,69.4,12.5,3.1
"Cereal or granola bar, fruit and nut","Cereal bars","Quantity not specified (40g)",100,g,502,13.9,43.7,32.3,5.8
"Cereal or granola bar, peanuts , oats, sugar, wheat germ","Cereal bars","Quantity not specified (43g)",100,g,471,10.1,64.4,19.8,5.3
"Cereal or granola bar, chocolate coated, NFS","Cereal bars","1 Kudos Chocolate and Granola Snacks (36g)",100,g,480,7.5,65,20.4,3.2
"Cereal or granola bar, with coconut, chocolate coated","Cereal bars","1 Little Debbie Macaroo bar (39g)",100,g,531,5.2,55.2,32.2,6.2
"Cereal or granola bar with nuts, chocolate coated","Cereal bars","1 Kudos Crunchy Nut Snack (35g)",100,g,536,9.6,54.1,31.2,3.8
"Cereal or granola bar, oats, nuts, coated with non-chocolate coating","Cereal bars","Quantity not specified (35g)",100,g,455,8.6,60.1,20,4.3
"Cereal or granola bar, coated with non-chocolate coating","Cereal bars","1 Quaker Oats bar (28g)",100,g,508,10.2,53.4,31.1,2.8
"Cereal or granola bar, high fiber, coated with non-chocolate yogurt coating","Cereal bars","Quantity not specified (28g)",100,g,389,5,69.8,10,22.5
"Cereal or granola bar, with rice cereal","Cereal bars","1 Rice Krispies bar (28g)",100,g,417,3.4,80.5,9,0
"Breakfast bar, NFS","Cereal bars","1 bar (43g)",100,g,376,4.4,72.8,7.5,2.1
"Breakfast bar, date, with yogurt coating","Cereal bars","1 bar (45g)",100,g,348,3.7,70.9,7.3,4.6
"Breakfast bar, cereal crust with fruit filling, lowfat","Cereal bars","Quantity not specified (37g)",100,g,376,4.4,72.8,7.5,2.1
"Nutrition bar (Balance Original Bar)","Nutrition bars","Quantity not specified (50g)",100,g,415,28,48.7,12,3.1
"Nutrition bar (Clif Bar)","Nutrition bars","1 miniature bar (28g)",100,g,346,14.7,65.4,5.9,7.4
"Nutrition bar (Clif Kids Organic Zbar)","Nutrition bars","Quantity not specified (36g)",100,g,416,5.6,74.7,9.7,8.3
"Nutrition bar (PowerBar)","Nutrition bars","Quantity not specified (68g)",100,g,363,14.2,69.6,3.1,5.7
"Nutrition bar (Slim Fast Original Meal Bar)","Nutrition bars","Quantity not specified (56g)",100,g,386,16.2,60.2,8.9,5.1
"Nutrition bar (Snickers Marathon Protein Bar)","Nutrition bars","Quantity not specified (80g)",100,g,415,25,50.5,12.5,12.5
"Nutrition bar (South Beach Living Meal Bar)","Nutrition bars","Quantity not specified (50g)",100,g,386,16.2,60.2,8.9,5.1
"Nutrition bar (South Beach Living High Protein Bar)","Nutrition bars","1 bar (35g)",100,g,412,30.3,38.4,15.2,7.3
"Nutrition bar (Tiger's Milk)","Nutrition bars","1 king size bar (55g)",100,g,387,16.8,56.5,14.3,2.3
"Nutrition bar (Zone Perfect Classic Crunch)","Nutrition bars","1 snack size bar (20g)",100,g,426,30,45,14,2
"Nutrition bar or meal replacement bar, NFS","Nutrition bars","Quantity not specified (34g)",100,g,386,22.4,55.2,9.9,4.7
"Baby Toddler snack, NFS","Baby food: snacks and sweets","1 piece (1g)",100,g,359,7.3,83.4,3.3,3.4
"Baby Toddler bar","Baby food: snacks and sweets","1 bar (20g)",100,g,344,5.4,68.6,5.3,1.7
"Baby Toddler cookie","Baby food: snacks and sweets","Quantity not specified (7g)",100,g,420,9.9,69.8,11.2,3
"Baby Toddler biscuit","Baby food: snacks and sweets","Quantity not specified (7g)",100,g,395,11.4,80.5,3,1.5
"Crackers, NFS","Crackers, excludes saltines","1 miniature/bite size (1g)",100,g,510,6.6,61.3,26.4,2.3
"Graham crackers","Cookies and brownies","1 miniature/bite size (3g)",100,g,430,6.7,77.7,10.6,3.4
"Graham crackers (Teddy Grahams)","Cookies and brownies","1 large single serving bag (85g)",100,g,430,6.7,77.7,10.6,3.4
"Graham crackers, chocolate covered","Cookies and brownies","Quantity not specified (18g)",100,g,500,4,66.8,25.8,2.2
"Crackers, oatmeal","Crackers, excludes saltines","1 cracker (10g)",100,g,455,7.3,70.7,16.4,6.9
"Crackers, Cuban","Cookies and brownies","Quantity not specified (18g)",100,g,430,5.6,73.8,12.8,1
"Graham crackers, reduced fat","Cookies and brownies","1 100 calorie package (26g)",100,g,386,5.7,78,5.7,5.7
"Graham crackers, sandwich, with filling","Cookies and brownies","1 sandwich (5g)",100,g,483,4.5,72.1,20,1.5
"Crackers, breakfast biscuit","Crackers, excludes saltines","1 biscuit, soft (50g)",100,g,427,7.1,71,15.1,7.3
"Crackers, butter, reduced sodium","Crackers, excludes saltines","1 cup, NFS (50g)",100,g,443,8.8,68.6,17.2,10.5
"Crackers, matzo, reduced sodium","Crackers, excludes saltines","Quantity not specified (18g)",100,g,395,10,83.7,1.4,3
"Crackers, saltine, reduced sodium","Saltine crackers","1 cracker (3g)",100,g,416,9.4,73.5,8.8,2.9
"Crackers, wheat, reduced sodium","Crackers, excludes saltines","1 small or medium single serving bag (45g)",100,g,443,8.8,68.6,17.2,10.5
"Crackers, woven wheat, reduced sodium","Crackers, excludes saltines","1 cup, NFS (70g)",100,g,443,8.8,68.6,17.2,10.5
"Crackers, butter, plain","Crackers, excludes saltines","1 cracker (3g)",100,g,510,6.6,61.3,26.4,2.3
"Crackers, butter, flavored","Crackers, excludes saltines","1 sleeve (115g)",100,g,510,6.6,61.3,26.4,2.3
"Crackers, butter (Ritz)","Crackers, excludes saltines","1 cracker (3g)",100,g,510,6.6,61.3,26.4,2.3
"Crackers, butter, reduced fat","Crackers, excludes saltines","1 cracker (3g)",100,g,444,9.3,71.5,13.4,3.4
"Crackers, cheese","Crackers, excludes saltines","1 small or medium single serving bag (45g)",100,g,489,10.9,59.4,22.7,2.3
"Crackers, cheese (Cheez-It)","Crackers, excludes saltines","Quantity not specified (18g)",100,g,489,10.9,59.4,22.7,2.3
"Crackers, cheese (Goldfish)","Crackers, excludes saltines","1 100 calorie package (21g)",100,g,489,10.9,59.4,22.7,2.3
"Crackers, cheese, reduced fat","Crackers, excludes saltines","1 cracker, NFS (3g)",100,g,418,10,68.2,11.7,3.3
"Crackers, cheese, reduced sodium","Crackers, excludes saltines","1 large single serving bag (85g)",100,g,503,10.1,58.2,25.3,2.4
"Crackers, cheese, whole grain","Crackers, excludes saltines","1 Kashi TLC cracker (3g)",100,g,412,9.6,57.3,16,6.4
"Crackers, crispbread","Crackers, excludes saltines","1 crispbread or cracker (10g)",100,g,366,7.9,82.2,1.3,16.5
"Crackers, flatbread","Crackers, excludes saltines","1 flatbread (10g)",100,g,412,9.9,75.2,8.3,10.2
"Crackers, matzo","Crackers, excludes saltines","Quantity not specified (18g)",100,g,395,10,83.7,1.4,3
"Crackers, milk","Crackers, excludes saltines","Quantity not specified (18g)",100,g,446,7.6,71.7,13.8,3.4
"Crackers, oyster","Saltine crackers","Quantity not specified (18g)",100,g,418,9.5,74.1,8.6,2.8
"Chips, rice","Tortilla, corn, other chips","1 cup (30g)",100,g,384,8.2,81.5,2.8,4.2
"Rice cake","Crackers, excludes saltines","Quantity not specified (18g)",100,g,392,7.1,81.1,4.3,4.2
"Crackers, rice","Crackers, excludes saltines","Quantity not specified (18g)",100,g,416,10,82.6,5,0
"Crackers, rice and nuts","Crackers, excludes saltines","Quantity not specified (18g)",100,g,430,10.8,77.4,8.9,0.8
"Popcorn cake","Crackers, excludes saltines","1 caramel cake (15g)",100,g,384,9.7,80.1,3.1,2.9
"Rice paper","Crackers, excludes saltines","Quantity not specified (18g)",100,g,323,5.9,72.3,1.1,0.5
"Crackers, saltine","Saltine crackers","1 sleeve (115g)",100,g,418,9.5,74.1,8.6,2.8
"Crackers, saltine, reduced fat","Saltine crackers","1 cracker (3g)",100,g,393,10.5,82.3,1.6,2.7
"Crackers, saltine, multigrain","Saltine crackers","1 sleeve (115g)",100,g,398,7.1,68.3,10.7,6.7
"Crackers, multigrain","Crackers, excludes saltines","1 large single serving bag (85g)",100,g,482,7.1,67.6,20.4,3.5
"Crackers, sandwich","Crackers, excludes saltines","Quantity not specified (18g)",100,g,494,11.5,58.4,24.5,2.3
"Crackers, sandwich, peanut butter filled","Crackers, excludes saltines","1 individual package (45g)",100,g,494,11.5,58.4,24.5,2.3
"Crackers, sandwich, peanut butter filled (Ritz)","Crackers, excludes saltines","1 sandwich (7g)",100,g,482,7.5,57.1,25,2.5
"Crackers, sandwich, reduced fat, peanut butter filled","Crackers, excludes saltines","1 miniature/bite size (3g)",100,g,437,8.3,63.5,16.7,2.8
"Crackers, whole grain, sandwich, peanut butter filled","Crackers, excludes saltines","1 cup, NFS (70g)",100,g,465,14.1,54.6,21.2,9.4
"Crackers, sandwich, cheese filled","Crackers, excludes saltines","1 miniature/bite size (3g)",100,g,477,9.3,61.7,21.1,1.9
"Crackers, sandwich, cheese filled (Ritz)","Crackers, excludes saltines","1 Crackerful (30g)",100,g,479,7.7,56.1,25.1,2.5
"Crackers, water","Crackers, excludes saltines","Quantity not specified (18g)",100,g,384,7.1,72.8,7.1,7.1
"Crackers, wonton","Crackers, excludes saltines","Quantity not specified (18g)",100,g,521,10.3,51.9,31.7,1.9
"Crackers, woven wheat","Crackers, excludes saltines","1 miniature/bite size (1g)",100,g,441,8.9,70.1,15.3,8.6
"Crackers, woven wheat, plain (Triscuit)","Crackers, excludes saltines","1 cup, NFS (70g)",100,g,441,8.9,70.1,15.3,8.6
"Crackers, woven wheat, flavored (Triscuit)","Crackers, excludes saltines","1 crisp (2g)",100,g,441,8.9,70.1,15.3,8.6
"Crackers, woven wheat, reduced fat","Crackers, excludes saltines","1 small or medium single serving bag (45g)",100,g,416,11.3,75.5,7.6,10.9
"Crackers, wheat","Crackers, excludes saltines","1 large single serving bag (85g)",100,g,441,8.9,70.1,15.3,8.6
"Crackers, wheat, plain (Wheat Thins)","Crackers, excludes saltines","1 Big cracker (5g)",100,g,441,8.9,70.1,15.3,8.6
"Crackers, wheat, flavored (Wheat Thins)","Crackers, excludes saltines","1 snack stick (2g)",100,g,441,8.9,70.1,15.3,8.6
"Crackers, wheat, reduced fat","Crackers, excludes saltines","1 miniature/bite size (1g)",100,g,444,9.3,71.5,13.4,3.4
"Crackers, gluten free, plain","Crackers, excludes saltines","Quantity not specified (18g)",100,g,453,11.3,66.3,15.8,10.2
"Crackers, gluten free, flavored","Crackers, excludes saltines","Quantity not specified (18g)",100,g,453,11.3,66.3,15.8,10.2
"Baby Toddler crackers","Baby food: snacks and sweets","1 cracker (1g)",100,g,391,12.5,83.2,0.9,0
"Baby Toddler puffs, fruit","Baby food: snacks and sweets","Quantity not specified (7g)",100,g,344,6.2,85.8,2.3,3.8
"Baby Toddler puffs, vegetable","Baby food: snacks and sweets","Quantity not specified (7g)",100,g,344,6.2,85.8,2.3,3.8
"Baby Toddler crunchies","Baby food: snacks and sweets","Quantity not specified (7g)",100,g,462,3.2,69.1,19.2,1.2
"Baby Toddler wheels","Baby food: snacks and sweets","1 piece (2g)",100,g,413,10,78.9,6.4,0
"Corn nuts","Tortilla, corn, other chips","1 nut (2g)",100,g,446,8.5,71.9,15.6,6.9
"Corn chips, plain","Tortilla, corn, other chips","1 chip (1g)",100,g,535,6.1,56.8,33.1,4
"Corn chips, flavored","Tortilla, corn, other chips","1 100 calorie package (20g)",100,g,543,6.1,56.7,34,4
"Corn chips, plain (Fritos)","Tortilla, corn, other chips","1 chip (1g)",100,g,539,6.2,57.3,33.4,4
"Corn chips, flavored (Fritos)","Tortilla, corn, other chips","1 medium single serving bag (57g)",100,g,536,6.1,57,33.2,4
"Cheese flavored corn snacks","Tortilla, corn, other chips","1 large single serving bag (85g)",100,g,567,5.5,54.5,36.5,0.8
"Cheese flavored corn snacks, reduced fat","Tortilla, corn, other chips","1 large single serving bag (85g)",100,g,432,8.5,72.4,12.1,3.6
"Tortilla chips, plain","Tortilla, corn, other chips","1 medium single serving bag (57g)",100,g,472,7.1,67.8,20.7,5.4
"Cheese flavored corn snacks (Cheetos)","Tortilla, corn, other chips","1 medium single serving bag (57g)",100,g,567,5.5,54.5,36.5,0.8
"Tortilla chips, flavored","Tortilla, corn, other chips","1 small single serving bag (28g)",100,g,519,7.4,60.8,27.4,5.1
"Corn chips, reduced sodium","Tortilla, corn, other chips","Quantity not specified (45g)",100,g,549,6.8,56.8,33.6,3.9
"Tortilla chips, nacho cheese flavor (Doritos)","Tortilla, corn, other chips","1 chip (3g)",100,g,519,7.4,60.8,27.4,5.1
"Tortilla chips, cool ranch flavor (Doritos)","Tortilla, corn, other chips","1 chip (3g)",100,g,470,7.1,67.4,20.6,5.4
"Tortilla chips, other flavors (Doritos)","Tortilla, corn, other chips","1 chip (3g)",100,g,519,7.4,60.8,27.4,5.1
"Tortilla chips, reduced fat, plain","Tortilla, corn, other chips","1 small single serving bag (28g)",100,g,411,10.9,79.1,5.6,5.2
"Tortilla chips, reduced fat, flavored","Tortilla, corn, other chips","1 medium single serving bag (57g)",100,g,411,10.9,79.1,5.6,5.2
"Tortilla chips, low fat, unsalted","Tortilla, corn, other chips","1 cup (30g)",100,g,416,11,80.1,5.7,5.3
"Tortilla chips, reduced sodium","Tortilla, corn, other chips","1 chip (2g)",100,g,489,9.4,68.1,19.8,4.5
"Snack mix","Pretzels/snack mix","1 100 calorie package (20g)",100,g,504,6.9,63.1,25.8,3.1
"Potato chips, restructured, multigrain","Potato chips","1 1-inch stack (28g)",100,g,505,5.3,65.3,24.7,2.7
"Pita chips","Crackers, excludes saltines","1 100 calorie package (20g)",100,g,457,11.8,68.3,15.2,3.8
"Popcorn, NFS","Popcorn","1 large single serving bag (85g)",100,g,518,9.1,55,30.6,10.2
"Popcorn, movie theater, with added butter","Popcorn","1 large order (238g)",100,g,656,5,31.7,58.8,5.4
"Popcorn, movie theater, no butter added","Popcorn","1 small order (88g)",100,g,603,6.2,39.9,48.7,6.9
"Popcorn, air-popped, no butter added","Popcorn","1 cup, unpopped, yields (135g)",100,g,385,12.9,77.5,4.5,14.4
"Popcorn, air-popped, with added butter","Popcorn","1 cup, popped (11g)",100,g,430,11,65.8,15.3,12.2
"Popcorn, popped in oil, no butter added","Popcorn","1 oz, unpopped, yields (25g)",100,g,498,9,57.9,28,10
"Popcorn, popped in oil, with added butter","Popcorn","Quantity not specified (35g)",100,g,525,7.7,49.1,35.2,8.4
"Popcorn, microwave, NFS","Popcorn","1 regular microwave bag (85g)",100,g,518,9.1,55,30.6,10.2
"Popcorn, microwave, plain","Popcorn","1 regular microwave bag (85g)",100,g,518,9.1,55,30.6,10.2
"Popcorn, microwave, plain, light","Popcorn","1 regular microwave bag (85g)",100,g,409,11.9,71.7,10.1,13.4
"Popcorn, microwave, low sodium","Popcorn","1 kernel (0.2g)",100,g,496,8.9,57.6,27.9,9.9
"Popcorn, microwave, butter flavored","Popcorn","1 kernel (0.2g)",100,g,518,9.1,55,30.6,10.2
"Popcorn, microwave, flavored, light","Popcorn","Quantity not specified (28g)",100,g,406,11.8,71.2,10,13.3
"Popcorn, microwave, cheese flavored","Popcorn","1 snack/mini microwave bag (43g)",100,g,516,9.1,54.8,30.4,10.2
"Popcorn, microwave, kettle","Popcorn","1 kernel (0.2g)",100,g,504,9.4,58,27.5,10.5
"Popcorn, ready-to-eat, NFS","Popcorn","Quantity not specified (35g)",100,g,530,8.9,53.4,32.5,10
"Popcorn, ready-to-eat, plain","Popcorn","1 medium single serving bag (57g)",100,g,482,10.2,61.2,23.3,11.4
"Popcorn, ready-to-eat, plain, light","Popcorn","1 single serving bag, NFS (57g)",100,g,437,11.3,68.1,14.9,12.7
"Popcorn, ready-to-eat, low sodium","Popcorn","1 large single serving bag (85g)",100,g,486,10.3,61.7,23.4,11.5
"Popcorn, ready-to-eat, butter flavored","Popcorn","1 cup (14g)",100,g,530,8.9,53.4,32.5,10
"Popcorn, ready-to-eat, cheese flavored","Popcorn","1 kernel (0.2g)",100,g,526,9.3,51.6,33.2,9.9
"Popcorn, ready-to-eat, flavored, light","Popcorn","1 kernel (0.2g)",100,g,435,11.3,67.8,14.9,12.6
"Popcorn, ready-to-eat, kettle","Popcorn","1 small single serving bag (28g)",100,g,531,5.5,61,30.2,6.1
"Popcorn, caramel coated","Popcorn","1 small single serving bag (28g)",100,g,428,3.8,78.5,12.7,5.2
"Popcorn, caramel coated, with nuts","Popcorn","Quantity not specified (42g)",100,g,397,6.4,80.1,7.7,3.8
"Popcorn, chocolate coated","Popcorn","1 kernel (0.6g)",100,g,407,5.3,76.4,12.8,8.3
"Popcorn chips, plain","Tortilla, corn, other chips","1 chip (1g)",100,g,438,10.2,74.2,11.2,4.9
"Popcorn chips, other flavors","Tortilla, corn, other chips","1 large single serving bag (85g)",100,g,438,10.2,74.2,11.2,4.9
"Popcorn chips, sweet flavors","Tortilla, corn, other chips","1 medium single serving bag (57g)",100,g,455,8.8,74.6,13.5,4.2
"Onion flavored rings","Tortilla, corn, other chips","1 small single serving bag (28g)",100,g,499,7.7,65.1,22.6,3.9
"Shrimp chips","Tortilla, corn, other chips","Quantity not specified (40g)",100,g,426,7.1,59.1,17.9,5.6
"Pretzels, NFS","Pretzels/snack mix","1 pretzel, NS as to size (3g)",100,g,384,10,80.4,2.9,3.4
"Pretzels, hard, NFS","Pretzels/snack mix","1 small single serving bag (28g)",100,g,384,10,80.4,2.9,3.4
"Pretzels, hard, plain, salted","Pretzels/snack mix","1-3 ring thick pretzel (17g)",100,g,384,10,80.4,2.9,3.4
"Pretzels, hard, plain, lightly salted","Pretzels/snack mix","Quantity not specified (28g)",100,g,382,9.6,79.8,3.2,3.1
"Pretzels, hard, plain, unsalted","Pretzels/snack mix","1 medium single serving bag (57g)",100,g,381,9.1,79.2,3.5,2.8
"Pretzels, hard, flavored","Pretzels/snack mix","1 large single serving bag (85g)",100,g,388,9.9,79.4,3.9,3.4
"Pretzels, hard, multigrain","Pretzels/snack mix","1 rod (10g)",100,g,381,10.2,80.1,3,4.2
"Pretzels, hard, plain, gluten free","Pretzels/snack mix","1 large single serving bag (85g)",100,g,389,3.5,78.6,6.7,3.3
"Pretzels, hard, flavored, gluten free","Pretzels/snack mix","1 100 calorie package (25g)",100,g,393,3.5,77.7,7.6,3.3
"Pretzel chips, hard, plain","Pretzels/snack mix","1 100 calorie package (25g)",100,g,375,9.8,78.4,2.9,3.3
"Pretzel chips, hard, flavored","Pretzels/snack mix","Quantity not specified (28g)",100,g,370,9.7,77.5,2.8,3.3
"Pretzel chips, hard, gluten free","Pretzels/snack mix","1 pretzel chip/crisp/thin (2.7g)",100,g,380,3.4,76.7,6.5,3.2
"Pretzels, hard, coated, NFS","Pretzels/snack mix","1 cup (86g)",100,g,467,7.1,70.1,17.6,3.5
"Pretzels, hard, chocolate coated","Pretzels/snack mix","1 pretzel stick (2g)",100,g,467,7.1,70.1,17.6,3.5
"Pretzels, hard, white chocolate coated","Pretzels/snack mix","1 pretzel stick (2g)",100,g,445,5.9,74.7,14.2,1.2
"Pretzels, hard, yogurt coated","Pretzels/snack mix","1 medium single serving bag (57g)",100,g,438,5.9,76.6,12.2,1.1
"Pretzels, hard, coated, gluten free","Pretzels/snack mix","1 small single serving bag (28g)",100,g,451,3.8,75.1,15.6,1.4
"Pretzels, hard, filled, NFS","Pretzels/snack mix","Quantity not specified (28g)",100,g,463,9.9,66.5,16.9,3.6
"Pretzels, hard, cheese filled","Pretzels/snack mix","1 cup (96g)",100,g,463,9.9,66.5,16.9,3.6
"Pretzels, hard, peanut butter filled","Pretzels/snack mix","1 large single serving bag (85g)",100,g,454,14,60.8,19,3.9
"Pretzels, soft, NFS","Pretzels/snack mix","1 small (62g)",100,g,345,8,69.4,4,1.7
"Pretzels, soft, ready-to-eat, NFS","Pretzels/snack mix","1 large (143g)",100,g,345,8,69.4,4,1.7
"Pretzels, soft, ready-to-eat, salted, buttered","Pretzels/snack mix","1 bite size/nugget (14g)",100,g,345,8,69.4,4,1.7
"Pretzels, soft, ready-to-eat, unsalted, buttered","Pretzels/snack mix","1 large (143g)",100,g,350,8.1,70.3,4.1,1.7
"Pretzels, soft, ready-to-eat, salted, no butter","Pretzels/snack mix","1 cup, nuggets (147g)",100,g,340,8.1,70.1,3.1,1.7
"Pretzels, soft, ready-to-eat, unsalted, no butter","Pretzels/snack mix","1 pretzel, NS as to size (120g)",100,g,345,8.2,71,3.1,1.7
"Pretzels, soft, ready-to-eat, cinnamon sugar coated","Pretzels/snack mix","1 large (175g)",100,g,374,6.2,74,6.1,2.1
"Pretzels, soft, ready-to-eat, coated or flavored","Pretzels/snack mix","1 pretzel, NS as to size (125g)",100,g,365,7.9,66,7.8,1.6
"Pretzels, soft, ready-to-eat, topped with meat","Pretzels/snack mix","1 bite size/nugget (14g)",100,g,349,11.5,53.4,9.9,1.3
"Pretzels, soft, ready-to-eat, topped with cheese","Pretzels/snack mix","1 medium/regular (147g)",100,g,339,10.2,62.4,5.4,1.5
"Pretzels, soft, from frozen, NFS","Pretzels/snack mix","1 pretzel stick (21g)",100,g,345,8,69.4,4,1.7
"Pretzels, soft, from frozen, salted","Pretzels/snack mix","1 cup, nuggets (147g)",100,g,340,8.1,70.1,3.1,1.7
"Pretzels, soft, from frozen, unsalted","Pretzels/snack mix","1 pretzel, NS as to size (71g)",100,g,345,8.2,71,3.1,1.7
"Pretzels, soft, from frozen, cinnamon sugar coated","Pretzels/snack mix","Quantity not specified (71g)",100,g,374,6.2,74,6.1,2.1
"Pretzels, soft, from frozen, coated or flavored","Pretzels/snack mix","1 pretzel stick (21g)",100,g,365,7.9,66,7.8,1.6
"Pretzels, soft, from frozen, topped with meat","Pretzels/snack mix","1 bite size/nugget (14g)",100,g,349,11.5,53.4,9.9,1.3
"Pretzels, soft, from frozen, topped with cheese","Pretzels/snack mix","1 medium/regular (71g)",100,g,339,10.2,62.4,5.4,1.5
"Pretzels, soft, filled with cheese","Pretzels/snack mix","1 bite size/nugget (14g)",100,g,339,10.2,62.4,5.4,1.5
"Pretzels, soft, from school lunch","Pretzels/snack mix","1 cup, nuggets (147g)",100,g,339,8.6,70.7,3.2,3.7
"Pretzels, soft, multigrain","Pretzels/snack mix","1 pretzel stick (21g)",100,g,337,8.5,70.3,3.1,3.6
"Pretzels, soft, gluten free","Pretzels/snack mix","1 cup, nuggets (147g)",100,g,297,4,57.3,5.7,4
"Pretzels, soft, gluten free, cinnamon sugar coated","Pretzels/snack mix","Quantity not specified (95g)",100,g,339,3.1,63.8,8.1,3.8
"Pretzels, soft, gluten free, coated or flavored","Pretzels/snack mix","1 pretzel, NS as to size (95g)",100,g,326,4.1,54.2,10.4,3.7
"Multigrain chips (Sun Chips)","Tortilla, corn, other chips","1 chip (2g)",100,g,491,8,67.3,21.1,8.8
"Snack mix, plain (Chex Mix)","Pretzels/snack mix","1 cup (60g)",100,g,417,8.7,72.2,10.3,4.6
"Bagel chips","Crackers, excludes saltines","Quantity not specified (18g)",100,g,451,12.3,66.4,15.1,4.1
"Cracker chips","Tortilla, corn, other chips","1 cup, NFS (30g)",100,g,491,8,67.3,21.1,8.8
"Pancakes, NFS","Pancakes, waffles, French toast","1 medium pancake (50g)",100,g,282,7.4,35.3,12.1,2.1
"Pancakes, plain, frozen","Pancakes, waffles, French toast","Quantity not specified (80g)",100,g,233,5.2,37.8,6.8,1
"Pancakes, fruit, frozen","Pancakes, waffles, French toast","1 pouch (80g)",100,g,224,5,36.5,6.5,1.1
"Pancakes, chocolate, frozen","Pancakes, waffles, French toast","1 frozen pancake, NFS (40g)",100,g,248,5.4,38.8,8,1.1
"Pancakes, whole grain, frozen","Pancakes, waffles, French toast","1 miniature/bite size pancake (10g)",100,g,232,5.5,38.6,6.8,2.3
"Pancakes, plain, fast food / restaurant","Pancakes, waffles, French toast","1 surface inch (1.9g)",100,g,307,7.2,34.1,15.5,2.1
"Pancakes, fruit, fast food / restaurant","Pancakes, waffles, French toast","1 medium pancake (50g)",100,g,253,5.7,29.8,12.3,2.3
"Pancakes, chocolate, fast food / restaurant","Pancakes, waffles, French toast","1 miniature/bite size pancake (10g)",100,g,360,7.5,40,18.7,2.4
"Pancakes, whole grain, fast food / restaurant","Pancakes, waffles, French toast","1 large pancake (90g)",100,g,299,7.6,31.8,15.8,3.1
"Pancakes, school","Pancakes, waffles, French toast","1 miniature/bite size pancake (10g)",100,g,231,6.3,40.4,6.6,5.2
"Pancakes, plain","Pancakes, waffles, French toast","Quantity not specified (100g)",100,g,282,7.4,35.3,12.1,2.1
"Pancakes, plain, reduced fat","Pancakes, waffles, French toast","1 large pancake (90g)",100,g,264,7.6,36.1,9.7,2.2
"Pancakes, fruit","Pancakes, waffles, French toast","1 small pancake (20g)",100,g,232,5.9,30.6,9.5,2.4
"Pancakes, pumpkin","Pancakes, waffles, French toast","1 miniature/bite size pancake (10g)",100,g,241,6.4,31,10.1,2.3
"Pancakes, chocolate","Pancakes, waffles, French toast","1 small pancake (20g)",100,g,341,7.7,41.2,15.9,2.4
"Pancakes, whole grain","Pancakes, waffles, French toast","1 extra large pancake (150g)",100,g,273,7.9,32.9,12.3,3.2
"Pancakes, whole grain, reduced fat","Pancakes, waffles, French toast","1 silver dollar pancake (20g)",100,g,256,8,33.7,9.9,3.3
"Pancakes, gluten free","Pancakes, waffles, French toast","1 medium pancake (50g)",100,g,215,3.3,40.3,4.6,1.5
"Waffle, NFS","Pancakes, waffles, French toast","1 thick / Belgian waffle (135g)",100,g,309,7.4,48.4,9.5,2.6
"Waffle, plain, frozen","Pancakes, waffles, French toast","1 miniature/bite size waffle (10g)",100,g,309,7.4,48.4,9.5,2.6
"Waffle, plain, reduced fat","Pancakes, waffles, French toast","Quantity not specified (80g)",100,g,292,9.7,46.8,7.4,1.5
"Waffle, fruit, frozen","Pancakes, waffles, French toast","1 stick (35g)",100,g,296,7.1,46.6,9.1,2.6
"Waffle, chocolate, frozen","Pancakes, waffles, French toast","1 pouch (65g)",100,g,320,7.4,48.9,10.5,2.6
"Waffle, whole grain, frozen","Pancakes, waffles, French toast","Quantity not specified (80g)",100,g,289,6.8,46.7,8.4,4.1
"Waffle, whole grain, reduced fat","Pancakes, waffles, French toast","1 pouch (65g)",100,g,257,7.1,49.2,3.6,4.3
"Waffle, whole grain, fruit, frozen","Pancakes, waffles, French toast","Quantity not specified (80g)",100,g,278,6.5,45.1,8,4
"Waffle, plain, fast food / restaurant","Pancakes, waffles, French toast","1 small waffle (40g)",100,g,428,8.2,38.9,26.4,2.4
"Waffle, chocolate, fast food / restaurant","Pancakes, waffles, French toast","1 thick / Belgian waffle (135g)",100,g,480,8.6,46.1,28.9,2.7
"Waffle, fruit, fast food / restaurant","Pancakes, waffles, French toast","1 small waffle (40g)",100,g,354,6.6,34.5,21.1,2.7
"Waffle, whole grain, fast food / restaurant","Pancakes, waffles, French toast","1 medium waffle (75g)",100,g,421,8.6,36.2,26.9,3.5
"Waffle, school","Pancakes, waffles, French toast","Quantity not specified (80g)",100,g,257,7.1,49.2,3.6,4.3
"Waffle, plain","Pancakes, waffles, French toast","1 thick / Belgian waffle (135g)",100,g,373,8.7,41.5,18.8,2.5
"Waffle, fruit","Pancakes, waffles, French toast","1 surface inch, Belgian waffle (3.7g)",100,g,307,6.9,36.3,14.9,2.8
"Waffle, chocolate","Pancakes, waffles, French toast","1 surface inch (2.5g)",100,g,437,9.1,48.6,22.7,2.9
"Waffle, cinnamon","Pancakes, waffles, French toast","1 surface inch (2.5g)",100,g,373,8.7,41.7,18.8,2.7
"Waffle, whole grain","Pancakes, waffles, French toast","1 small waffle (40g)",100,g,364,9.2,38.6,19.2,3.8
"Waffle, gluten free","Pancakes, waffles, French toast","Quantity not specified (75g)",100,g,263,2.7,43.1,8.8,1.4
"French toast, NFS","Pancakes, waffles, French toast","Quantity not specified (60g)",100,g,273,10.4,32.3,11.4,1.2
"French toast, frozen","Pancakes, waffles, French toast","Quantity not specified (60g)",100,g,183,7.2,29.9,3.8,1.1
"French toast, fast food / restaurant","Pancakes, waffles, French toast","1 slice, any size (85g)",100,g,310,9.8,35.7,14.3,1.3
"French toast, school","Pancakes, waffles, French toast","Quantity not specified (60g)",100,g,162,9.2,22.7,3.8,2.9
"French toast, plain","Pancakes, waffles, French toast","1 slice, any size (65g)",100,g,273,10.4,32.3,11.4,1.2
"French toast, whole grain","Pancakes, waffles, French toast","Quantity not specified (65g)",100,g,271,11.3,30.4,11.6,2.7
"French toast, gluten free","Pancakes, waffles, French toast","Quantity not specified (65g)",100,g,264,7.8,30.6,12.2,2.2
"French toast sticks","Pancakes, waffles, French toast","1 stick (45g)",100,g,278,7.5,40.6,9.2,1.3
"French toast sticks, fast food / restaurant","Pancakes, waffles, French toast","Quantity not specified (100g)",100,g,400,7.1,48.5,20.9,1.6
"French toast sticks, school","Pancakes, waffles, French toast","1 stick (25g)",100,g,162,9.2,22.7,3.8,2.9
"Crepe, NFS","Pancakes, waffles, French toast","1 crepe, any size (80g)",100,g,224,8.9,22,11.3,0.6
"Crepe, plain","Pancakes, waffles, French toast","1 surface inch (1.3g)",100,g,224,8.9,22,11.3,0.6
"Chinese pancake","Pancakes, waffles, French toast","1 pancake (28g)",100,g,207,4.1,45.4,0.4,0.7
"Dumpling, no meat","Biscuits, muffins, quick breads","1 item, any size (25g)",100,g,125,3.5,20.5,3.4,0.7
"Cake made with glutinous rice","Rice mixed dishes","1 oz (28.4g)",100,g,279,2.5,53.6,6.5,0.7
"Idli","Rice mixed dishes","1 item (38g)",100,g,128,6.4,25,0.4,5.8
"Dosa, plain","Pancakes, waffles, French toast","Quantity not specified (80g)",100,g,210,5.7,37,4.1,1.8
"Cake made with glutinous rice and dried beans","Rice mixed dishes","1 piece (16g)",100,g,185,7.8,36.1,0.6,3.4
"Funnel cake with sugar","Doughnuts, sweet rolls, pastries","Quantity not specified (70g)",100,g,353,7.9,43.5,16.6,1
"Funnel cake with sugar and fruit","Doughnuts, sweet rolls, pastries","Quantity not specified (70g)",100,g,380,5.8,55.2,15.7,0.9
"Pasta, vegetable, cooked","Pasta, noodles, cooked grains","Quantity not specified (140g)",100,g,128,4.5,26.6,0.1,4.3
"Noodles, cooked","Pasta, noodles, cooked grains","1 oz, dry, yields (75g)",100,g,137,4.5,25,2.1,1.2
"Noodles, whole grain, cooked","Pasta, noodles, cooked grains","1 cup, cooked (160g)",100,g,148,6,29.9,1.7,3.9
"Noodles, chow mein","Crackers, excludes saltines","1 cup (56g)",100,g,521,10.3,51.9,31.7,1.9
"Long rice noodles, made from mung beans, cooked","Pasta, noodles, cooked grains","1 cup, cooked (190g)",100,g,84,0,20.7,0,0.1
"Rice noodles, cooked","Pasta, noodles, cooked grains","1 oz, dry, yields (100g)",100,g,107,1.8,23.9,0.2,1
"Pasta, cooked","Pasta, noodles, cooked grains","1 oz, dry, yields (80g)",100,g,157,5.8,30.7,0.9,1.8
"Pasta, whole grain, cooked","Pasta, noodles, cooked grains","1 cup, cooked (140g)",100,g,148,6,29.9,1.7,3.9
"Pasta, gluten free","Pasta, noodles, cooked grains","Quantity not specified (140g)",100,g,179,3.2,38.1,1,1.4
"Cereal, cooked, NFS","Grits and other cooked cereals","Quantity not specified (240g)",100,g,64,2.2,11.4,1.1,1.7
"Barley","Pasta, noodles, cooked grains","1 oz, dry, yields (110g)",100,g,139,2.2,27.2,2.7,3.7
"Buckwheat groats","Pasta, noodles, cooked grains","Quantity not specified (170g)",100,g,118,3.2,19,4,2.6
"Grits, NFS","Grits and other cooked cereals","1 oz, dry, yields (185g)",100,g,71,1.2,12.2,1.8,0.7
"Grits, regular or quick, made with water, NS as to fat","Grits and other cooked cereals","1 oz, dry, yields (185g)",100,g,71,1.2,12.2,1.8,0.7
"Grits, regular or quick, made with water, no added fat","Grits and other cooked cereals","1 cup, dry, yields (965g)",100,g,58,1.2,12.4,0.3,0.7
"Grits, regular or quick, made with water, fat added","Grits and other cooked cereals","1 oz, dry, yields (185g)",100,g,71,1.2,12.2,1.8,0.7
"Grits, with cheese, NS as to fat","Grits and other cooked cereals","Quantity not specified (240g)",100,g,108,3.6,11.4,5.3,0.6
"Grits, with cheese, no added fat","Grits and other cooked cereals","1 packet, dry, yields (148g)",100,g,97,3.6,11.5,3.9,0.7
"Grits, with cheese, fat added","Grits and other cooked cereals","1 packet, dry, yields (148g)",100,g,108,3.6,11.4,5.3,0.6
"Grits, instant, made with water, no added fat","Grits and other cooked cereals","1 cup, cooked (240g)",100,g,65,1.4,14.8,0.4,0.8
"Grits, instant, made with water, fat added","Grits and other cooked cereals","Quantity not specified (240g)",100,g,85,1.4,14.4,2.9,0.8
"Grits, instant, made with water, NS as to fat","Grits and other cooked cereals","1 packet, dry, yields (148g)",100,g,85,1.4,14.4,2.9,0.8
"Cornmeal mush, NS as to fat","Grits and other cooked cereals","1 strip or slice (50g)",100,g,71,1.1,12.3,1.8,0.6
"Cornmeal mush, no added fat","Grits and other cooked cereals","1 cup, cooked (240g)",100,g,58,1.1,12.5,0.3,0.6
"Cornmeal mush, fat added","Grits and other cooked cereals","1 oz, dry, yields (190g)",100,g,71,1.1,12.3,1.8,0.6
"Masa harina, cooked","Grits and other cooked cereals","Quantity not specified (240g)",100,g,97,2.3,20.5,1,1.7
"Millet","Pasta, noodles, cooked grains","1 cup, cooked (170g)",100,g,118,3.5,23.6,1,1.3
"Oatmeal, fast food, plain","Oatmeal","1 fast food order (240g)",100,g,80,2.6,11.9,2.5,1.7
"Oatmeal, fast food, flavored","Oatmeal","1 fast food order (240g)",100,g,110,2.4,20.3,2.3,1.6
"Oatmeal, NFS","Oatmeal","1 cup, dry, yields (485g)",100,g,76,2.2,11.2,2.6,1.7
"Oatmeal, regular or quick, made with water, no added fat","Oatmeal","1 cup, dry, yields (485g)",100,g,64,2.2,11.4,1.1,1.7
"Oatmeal, regular or quick, made with water, fat added","Oatmeal","Quantity not specified (240g)",100,g,76,2.2,11.2,2.6,1.7
"Oatmeal, regular or quick, made with milk, no added fat","Oatmeal","1 cup, cooked (240g)",100,g,116,5.6,16.2,3.3,1.7
"Oatmeal, regular or quick, made with milk, fat added","Oatmeal","Quantity not specified (240g)",100,g,128,5.5,16,4.8,1.7
"Oatmeal, regular or quick, made with non-dairy milk, no added fat","Oatmeal","1 cup, dry, yields (485g)",100,g,95,3.4,14.4,2.7,1.8
"Oatmeal, regular or quick, made with non-dairy milk, fat added","Oatmeal","1 oz, dry, yields (170g)",100,g,107,3.3,14.2,4.2,1.8
"Oatmeal, instant, plain, made with water, no added fat","Oatmeal","1 packet, dry, yields (148g)",100,g,68,2.3,13.2,1.3,1.9
"Oatmeal, instant, plain, made with water, fat added","Oatmeal","1 Keurig cup (170g)",100,g,88,2.2,12.7,3.7,1.8
"Oatmeal, instant, plain, made with milk, no added fat","Oatmeal","Quantity not specified (240g)",100,g,111,5,17.1,3,1.9
"Oatmeal, instant, plain, made with milk, fat added","Oatmeal","Quantity not specified (240g)",100,g,129,4.8,16.5,5.4,1.8
"Oatmeal, instant, plain, made with non-dairy milk, no added fat","Oatmeal","1 packet, dry, yields (148g)",100,g,94,3.2,15.6,2.6,2
"Oatmeal, instant, plain, made with non-dairy milk, fat added","Oatmeal","1 oz, cooked (28.4g)",100,g,113,3.1,15.1,5,1.9
"Oatmeal, instant, maple flavored, no added fat","Oatmeal","1 Keurig cup (170g)",100,g,102,2.4,20.2,1.3,1.9
"Oatmeal, instant, maple flavored, fat added","Oatmeal","1 packet, dry, yields (163g)",100,g,119,2.4,19.6,3.5,1.8
"Oatmeal, instant, fruit flavored, no added fat","Oatmeal","1 Keurig cup (170g)",100,g,100,2.3,20.1,1.2,1.9
"Oatmeal, instant, fruit flavored, fat added","Oatmeal","Quantity not specified (240g)",100,g,117,2.3,19.5,3.4,1.9
"Oatmeal, reduced sugar","Oatmeal","1 packet, dry, yields (170g)",100,g,85,2.4,16.6,1.3,1.9
"Oatmeal, multigrain","Oatmeal","1 cup, dry, yields (485g)",100,g,56,2.1,12.2,0.5,2
"Quinoa, NS as to fat","Pasta, noodles, cooked grains","Quantity not specified (170g)",100,g,146,4.2,20.2,5.4,2.7
"Quinoa, no added fat","Pasta, noodles, cooked grains","1 cup, cooked (170g)",100,g,120,4.4,21.2,1.9,2.8
"Quinoa, fat added","Pasta, noodles, cooked grains","1 cup, cooked (170g)",100,g,146,4.2,20.2,5.4,2.7
"Rice, cooked, NFS","Rice","1 cup, cooked (158g)",100,g,129,2.7,28,0.3,0.4
"Rice, white, cooked, NS as to fat","Rice","1 cup, cooked (163g)",100,g,129,2.7,28,0.3,0.4
"Rice, white, cooked, made with oil","Rice","Quantity not specified (122g)",100,g,151,2.6,27.2,3.1,0.4
"Rice, white, cooked, made with butter","Rice","Quantity not specified (122g)",100,g,147,2.6,27.2,2.6,0.4
"Rice, white, cooked, made with margarine","Rice","Quantity not specified (122g)",100,g,142,2.6,27.2,2.1,0.4
"Rice, white, cooked, fat added, NS as to fat type","Rice","1 cup, cooked (163g)",100,g,148,2.6,27.2,2.8,0.4
"Rice, white, cooked, no added fat","Rice","1 cup, cooked (158g)",100,g,129,2.7,28,0.3,0.4
"Rice, brown, cooked, NS as to fat","Rice","1 cup, cooked (196g)",100,g,123,2.4,25.8,1.1,1
"Rice, brown, cooked, fat added, made with oil","Rice","1 cup, cooked (196g)",100,g,141,2.4,25.2,3.4,1
"Rice, brown, cooked, made with butter","Rice","1 cup, cooked (196g)",100,g,137,2.4,25.2,3,1
"Rice, brown, cooked, made with margarine","Rice","Quantity not specified (147g)",100,g,134,2.4,25.2,2.6,1
"Rice, brown, cooked, fat added, NS as to fat type","Rice","Quantity not specified (147g)",100,g,138,2.4,25.2,3.1,1
"Rice, brown, cooked, no added fat","Rice","Quantity not specified (147g)",100,g,123,2.4,25.8,1.1,1
"Cream of rice","Grits and other cooked cereals","1 cup, dry, yields (815g)",100,g,69,1.2,15.3,0.1,0.1
"Rice, cooked, with milk","Rice","Quantity not specified (150g)",100,g,144,5.1,25,2.3,0.3
"Rice, sweet, cooked with honey","Rice","1 cup, cooked (175g)",100,g,139,2.5,31.1,0.3,0.4
"Congee","Rice","1 cup (255g)",100,g,39,0.8,8.4,0.1,0.1
"Yellow rice, cooked, NS as to fat","Rice","1 cup, cooked (158g)",100,g,88,1.8,19.1,0.5,0.5
"Yellow rice, cooked, no added fat","Rice","Quantity not specified (118g)",100,g,88,1.8,19.1,0.5,0.5
"Yellow rice, cooked, fat added","Rice","1 cup, cooked (163g)",100,g,103,1.8,18.7,2.4,0.4
"Rice, white, cooked, glutinous","Rice","Quantity not specified (130g)",100,g,96,2,21,0.2,1
"Rice, wild, 100%, cooked, NS as to fat","Rice","1 cup, cooked (164g)",100,g,122,3.9,20.6,3.1,1.7
"Rice, wild, 100%, cooked, no added fat","Rice","1 cup, cooked (164g)",100,g,100,4,21.2,0.3,1.8
"Rice, wild, 100%, cooked, fat added","Rice","1 cup, cooked (164g)",100,g,122,3.9,20.6,3.1,1.7
"Rice, white and wild, cooked, no added fat","Rice","Quantity not specified (124g)",100,g,79,1.8,17.2,0.2,0.5
"Rice, brown and wild, cooked, no added fat","Rice","1 cup, cooked (151g)",100,g,120,2.9,24.9,0.9,1.6
"Rice, white and wild, cooked, fat added","Rice","Quantity not specified (126g)",100,g,112,2.2,20.6,2.1,0.5
"Rice, white and wild, cooked, NS as to fat","Rice","1 cup, cooked (168g)",100,g,112,2.2,20.6,2.1,0.5
"Rice, brown and wild, cooked, fat added","Rice","1 cup, cooked (155g)",100,g,138,2.8,24.3,3.2,1.6
"Rice, brown and wild, cooked, NS as to fat","Rice","1 cup, cooked (150g)",100,g,112,2.2,19.9,2.7,0.9
"Rice, white, cooked with fat, Puerto Rican style","Rice","Quantity not specified (116g)",100,g,200,2.8,31.9,6.3,0.5
"Cream of wheat, NFS","Grits and other cooked cereals","Quantity not specified (240g)",100,g,65,1.4,10.4,1.8,0.5
"Cream of wheat, regular or quick, made with water, no added fat","Grits and other cooked cereals","1 cup, dry, yields (965g)",100,g,51,1.5,10.6,0.2,0.5
"Cream of wheat, regular or quick, made with water, fat added","Grits and other cooked cereals","Quantity not specified (240g)",100,g,65,1.4,10.4,1.8,0.5
"Cream of wheat, instant, made with water, no added fat","Grits and other cooked cereals","1 packet (1 oz), dry, yields (195g)",100,g,67,1.5,14.4,0.2,0.5
"Cream of wheat, instant, made with water, fat added","Grits and other cooked cereals","1 packet (1 oz), dry, yields (195g)",100,g,82,1.5,14.1,2.1,0.5
"Bulgur, no added fat","Pasta, noodles, cooked grains","1 cup, dry, yields (690g)",100,g,83,3.1,18.5,0.2,4.5
"Bulgur, fat added","Pasta, noodles, cooked grains","1 cup, cooked (140g)",100,g,121,2.9,17.3,5.1,4.2
"Bulgur, NS as to fat","Pasta, noodles, cooked grains","Quantity not specified (140g)",100,g,83,3.1,18.5,0.2,4.5
"Couscous, plain, cooked","Pasta, noodles, cooked grains","1 oz, dry, yields (90g)",100,g,111,3.8,23.1,0.2,1.4
"Whole wheat cereal, cooked","Grits and other cooked cereals","Quantity not specified (240g)",100,g,47,1.6,10.4,0.3,1.3
"Wheat cereal, chocolate flavored, cooked","Grits and other cooked cereals","1 cup, dry, yields (705g)",100,g,49,1.8,11,0.5,1.8
"Oat bran cereal, cooked","Grits and other cooked cereals","1 oz, dry, yields (150g)",100,g,46,3.2,12.3,1.3,2.9
"Cereal, ready-to-eat, NFS","Ready-to-eat cereal, higher sugar (>21.2g/100g)","Quantity not specified (35g)",100,g,379,7.7,77.7,4,6.6
"Cereal, O's, flavored","Ready-to-eat cereal, higher sugar (>21.2g/100g)","1 cup (40g)",100,g,385,8.6,76,5.4,7.6
"Cereal, crunch","Ready-to-eat cereal, higher sugar (>21.2g/100g)","1 cup (35g)",100,g,398,4.3,82.1,5.5,2.7
"Cereal, O's, plain","Ready-to-eat cereal, lower sugar (=<21.2g/100g)","1 piece (0.1g)",100,g,374,12.4,67.9,6.2,10.5
"Cereal, chocolate puffs","Ready-to-eat cereal, higher sugar (>21.2g/100g)","1 cup (35g)",100,g,388,5.4,81,5,5
"Cereal, cinnamon toast","Ready-to-eat cereal, higher sugar (>21.2g/100g)","Quantity not specified (40g)",100,g,414,5.9,75.2,9.9,5.1
"Cereal, chocolate crispy","Ready-to-eat cereal, higher sugar (>21.2g/100g)","1 prepackaged single serving (30g)",100,g,380,5.4,81.9,4.2,1.4
"Cereal, corn squares","Ready-to-eat cereal, lower sugar (=<21.2g/100g)","Quantity not specified (30g)",100,g,369,7.9,77.1,2.6,5.4
"Cereal, corn flakes, plain","Ready-to-eat cereal, lower sugar (=<21.2g/100g)","1 cup (30g)",100,g,365,6.4,79.5,1.6,3.5
"Cereal, corn puffs","Ready-to-eat cereal, lower sugar (=<21.2g/100g)","Quantity not specified (25g)",100,g,371,7.7,77.8,2.6,7.3
"Cereal, rice crispy, plain","Ready-to-eat cereal, lower sugar (=<21.2g/100g)","Quantity not specified (25g)",100,g,358,7,79.8,1.2,0.4
"Cereal, bran flakes, plain","Ready-to-eat cereal, lower sugar (=<21.2g/100g)","1 cup (50g)",100,g,361,9.7,75,2.4,20.5
"Cereal, shredded wheat, flavored","Ready-to-eat cereal, lower sugar (=<21.2g/100g)","1 cup (50g)",100,g,367,9.5,78.9,1.4,10.3
"Cereal, rice crispy, flavored","Ready-to-eat cereal, higher sugar (>21.2g/100g)","Quantity not specified (40g)",100,g,372,5,86,0.9,0.3
"Cereal, fruit rings","Ready-to-eat cereal, higher sugar (>21.2g/100g)","1 cup (30g)",100,g,383,5.1,82.2,3.2,5.4
"Cereal, fruit crispy","Ready-to-eat cereal, higher sugar (>21.2g/100g)","Quantity not specified (35g)",100,g,384,4.3,82.9,3.9,0.3
"Cereal, granola","Ready-to-eat cereal, higher sugar (>21.2g/100g)","1 cup (110g)",100,g,420,9.8,67.4,13,7.4
"Cereal, oat bunches","Ready-to-eat cereal, lower sugar (=<21.2g/100g)","1 prepackaged single serving (30g)",100,g,392,7.4,76.3,6.1,4.6
"Cereal, corn squares, flavored","Ready-to-eat cereal, higher sugar (>21.2g/100g)","Quantity not specified (40g)",100,g,380,5.6,80.7,3.3,4.7
"Cereal, O's, honey nut","Ready-to-eat cereal, higher sugar (>21.2g/100g)","1 prepackaged single serving (30g)",100,g,385,8.6,76,5.4,7.6
"Cereal, multigrain","Ready-to-eat cereal, lower sugar (=<21.2g/100g)","1 cup (50g)",100,g,373,11.6,74,3.6,14.6
"Cereal, oat squares","Ready-to-eat cereal, lower sugar (=<21.2g/100g)","1 prepackaged single serving (30g)",100,g,379,10.4,73.3,5.2,8
"Cereal, frosted oats with marshmallows","Ready-to-eat cereal, higher sugar (>21.2g/100g)","1 prepackaged single serving (30g)",100,g,372,8.2,76.6,4.1,6.1
"Cereal, O's, multigrain","Ready-to-eat cereal, lower sugar (=<21.2g/100g)","Quantity not specified (30g)",100,g,373,8.5,76.2,3.8,10.9
"Cereal, bran flakes, flavored","Ready-to-eat cereal, higher sugar (>21.2g/100g)","Quantity not specified (60g)",100,g,353,8.1,78.7,1.2,12.4
"Cereal, rice squares","Ready-to-eat cereal, lower sugar (=<21.2g/100g)","Quantity not specified (30g)",100,g,357,7,77.4,2.2,5.4
"Cereal, K's, plain","Ready-to-eat cereal, lower sugar (=<21.2g/100g)","Quantity not specified (35g)",100,g,356,19,68,1.6,3.2
"Cereal, K's, flavored","Ready-to-eat cereal, higher sugar (>21.2g/100g)","1 cup (35g)",100,g,363,7.3,80.9,1.2,8
"Cereal, flavored puffs","Ready-to-eat cereal, higher sugar (>21.2g/100g)","Quantity not specified (30g)",100,g,380,5.7,83.8,2.2,2.2
"Cereal, corn flakes, flavored","Ready-to-eat cereal, higher sugar (>21.2g/100g)","1 prepackaged single serving (30g)",100,g,375,4.8,84.7,1.3,2.6
"Cereal, O's, NFS","Ready-to-eat cereal, lower sugar (=<21.2g/100g)","1 prepackaged single serving (30g)",100,g,379,10.5,72,5.8,9.1
"Cereal, wheat squares","Ready-to-eat cereal, lower sugar (=<21.2g/100g)","1 cup (60g)",100,g,356,10.5,75,1.5,13.5
"Wheat germ","Not included in a food category","Quantity not specified (15g)",100,g,382,29.1,49.6,10.7,15.1
"Cereal, plain puffs","Ready-to-eat cereal, lower sugar (=<21.2g/100g)","Quantity not specified (15g)",100,g,357,9.5,77.2,1.7,8.7
"Cereal, shredded wheat, plain","Ready-to-eat cereal, lower sugar (=<21.2g/100g)","1 cup (45g)",100,g,358,11.9,73.9,1.7,13
"Cereal, wheat flakes","Ready-to-eat cereal, lower sugar (=<21.2g/100g)","Quantity not specified (40g)",100,g,359,10.1,76.3,1.5,10.4
"Cereal, other, NFS","Ready-to-eat cereal, higher sugar (>21.2g/100g)","1 cup (35g)",100,g,381,6.9,78.5,4.4,4.8
"Cereal, other, plain","Ready-to-eat cereal, lower sugar (=<21.2g/100g)","1 cup (30g)",100,g,370,9.4,73.7,3.9,7
"Cereal, other, fruit flavored","Ready-to-eat cereal, higher sugar (>21.2g/100g)","1 prepackaged single serving (30g)",100,g,383,4.7,82.6,3.6,2.9
"Cereal, other, chocolate","Ready-to-eat cereal, higher sugar (>21.2g/100g)","Quantity not specified (40g)",100,g,384,5.4,81.4,4.6,3.2
"Cereal, other, peanut butter","Ready-to-eat cereal, higher sugar (>21.2g/100g)","Quantity not specified (40g)",100,g,422,7.3,73.1,11.1,5
"Cereal, other, honey","Ready-to-eat cereal, higher sugar (>21.2g/100g)","Quantity not specified (40g)",100,g,388,8,76.1,5.7,6.1
"Cereal, reduced sugar","Ready-to-eat cereal, lower sugar (=<21.2g/100g)","Quantity not specified (35g)",100,g,376,8.4,76.9,3.7,6.4
"Wheat bran","Not included in a food category","1 cup (60g)",100,g,216,15.6,64.5,4.3,42.8
"Oats, raw","Not included in a food category","Quantity not specified (10g)",100,g,379,13.2,67.7,6.5,10.1
"Cereal, oat bran, ready-to-eat","Not included in a food category","1 prepackaged single serving (30g)",100,g,403,10.4,68.3,10.2,12.9
"Baby Toddler cereal, barley, dry","Baby food: cereals","1 tablespoon (3.8g)",100,g,376,13.2,69.4,6.6,6.6
"Baby Toddler cereal, oatmeal, dry","Baby food: cereals","Quantity not specified (15g)",100,g,394,11,73.5,6.4,7.3
"Baby Toddler cereal, rice, dry","Baby food: cereals","Quantity not specified (15g)",100,g,390,6.7,83.1,2.2,1.3
"Baby Toddler cereal, rice with fruit, dry","Baby food: cereals","Quantity not specified (15g)",100,g,388,6.5,83.4,2.2,1.7
"Baby Toddler cereal, multigrain with fruit, dry","Baby food: cereals","Quantity not specified (15g)",100,g,404,6.5,80.5,6.4,6.9
"Baby Toddler cereal, multigrain, dry","Baby food: cereals","Quantity not specified (15g)",100,g,407,6.7,80.1,6.7,6.7
"Baby Toddler cereal, oatmeal with fruit, dry","Baby food: cereals","1 tablespoon (3.8g)",100,g,392,10.6,74.2,6.1,7.4
"Baby Toddler cereal, NFS","Baby food: cereals","1 pouch (110g)",100,g,89,1.9,18.4,1,1.8
"Baby Toddler cereal, rice, ready-to-eat","Baby food: cereals","1 pouch (110g)",100,g,73,1.4,16.1,0.3,0.1
"Baby Toddler cereal, oatmeal, ready-to-eat","Baby food: cereals","1 pouch (110g)",100,g,76,2.5,13.8,1.3,1.9
"Baby Toddler cereal, multigrain, ready-to-eat","Baby food: cereals","1 jar / tub (110g)",100,g,75,1.9,15,0.9,1.1
"Baby Toddler cereal, multigrain with fruit, ready-to-eat","Baby food: cereals","1 pouch (110g)",100,g,88,1.5,19.2,0.7,1.2
"Baby Toddler cereal, oatmeal with fruit, ready-to-eat","Baby food: cereals","1 pouch (110g)",100,g,89,1.9,18.4,1,1.8
"Baby Toddler cereal, rice with fruit, ready-to-eat","Baby food: cereals","1 pouch (110g)",100,g,87,1.1,20,0.3,0.6
"Chilaquiles","Other Mexican mixed dishes","1 cup (170g)",100,g,195,10.6,14.9,10.7,2.1
"Frito pie","Other Mexican mixed dishes","Quantity not specified (150g)",100,g,328,10,26.3,21,2.9
"Mexican pizza","Other Mexican mixed dishes","1 cup (120g)",100,g,249,15.5,15.3,13.9,2.1
"Taco or tostada salad with meat","Burritos and tacos","1 taco salad, NS as to size (315g)",100,g,179,7.5,16.5,9.3,2.9
"Taco or tostada salad with chicken","Burritos and tacos","Quantity not specified (225g)",100,g,167,7.8,16.3,8,2.8
"Taco or tostada salad, meatless","Burritos and tacos","1 large taco salad (388g)",100,g,163,5.3,19.3,7.4,3.7
"Taco or tostada salad with meat and sour cream","Burritos and tacos","1 cup (122g)",100,g,181,6.9,15.1,10.4,2.5
"Taco or tostada salad with chicken and sour cream","Burritos and tacos","1 cup (122g)",100,g,171,7.2,15,9.3,2.5
"Taco or tostada salad, meatless with sour cream","Burritos and tacos","1 medium taco salad (354g)",100,g,167,5,17.6,8.7,3.3
"Taco, NFS","Burritos and tacos","1 large (160g)",100,g,246,15.3,15.6,13.6,2.2
"Taco, corn tortilla, beef, cheese","Burritos and tacos","Quantity not specified (105g)",100,g,249,15.5,15.3,13.9,2.1
"Taco, corn tortilla, beef, with beans, cheese","Burritos and tacos","1 large (160g)",100,g,212,10.6,19.1,10.6,3.2
"Taco, corn tortilla, pork, cheese","Burritos and tacos","1 miniature (50g)",100,g,251,14.8,15.3,14.5,2.1
"Taco, corn tortilla, pork, with beans, cheese","Burritos and tacos","1 cup (120g)",100,g,214,10.3,19.1,10.9,3.2
"Taco, corn tortilla, chicken, cheese","Burritos and tacos","Quantity not specified (105g)",100,g,211,16.2,15.3,9.6,2.1
"Taco, corn tortilla, chicken, with beans, cheese","Burritos and tacos","Quantity not specified (105g)",100,g,193,11,19.1,8.4,3.2
"Taco, corn tortilla, with beans, cheese","Burritos and tacos","1 cup (120g)",100,g,176,5.8,23,7.3,4.2
"Taco, flour tortilla, beef, cheese","Burritos and tacos","Quantity not specified (105g)",100,g,257,16.7,18.9,12.3,1.3
"Taco, flour tortilla, beef, with beans, cheese","Burritos and tacos","1 miniature (50g)",100,g,221,11.9,22.7,8.9,2.4
"Taco, flour tortilla, pork, cheese","Burritos and tacos","1 large (160g)",100,g,260,16.1,18.9,12.8,1.3
"Taco, flour tortilla, pork, with beans, cheese","Burritos and tacos","Quantity not specified (105g)",100,g,222,11.5,22.7,9.2,2.4
"Taco, flour tortilla, chicken, cheese","Burritos and tacos","1 cup (120g)",100,g,220,17.5,18.9,7.9,1.3
"Taco, flour tortilla, chicken, with beans, cheese","Burritos and tacos","1 small/regular (105g)",100,g,202,12.2,22.7,6.7,2.4
"Taco, flour tortilla, with beans, cheese","Burritos and tacos","1 miniature (50g)",100,g,184,7,26.6,5.6,3.4
"Taco, fish","Burritos and tacos","1 cup (120g)",100,g,275,11.6,23,15.3,2.5
"Taco, meat, no cheese","Burritos and tacos","Quantity not specified (100g)",100,g,243,15.2,15.9,13.2,2.2
"Taco, meat, with beans, no cheese","Burritos and tacos","1 cup (120g)",100,g,205,10.1,20,9.7,3.4
"Taco, with beans, no cheese","Burritos and tacos","1 cup (120g)",100,g,167,5,24,6.2,4.5
"Taco, cheese only","Burritos and tacos","1 miniature (35g)",100,g,275,12.2,27.8,13.5,3.8
"Burrito, NFS","Burritos and tacos","1 miniature (110g)",100,g,219,11.1,23.9,8.5,2.5
"Burrito, beef, cheese","Burritos and tacos","1 cup (120g)",100,g,267,13.3,28.3,10.7,2
"Burrito, beef, with rice, cheese","Burritos and tacos","1 small/regular (220g)",100,g,231,10.4,28.2,8,1.5
"Burrito, beef, with beans, cheese","Burritos and tacos","1 miniature (110g)",100,g,219,11.1,23.9,8.5,2.5
"Burrito, beef, with beans and rice, cheese","Burritos and tacos","Quantity not specified (220g)",100,g,225,10.8,26.1,8.3,2
"Burrito, pork, cheese","Burritos and tacos","1 miniature (95g)",100,g,268,12.9,28.3,11,2
"Burrito, pork, with rice, cheese","Burritos and tacos","1 large (330g)",100,g,232,10.2,28.2,8.3,1.5
"Burrito, pork, with beans, cheese","Burritos and tacos","Quantity not specified (220g)",100,g,220,10.9,23.9,8.8,2.5
"Burrito, pork, with beans and rice, cheese","Burritos and tacos","Quantity not specified (220g)",100,g,226,10.5,26.1,8.5,2
"Burrito, chicken, cheese","Burritos and tacos","1 miniature (110g)",100,g,244,13.7,28.3,8.1,2
"Burrito, chicken, with rice, cheese","Burritos and tacos","1 miniature (110g)",100,g,215,10.8,28.2,6.2,1.5
"Burrito, chicken, with beans, cheese","Burritos and tacos","1 cup (120g)",100,g,203,11.5,23.9,6.7,2.5
"Burrito, chicken, with beans and rice, cheese","Burritos and tacos","1 cup (120g)",100,g,209,11.1,26.1,6.5,2
"Burrito, with beans, no cheese","Burritos and tacos","Quantity not specified (220g)",100,g,188,7.4,30.8,4,5.1
"Burrito, with beans, cheese","Burritos and tacos","1 miniature (95g)",100,g,196,8.1,29.5,5.2,4.9
"Burrito, with beans and rice, cheese","Burritos and tacos","Quantity not specified (220g)",100,g,202,6.9,32.2,4.9,3.2
"Burrito, meat, no cheese","Burritos and tacos","1 miniature (110g)",100,g,262,12.9,29.6,9.8,2.1
"Burrito, meat, with rice, no cheese","Burritos and tacos","1 large (330g)",100,g,224,9.8,29.6,6.9,1.6
"Burrito, meat, with beans, no cheese","Burritos and tacos","1 miniature (110g)",100,g,211,10.6,25,7.5,2.6
"Burrito, meat, with beans and rice, no cheese","Burritos and tacos","Quantity not specified (220g)",100,g,218,10.2,27.3,7.2,2.1
"Burrito, cheese only","Burritos and tacos","Quantity not specified (150g)",100,g,328,13.7,30.6,16.5,2.1
"Burrito bowl, NFS","Other Mexican mixed dishes","Quantity not specified (270g)",100,g,145,13,10.6,5.4,1
"Burrito bowl, beef or pork","Other Mexican mixed dishes","1 cup (120g)",100,g,213,20,0.3,14.2,0
"Burrito bowl, beef or pork, with rice","Other Mexican mixed dishes","Quantity not specified (270g)",100,g,181,11.9,14.2,8.1,0.2
"Burrito bowl, beef or pork, with beans","Other Mexican mixed dishes","1 cup (120g)",100,g,161,13.1,6.9,8.9,1.8
"Burrito bowl, beef or pork, with beans and rice","Other Mexican mixed dishes","1 cup (120g)",100,g,171,12.5,10.6,8.5,1
"Burrito bowl, chicken","Other Mexican mixed dishes","1 item, any size (225g)",100,g,161,21,0.3,8.1,0
"Burrito bowl, chicken, with rice","Other Mexican mixed dishes","Quantity not specified (270g)",100,g,155,12.5,14.2,5,0.2
"Burrito bowl, chicken, with beans","Other Mexican mixed dishes","1 item, any size (270g)",100,g,135,13.6,6.9,5.9,1.8
"Burrito bowl, chicken, with beans and rice","Other Mexican mixed dishes","1 item, any size (315g)",100,g,145,13,10.6,5.4,1
"Burrito bowl, with beans","Other Mexican mixed dishes","1 cup (120g)",100,g,129,8,17.3,3.4,5.7
"Enchilada, NFS","Other Mexican mixed dishes","1 enchilada, any size (150g)",100,g,178,10,14.6,9,2.3
"Enchilada, beef","Other Mexican mixed dishes","1 cup (170g)",100,g,191,9.8,14.6,10.5,2.3
"Enchilada, pork","Other Mexican mixed dishes","Quantity not specified (150g)",100,g,192,9.5,14.6,10.7,2.3
"Enchilada, chicken","Other Mexican mixed dishes","Quantity not specified (150g)",100,g,178,10,14.6,9,2.3
"Enchilada, no meat","Other Mexican mixed dishes","1 enchilada, any size (150g)",100,g,165,6.4,17.3,8.2,3.1
"Tamale, NFS","Other Mexican mixed dishes","1 cup (170g)",100,g,174,7.4,15.8,9,2.4
"Tamale, beef","Other Mexican mixed dishes","1 cup (170g)",100,g,174,7.4,15.8,9,2.4
"Tamale, pork","Other Mexican mixed dishes","1 cup (170g)",100,g,174,7.4,15.8,9,2.4
"Tamale, chicken","Other Mexican mixed dishes","1 item, any size (140g)",100,g,174,7.4,15.8,9,2.4
"Tamale, no meat","Other Mexican mixed dishes","Quantity not specified (140g)",100,g,186,3.5,26.7,7.2,3.2
"Tamale casserole with meat","Other Mexican mixed dishes","1 cup (250g)",100,g,174,7.4,15.8,9,2.4
"Nachos, NFS","Nachos","1 order (250g)",100,g,265,7.6,23.9,15.9,1.7
"Nachos, cheese only","Nachos","1 order (250g)",100,g,266,4.5,27.8,15.7,2
"Nachos, beef or pork","Nachos","Quantity not specified (125g)",100,g,265,10.7,19.9,16,1.4
"Nachos, beef or pork, with beans","Nachos","1 chip (7g)",100,g,220,9.3,18.3,12.5,2
"Nachos, chicken","Nachos","1 item, any size (250g)",100,g,242,11.2,19.9,13.3,1.4
"Nachos, chicken, with beans","Nachos","1 item, any size (250g)",100,g,203,9.6,18.3,10.5,2
"Nachos, with beans","Nachos","1 cup (135g)",100,g,210,4.6,23.3,11.4,2.5
"Gordita, cheese only","Other Mexican mixed dishes","Quantity not specified (125g)",100,g,324,10.7,22.4,21.6,1.7
"Gordita, with beans","Other Mexican mixed dishes","1 item, any size (175g)",100,g,207,5.8,20.2,11.8,2.9
"Gordita, meat","Other Mexican mixed dishes","1 cup (120g)",100,g,296,17,13.1,19.4,1
"Gordita, meat, with beans","Other Mexican mixed dishes","1 item, any size (175g)",100,g,252,11.4,16.6,15.6,2
"Chimichanga, meat","Other Mexican mixed dishes","1 item, any size (190g)",100,g,324,12.1,25.8,18.8,1.8
"Chimichanga, with beans","Other Mexican mixed dishes","1 cup (120g)",100,g,260,7.4,26.8,13.8,4.4
"Chimichanga, chicken","Other Mexican mixed dishes","1 cup (120g)",100,g,304,12.5,25.8,16.4,1.8
"Quesadilla, NFS","Other Mexican mixed dishes","1 half circle (70g)",100,g,316,13.4,28.6,16.2,2
"Quesadilla, cheese only","Other Mexican mixed dishes","1 full circle (120g)",100,g,316,13.4,28.6,16.2,2
"Quesadilla, beef or pork","Other Mexican mixed dishes","1 half circle (70g)",100,g,305,14.1,27.3,15.1,1.9
"Quesadilla, chicken","Other Mexican mixed dishes","Quantity not specified (70g)",100,g,287,14.5,27.3,13,1.9
"Quesadilla, with vegetables","Other Mexican mixed dishes","1 full circle (140g)",100,g,253,8.1,29.2,11.3,2.2
"Quesadilla, beef or pork, with vegetables","Other Mexican mixed dishes","1 cup (95g)",100,g,279,11.1,28.2,13.2,2.1
"Quesadilla, chicken, with vegetables","Other Mexican mixed dishes","1 triangular piece (40g)",100,g,270,11.3,28.2,12.1,2.1
"Quesadilla, egg","Egg/breakfast sandwiches","1 triangular piece (35g)",100,g,249,10.9,20.1,13.7,1.4
"Quesadilla, egg, with meat","Egg/breakfast sandwiches","1 triangular piece (35g)",100,g,249,11.4,19.1,13.9,1.3
"Taquito, cheese only","Other Mexican mixed dishes","1 flauta, any size (105g)",100,g,309,11.2,32.2,15.3,3.3
"Taquito, beef or pork","Other Mexican mixed dishes","Quantity not specified (70g)",100,g,287,12.2,31.6,12.5,3.3
"Taquito, chicken","Other Mexican mixed dishes","1 flauta, any size (105g)",100,g,269,12.5,31.6,10.4,3.3
"Taquito, egg","Egg/breakfast sandwiches","Quantity not specified (70g)",100,g,281,9.9,29.3,13.6,2
"Fajita, NFS","Other Mexican mixed dishes","1 fajita (95g)",100,g,219,11.7,18,11,1.5
"Fajita, chicken","Other Mexican mixed dishes","1 fajita (95g)",100,g,206,11.3,18,9.8,1.5
"Fajita, beef or pork","Other Mexican mixed dishes","1 cup (120g)",100,g,231,12.1,18,12.2,1.5
"Fajita, shrimp","Other Mexican mixed dishes","1 cup (120g)",100,g,189,8.3,18.4,8.9,1.5
"Fajita, vegetable","Other Mexican mixed dishes","1 cup (120g)",100,g,166,3.2,20.4,7.8,2
"Pupusa, cheese only","Other Mexican mixed dishes","Quantity not specified (100g)",100,g,256,11.7,22.4,13.3,2.9
"Pupusa, with beans","Other Mexican mixed dishes","1 cup (170g)",100,g,229,5.6,31.5,9,5.8
"Pupusa, meat","Other Mexican mixed dishes","Quantity not specified (130g)",100,g,232,11.5,23,10.4,2.6
"Pupusa, meat, with beans","Other Mexican mixed dishes","Quantity not specified (130g)",100,g,230,8.6,27.3,9.7,4.2
"Pizza, cheese, from frozen, thin crust","Pizza","1 frozen small pizza (8-10"" diameter) (320g)",100,g,263,11.9,28.8,11.1,3
"Pizza, cheese, from frozen, thick crust","Pizza","1 frozen personal size pizza (5-7"" diameter) (260g)",100,g,268,10.4,29,12.3,2.2
"Pizza, cheese, from restaurant or fast food, NS as to type of crust","Pizza","1 piece, medium pizza (86g)",100,g,266,11.4,33.3,9.7,2.3
"Pizza, cheese, from restaurant or fast food, thin crust","Pizza","1 piece, medium pizza (63g)",100,g,266,11.4,33.3,9.7,2.3
"Pizza, cheese, from restaurant or fast food, medium crust","Pizza","1 piece, small pizza (80g)",100,g,266,11.4,33.3,9.7,2.3
"Pizza, cheese, from restaurant or fast food, thick crust","Pizza","Quantity not specified (264g)",100,g,271,10.8,33.2,10.5,2.2
"Pizza, cheese, stuffed crust","Pizza","1 personal size pizza (5-7"" diameter) (240g)",100,g,274,12.2,30,11.6,1.7
"Pizza, cheese, from school lunch, medium crust","Pizza","1 surface inch (5.8g)",100,g,250,13.7,29.7,8.6,3.4
"Pizza, cheese, from school lunch, thin crust","Pizza","1 piece, NFS (142g)",100,g,247,12.7,31.3,7.9,4
"Pizza, cheese, from school lunch, thick crust","Pizza","1/2 English muffin (54g)",100,g,254,14.6,28.1,9.3,2.9
"Pizza, extra cheese, thin crust","Pizza","1 piece, small pizza (63g)",100,g,268,12.1,31.7,10.3,2.2
"Pizza, extra cheese, thick crust","Pizza","1/2 bagel (98g)",100,g,272,11.4,31.8,11,2.1
"Pizza, cheese, with vegetables, from frozen, thin crust","Pizza","1 frozen small pizza (8-10"" diameter) (369g)",100,g,240,9.2,26.5,10.8,2.1
"Pizza, cheese with vegetables, from frozen, thick crust","Pizza","1 frozen personal size pizza (5-7"" diameter) (215g)",100,g,253,9.8,27.7,11.5,2.1
"Pizza, cheese, with vegetables, from restaurant or fast food, thin crust","Pizza","Quantity not specified (200g)",100,g,234,10,29.9,8.4,2.2
"Pizza, cheese, with vegetables, from restaurant or fast food, medium crust","Pizza","1 personal size pizza (5-7"" diameter) (191g)",100,g,242,10.3,30.7,8.7,2.2
"Pizza, cheese, with vegetables, from restaurant or fast food, thick crust","Pizza","1 surface inch (7.7g)",100,g,245,9.7,30.4,9.4,2.1
"Pizza with cheese and extra vegetables, thin crust","Pizza","1 surface inch (6.2g)",100,g,208,8.7,26,7.8,2.1
"Pizza with cheese and extra vegetables, medium crust","Pizza","1 piece, small pizza (84g)",100,g,221,9.3,27.6,8.2,2.1
"Pizza with cheese and extra vegetables, thick crust","Pizza","1 piece, large pizza (155g)",100,g,240,9.5,29.4,9.5,2.1
"Pizza, cheese, with fruit, thin crust","Pizza","1 piece, small pizza (71g)",100,g,230,9.5,30,8.1,2.1
"Pizza, cheese, with fruit, medium crust","Pizza","1 large pizza (13-15"" diameter) (1098g)",100,g,239,10,30.8,8.5,2.1
"Pizza, cheese, with fruit, thick crust","Pizza","1 French bread (167g)",100,g,246,9.6,30.9,9.3,2
"Pizza with pepperoni, from frozen, thin crust","Pizza","1 frozen personal size pizza (5-7"" diameter) (209g)",100,g,274,12.3,27.5,12.7,2.9
"Pizza with pepperoni, from frozen, medium crust","Pizza","1 frozen small pizza (8-10"" diameter) (340g)",100,g,275,11.5,27.8,13.1,2.5
"Pizza with pepperoni, from frozen, thick crust","Pizza","1 surface inch (7.7g)",100,g,276,10.7,28.1,13.4,2.1
"Pizza with pepperoni, from restaurant or fast food, NS as to type of crust","Pizza","1 small pizza (8-10"" diameter) (516g)",100,g,282,11.7,32,11.9,2.3
"Pizza with pepperoni, from restaurant or fast food, thin crust","Pizza","1 small pizza (8-10"" diameter) (369g)",100,g,282,11.7,32,11.9,2.3
"Pizza with pepperoni, from restaurant or fast food, medium crust","Pizza","1 piece, extra-large pizza (134g)",100,g,282,11.7,32,11.9,2.3
"Pizza with pepperoni, from restaurant or fast food, thick crust","Pizza","1 piece, extra-large pizza (147g)",100,g,287,11.5,31.8,12.6,2.2
"Pizza with pepperoni, stuffed crust","Pizza","1 piece, medium pizza (110g)",100,g,296,12.9,27.2,15,1.5
"Pizza with pepperoni, from school lunch, thin crust","Pizza","1 surface inch (5.6g)",100,g,254,12.8,31.2,8.6,4.3
"Pizza, with pepperoni, from school lunch, medium crust","Pizza","1 surface inch (5.8g)",100,g,256,13.6,29.8,9.2,4.3
"Pizza with pepperoni, from school lunch, thick crust","Pizza","1 piece, NFS (158g)",100,g,259,14.4,28.3,9.8,4.3
"Pizza with meat other than pepperoni, from frozen, thin crust","Pizza","1 surface inch (5.1g)",100,g,267,12.3,27,12.1,2.8
"Pizza with meat other than pepperoni, from frozen, medium crust","Pizza","Quantity not specified (204g)",100,g,269,11.6,27.3,12.5,2.4
"Pizza with meat other than pepperoni, from frozen, thick crust","Pizza","1/2 bagel (101g)",100,g,270,10.8,27.7,13,2.1
"Pizza with meat other than pepperoni, from restaurant or fast food, NS as to type of crust","Pizza","1 extra-large pizza (16-18"" diameter) (1428g)",100,g,280,11.5,30.6,12.4,2.3
"Pizza with meat other than pepperoni, from restaurant or fast food, thin crust","Pizza","1 piece, extra-large pizza (108g)",100,g,280,11.5,30.6,12.4,2.3
"Pizza with meat other than pepperoni, from restaurant or fast food, medium crust","Pizza","1 piece, NFS (138g)",100,g,280,11.5,30.6,12.4,2.3
"Pizza with meat other than pepperoni, from restaurant or fast food, thick crust","Pizza","1/2 bagel (101g)",100,g,282,11.1,30.4,12.9,2.3
"Pizza, with meat other than pepperoni, stuffed crust","Pizza","1 piece, large pizza (164g)",100,g,278,12.8,27.3,13.1,1.5
"Pizza, with meat other than pepperoni, from school lunch, medium crust","Pizza","1 surface inch (5.8g)",100,g,254,12.9,31.4,8.5,4
"Pizza, with meat other than pepperoni, from school lunch, thin crust","Pizza","1 piece, NFS (142g)",100,g,250,12.6,32.2,7.8,3.9
"Pizza, with meat other than pepperoni, from school lunch, thick crust","Pizza","1 French bread (143g)",100,g,257,13.3,30.6,9.1,4
"Pizza with extra meat, thin crust","Pizza","Quantity not specified (240g)",100,g,277,14.7,24.3,13.4,1.7
"Pizza with extra meat, medium crust","Pizza","1 medium pizza (11-12"" diameter) (869g)",100,g,274,13.9,26.6,12.4,1.8
"Pizza with extra meat, thick crust","Pizza","1 personal size pizza (5-7"" diameter) (283g)",100,g,278,13.3,26.6,13,1.8
"Pizza with meat and vegetables, from frozen, thin crust","Pizza","1 frozen large pizza (14-16"" diameter) (961g)",100,g,276,11.3,25.1,14.4,2.2
"Pizza with meat and vegetables, from frozen, medium crust","Pizza","1 frozen personal size pizza (5-7"" diameter) (240g)",100,g,276,11.3,25.1,14.4,2.2
"Pizza with meat and vegetables, from frozen, thick crust","Pizza","1 piece, NFS (155g)",100,g,276,11.3,25.1,14.4,2.2
"Pizza with meat and vegetables, from restaurant or fast food, thin crust","Pizza","1 large pizza (13-15"" diameter) (902g)",100,g,241,11.6,26.6,9.9,1.9
"Pizza with meat and vegetables, from restaurant or fast food, medium crust","Pizza","1 piece, small pizza (79g)",100,g,248,11.5,28.4,9.8,2
"Pizza with meat and vegetables, from restaurant or fast food, thick crust","Pizza","1 medium pizza (11-12"" diameter) (942g)",100,g,259,10.9,30.1,10.5,2
"Pizza with extra meat and extra vegetables, thin crust","Pizza","1 medium pizza (11-12"" diameter) (796g)",100,g,222,11.4,23.7,9.2,1.9
"Pizza with extra meat and extra vegetables, thick crust","Pizza","1 small pizza (8-10"" diameter) (706g)",100,g,239,11,26.4,10,1.9
"Pizza with extra meat and extra vegetables, medium crust","Pizza","1 surface inch (8.3g)",100,g,233,11.4,26,9.3,2
"Pizza with meat and fruit, thin crust","Pizza","1 personal size pizza (5-7"" diameter) (170g)",100,g,227,10.9,27,8.3,1.8
"Pizza with meat and fruit, medium crust","Pizza","1 small pizza (8-10"" diameter) (636g)",100,g,234,11,28.2,8.6,1.9
"Pizza with meat and fruit, thick crust","Pizza","1 piece, NFS (157g)",100,g,245,10.6,29.1,9.5,1.9
"Pizza with beans and vegetables, thin crust","Pizza","1 personal size pizza (5-7"" diameter) (189g)",100,g,203,9.3,26.9,6.6,3.2
"Pizza with beans and vegetables, thick crust","Pizza","1 piece, extra-large pizza (181g)",100,g,225,9.5,28.6,8.2,2.8
"Pizza, no cheese, thin crust","Pizza","1 surface inch (3.9g)",100,g,276,7.5,31,13.7,1.8
"Pizza, no cheese, thick crust","Pizza","1 piece, extra-large pizza (129g)",100,g,293,7.6,38.3,12.3,1.9
"White pizza, cheese, thin crust","Pizza","1 piece, large pizza (92g)",100,g,285,12.4,27.6,13.7,1.1
"White pizza, cheese, thick crust","Pizza","1 large pizza (13-15"" diameter) (1112g)",100,g,280,11.8,31.8,11.4,1.3
"White pizza, cheese, with vegetables, thin crust","Pizza","1 extra-large pizza (16-18"" diameter) (1218g)",100,g,241,10.1,23.6,11.7,1.2
"White pizza, cheese, with vegetables, thick crust","Pizza","1 piece, medium pizza (111g)",100,g,244,10,27.8,10.1,1.3
"White pizza, cheese, with meat, thin crust","Pizza","1 medium pizza (11-12"" diameter) (571g)",100,g,304,13.6,22.8,17.4,0.9
"White pizza, cheese, with meat, thick crust","Pizza","1 piece, NFS (154g)",100,g,296,12.8,27.2,14.8,1.1
"White pizza, cheese, with meat and vegetables, thin crust","Pizza","1 piece, small pizza (81g)",100,g,272,12.1,21.1,15.3,1
"White pizza, cheese, with meat and vegetables, thick crust","Pizza","1 piece, extra-large pizza (161g)",100,g,270,11.7,25.3,13.3,1.1
"Calzone, with cheese, meatless","Pizza","1 calzone or stromboli (424g)",100,g,389,17.6,29.5,22.5,1.3
"Calzone, with meat and cheese","Pizza","Quantity not specified (106g)",100,g,343,14.8,31.3,17.7,1.4
"Pizza rolls","Pizza","1 miniature roll (14g)",100,g,345,9.2,53.4,10.5,1.3
"Pizza, cheese, whole wheat thin crust","Pizza","1 piece, medium pizza (86g)",100,g,267,11.8,28.6,12.4,3.5
"Pizza, cheese, whole wheat thick crust","Pizza","1 medium pizza (11-12"" diameter) (744g)",100,g,265,11.4,33,10.4,3.9
"Pizza, with meat, whole wheat thin crust","Pizza","1 piece, NFS (124g)",100,g,289,13.1,23.6,16.4,2.9
"Pizza, with meat, whole wheat thick crust","Pizza","1 piece, small pizza (96g)",100,g,284,12.5,28.1,14,3.3
"Pizza, cheese and vegetables, whole wheat thin crust","Pizza","Quantity not specified (266g)",100,g,226,9.6,24.4,10.6,3.1
"Pizza, cheese and vegetables, whole wheat thick crust","Pizza","Quantity not specified (298g)",100,g,231,9.7,28.7,9.3,3.5
"Pizza, cheese, gluten-free thin crust","Pizza","1 piece, extra-large pizza (128g)",100,g,264,8.7,26.5,13.6,2.5
"Pizza, cheese, gluten-free thick crust","Pizza","1 piece, small pizza (90g)",100,g,261,7.8,30.5,11.9,2.9
"Pizza, with meat, gluten-free thin crust","Pizza","1 surface inch (6.5g)",100,g,287,10.6,21.9,17.4,2.1
"Pizza, with meat, gluten-free thick crust","Pizza","1 piece, small pizza (96g)",100,g,280,9.5,26.1,15.2,2.5
"Pizza, cheese and vegetables, gluten-free thin crust","Pizza","1 extra-large pizza (16-18"" diameter) (1326g)",100,g,223,7.2,22.7,11.6,2.3
"Pizza, cheese and vegetables, gluten-free thick crust","Pizza","1 extra-large pizza (16-18"" diameter) (1548g)",100,g,228,6.7,26.7,10.5,2.7
"Breakfast pizza with egg","Egg/breakfast sandwiches","1 small pizza (8-10"" diameter) (477g)",100,g,292,14,25.6,14.5,1.1
"Egg roll, meatless","Egg rolls, dumplings, sushi","Quantity not specified (100g)",100,g,270,5.6,30,14.1,2.3
"Egg roll, with shrimp","Egg rolls, dumplings, sushi","1 cup (125g)",100,g,258,6.7,27.1,13.6,2
"Egg roll, with beef and/or pork","Egg rolls, dumplings, sushi","1 cup (125g)",100,g,272,7.6,27,14.7,2
"Egg roll, with chicken or turkey","Egg rolls, dumplings, sushi","1 cup (125g)",100,g,266,7.6,27,14.1,2
"Roll with meat and/or shrimp, vegetables and rice paper, not fried","Egg rolls, dumplings, sushi","1 cup (83g)",100,g,112,5.7,17.2,2.7,1.9
"Wonton, dumpling or pot sticker, fried","Egg rolls, dumplings, sushi","1 item, any size (25g)",100,g,192,8.8,14.1,11.1,1.5
"Wonton, dumpling or pot sticker, fried, no meat","Egg rolls, dumplings, sushi","1 cup (75g)",100,g,192,8.8,14.1,11.1,1.5
"Puffs, fried, crab meat and cream cheese filled","Egg rolls, dumplings, sushi","1 puff (23g)",100,g,314,9.4,35.1,15.1,1.2
"Wonton, dumpling or pot sticker, steamed","Egg rolls, dumplings, sushi","1 cup (75g)",100,g,113,6.9,11.1,4.6,1.2
"Empanada, NFS","Turnovers and other grain-based items","1 regular/large (130g)",100,g,291,7.2,29.9,16,2
"Empanada, no meat","Turnovers and other grain-based items","1 regular/large (130g)",100,g,265,5.8,31.5,13.2,3.4
"Empanada, beef","Turnovers and other grain-based items","1 small/individual (35g)",100,g,333,12.1,27.5,19.2,1.6
"Empanada, beef, with vegetables","Turnovers and other grain-based items","Quantity not specified (105g)",100,g,291,7.2,29.9,16,2
"Empanada, chicken","Turnovers and other grain-based items","1 regular/large (130g)",100,g,309,12.6,27.5,16.5,1.6
"Empanada, chicken, with vegetables","Turnovers and other grain-based items","1 small/individual (35g)",100,g,283,7.4,29.9,15.1,2
"Cornmeal stick, Puerto Rican style","Biscuits, muffins, quick breads","Quantity not specified (20g)",100,g,415,6.9,48.4,21,2.4
"Kibby, Puerto Rican style","Meat mixed dishes","Quantity not specified (110g)",100,g,168,8.8,18,7.2,3.1
"Bacalaitos fritos","Seafood mixed dishes","Quantity not specified (85g)",100,g,281,14.4,36.1,8.6,1.2
"Hayacas, Puerto Rican style","Meat mixed dishes","1 hallaca (5-3/4"" x 2-1/2"" x 1/2"") (95g)",100,g,157,5.8,9.4,10.8,1.1
"Crepe, with meat","Turnovers and other grain-based items","1 surface inch (3.1g)",100,g,173,12.9,7.7,10.1,0.3
"Pierogi","Turnovers and other grain-based items","Quantity not specified (80g)",100,g,195,5.3,29.6,6.1,0.9
"Gnocchi, cheese","Pasta mixed dishes, excludes macaroni and cheese","Quantity not specified (70g)",100,g,178,8.5,9.4,12,0.2
"Gnocchi, potato","Pasta mixed dishes, excludes macaroni and cheese","1 piece (26g)",100,g,135,2.4,17.2,6.3,1
"Knish","Turnovers and other grain-based items","Quantity not specified (60g)",100,g,345,10.5,31.9,19.7,1.1
"Bao bun","Egg rolls, dumplings, sushi","Quantity not specified (100g)",100,g,273,11.2,39.8,7.6,1.2
"Bao bun, no meat","Egg rolls, dumplings, sushi","Quantity not specified (100g)",100,g,268,6.7,54.3,2.9,3.4
"Pastry, cheese-filled","Doughnuts, sweet rolls, pastries","1 pastry (28g)",100,g,274,9.9,15.4,19.2,0.4
"Pastry, egg and cheese filled","Turnovers and other grain-based items","1 kolache (142g)",100,g,349,8.4,43.8,15.7,1.6
"Pastry, meat / poultry-filled","Turnovers and other grain-based items","Quantity not specified (100g)",100,g,341,11.5,30.9,19.2,1.1
"Spanakopita","Turnovers and other grain-based items","Quantity not specified (90g)",100,g,212,8.3,10.4,15.2,1
"Samosa","Turnovers and other grain-based items","Quantity not specified (75g)",100,g,310,5.1,33.2,17.5,1.8
"Quiche with meat, poultry or fish","Turnovers and other grain-based items","1 individual quiche (113g)",100,g,387,15.5,12.1,30.6,0.7
"Spinach quiche, meatless","Turnovers and other grain-based items","1 piece (1/8 of 9"" dia) (143g)",100,g,299,10.3,11.7,23.5,1
"Cheese quiche, meatless","Turnovers and other grain-based items","1 individual quiche (113g)",100,g,365,11.9,13.7,29.2,0.8
"Turnover or hot pocket, NFS","Turnovers and other grain-based items","1 regular/large (130g)",100,g,260,10.3,27.9,11.9,1.6
"Turnover or hot pocket, meatless","Turnovers and other grain-based items","Quantity not specified (105g)",100,g,198,5.1,27,7.8,1.6
"Turnover or hot pocket, beef","Turnovers and other grain-based items","1 regular/large (130g)",100,g,233,10.4,24.5,10.3,1.3
"Turnover or hot pocket, ham","Turnovers and other grain-based items","1 small/individual (35g)",100,g,256,9.3,27.9,11.8,1.5
"Turnover or hot pocket, pizza pocket, meat","Turnovers and other grain-based items","1 regular/large (130g)",100,g,260,10.3,27.9,11.9,1.6
"Turnover or hot pocket, pizza pocket","Turnovers and other grain-based items","1 regular/large (130g)",100,g,244,9.7,29.7,9.6,1.7
"Turnover or hot pocket, chicken","Turnovers and other grain-based items","1 small/individual (35g)",100,g,215,10.7,24.5,8.2,1.3
"Turnover, seafood","Turnovers and other grain-based items","1 small/individual (35g)",100,g,207,9.4,24.6,7.9,1.3
"Turnover or lean pocket","Turnovers and other grain-based items","Quantity not specified (105g)",100,g,208,10.6,24.4,7.5,1.4
"Turnover or breakfast pocket, egg","Turnovers and other grain-based items","1 small/individual (35g)",100,g,265,10,30.9,11.3,1.5
"Biscuit with gravy","Egg/breakfast sandwiches","1 biscuit with gravy (220g)",100,g,224,6.2,17,14.7,0.8
"Chicken cornbread","Poultry mixed dishes","1 cubic inch (7.6g)",100,g,167,13.8,9.4,8.2,0.4
"Cornmeal dressing with chicken or turkey and vegetables","Turnovers and other grain-based items","1 cup (161g)",100,g,237,7.6,19.3,14.5,1.2
"Dressing with oysters","Turnovers and other grain-based items","1 cup (161g)",100,g,189,5,18.4,10.8,1.2
"Dressing with chicken or turkey and vegetables","Turnovers and other grain-based items","1 cup (161g)",100,g,217,8.2,21,11.2,1.4
"Dressing with meat and vegetables","Turnovers and other grain-based items","1 cup (161g)",100,g,243,7.9,20.4,14.6,1.3
"Lasagna with meat","Pasta mixed dishes, excludes macaroni and cheese","Quantity not specified (250g)",100,g,139,7.5,16.2,5,1.6
"Lasagna with meat, canned","Pasta mixed dishes, excludes macaroni and cheese","1 can (15 oz) (425g)",100,g,97,3.2,13.3,3.4,1.5
"Lasagna with meat, from restaurant","Pasta mixed dishes, excludes macaroni and cheese","1 cup (250g)",100,g,185,10.8,11.4,10.7,1.5
"Lasagna with meat, home recipe","Pasta mixed dishes, excludes macaroni and cheese","1 piece (1/6 of 8"" square, approx 2-1/2"" x 4"") (206g)",100,g,206,13.6,13.1,10.9,1.1
"Lasagna with meat, frozen","Pasta mixed dishes, excludes macaroni and cheese","1 cup (250g)",100,g,124,6.6,14.4,4.4,1.4
"Lasagna with meat and spinach","Pasta mixed dishes, excludes macaroni and cheese","1 lasagna (8"" square) (1235g)",100,g,207,13.3,13.8,10.8,1.1
"Lasagna with chicken or turkey","Pasta mixed dishes, excludes macaroni and cheese","1 surface inch (20.7g)",100,g,205,13.7,14,10.4,1
"Lasagna, with chicken or turkey, and spinach","Pasta mixed dishes, excludes macaroni and cheese","1 cup (250g)",100,g,201,13.5,13.8,10.1,1.1
"Lasagna, meatless","Pasta mixed dishes, excludes macaroni and cheese","1 lasagna (7"" x 12"") (2048g)",100,g,130,6.5,13.8,5.3,1.7
"Lasagna, meatless, with vegetables","Pasta mixed dishes, excludes macaroni and cheese","1 piece (1/6 of 8"" square, approx 2-1/2"" x 4"") (227g)",100,g,188,11.2,14.5,9.4,1.2
"Ravioli, NS as to filling, no sauce","Pasta mixed dishes, excludes macaroni and cheese","1 piece (15g)",100,g,185,10.3,19.9,7,0.7
"Ravioli, NS as to filling, with tomato sauce","Pasta mixed dishes, excludes macaroni and cheese","1 piece (38g)",100,g,138,6.9,14.6,5.9,0.9
"Ravioli, NS as to filling, with cream sauce","Pasta mixed dishes, excludes macaroni and cheese","1 cup (250g)",100,g,169,8.1,15.2,8.4,0.5
"Ravioli, meat-filled, no sauce","Pasta mixed dishes, excludes macaroni and cheese","1 cup (160g)",100,g,190,12.6,17.7,7.4,0.6
"Ravioli, meat-filled, with tomato sauce or meat sauce","Pasta mixed dishes, excludes macaroni and cheese","1 piece (35g)",100,g,148,8.7,14.5,6.3,1
"Ravioli, meat-filled, with tomato sauce or meat sauce, canned","Pasta mixed dishes, excludes macaroni and cheese","1 piece (33g)",100,g,97,3.2,13.3,3.4,1.5
"Ravioli, meat-filled, with cream sauce","Pasta mixed dishes, excludes macaroni and cheese","1 cup (250g)",100,g,176,10.2,13.7,8.8,0.4
"Ravioli, cheese-filled, no sauce","Pasta mixed dishes, excludes macaroni and cheese","1 piece (15g)",100,g,173,7.4,21.7,6.3,0.7
"Ravioli, cheese-filled, with tomato sauce","Pasta mixed dishes, excludes macaroni and cheese","1 cup (250g)",100,g,98,4,15.2,2.3,1.2
"Ravioli, cheese-filled, with tomato sauce, canned","Pasta mixed dishes, excludes macaroni and cheese","Quantity not specified (246g)",100,g,77,2.5,13.6,1.5,1.3
"Ravioli, cheese-filled, with meat sauce","Pasta mixed dishes, excludes macaroni and cheese","1 piece (35g)",100,g,137,6.4,14.3,6.1,0.8
"Ravioli, cheese-filled, with cream sauce","Pasta mixed dishes, excludes macaroni and cheese","1 cup (250g)",100,g,160,6.1,16.2,7.9,0.5
"Ravioli, cheese and spinach-filled, no sauce","Pasta mixed dishes, excludes macaroni and cheese","Quantity not specified (160g)",100,g,150,6.6,20.8,4.5,1
"Ravioli, cheese and spinach-filled, with cream sauce","Pasta mixed dishes, excludes macaroni and cheese","Quantity not specified (250g)",100,g,145,5.6,15.7,6.7,0.7
"Ravioli, cheese and spinach filled, with tomato sauce","Pasta mixed dishes, excludes macaroni and cheese","1 piece (38g)",100,g,117,5.2,16.8,3.4,1.2
"Manicotti, cheese-filled, no sauce","Pasta mixed dishes, excludes macaroni and cheese","Quantity not specified (209g)",100,g,207,10.4,20.4,9.3,0.6
"Manicotti, cheese-filled, with tomato sauce, meatless","Pasta mixed dishes, excludes macaroni and cheese","1 cup (235g)",100,g,153,7.6,16.2,6.6,0.9
"Manicotti, cheese-filled, with meat sauce","Pasta mixed dishes, excludes macaroni and cheese","1 manicotti (143g)",100,g,160,8.8,15.1,7.3,0.8
"Manicotti, vegetable- and cheese-filled, with tomato sauce, meatless","Pasta mixed dishes, excludes macaroni and cheese","Quantity not specified (235g)",100,g,135,6.4,15.9,5.2,1
"Stuffed shells, cheese-filled, no sauce","Pasta mixed dishes, excludes macaroni and cheese","1 shell (jumbo) (60g)",100,g,205,9.9,22.2,8.5,0.7
"Stuffed shells, cheese-filled, with tomato sauce, meatless","Pasta mixed dishes, excludes macaroni and cheese","Quantity not specified (170g)",100,g,146,7,16.9,5.8,0.9
"Stuffed shells, cheese-filled, with meat sauce","Pasta mixed dishes, excludes macaroni and cheese","1 shell (jumbo) (85g)",100,g,158,8.5,16.6,6.5,1
"Stuffed shells, cheese- and spinach- filled, no sauce","Pasta mixed dishes, excludes macaroni and cheese","Quantity not specified (152g)",100,g,187,9.6,22.4,6.6,1
"Stuffed shells, with chicken, with tomato sauce","Pasta mixed dishes, excludes macaroni and cheese","1 shell (jumbo) (83g)",100,g,136,10.8,16.3,3.4,1.1
"Stuffed shells, with fish and/or shellfish, with tomato sauce","Pasta mixed dishes, excludes macaroni and cheese","Quantity not specified (163g)",100,g,116,8.9,16.1,1.9,1.1
"Tortellini, meat-filled, with tomato sauce","Pasta mixed dishes, excludes macaroni and cheese","1 cup (210g)",100,g,134,6.6,15.8,4.9,1
"Tortellini, meat-filled, with tomato sauce, canned","Pasta mixed dishes, excludes macaroni and cheese","Quantity not specified (233g)",100,g,89,3.2,15.8,1.6,1.4
"Tortellini, cheese-filled, meatless, with tomato sauce","Pasta mixed dishes, excludes macaroni and cheese","Quantity not specified (250g)",100,g,149,6.2,23,3.7,1.6
"Tortellini, cheese-filled, meatless, with tomato sauce, canned","Pasta mixed dishes, excludes macaroni and cheese","1 can (15 oz) (425g)",100,g,91,3.5,16,1.5,0.8
"Tortellini, cheese-filled, meatless, with vinaigrette dressing","Pasta mixed dishes, excludes macaroni and cheese","Quantity not specified (169g)",100,g,193,6.2,18.8,10.5,0.6
"Tortellini, meat-filled, no sauce","Pasta mixed dishes, excludes macaroni and cheese","1 cup (190g)",100,g,190,12.3,18,7.5,0.6
"Tortellini, cheese-filled, with cream sauce","Pasta mixed dishes, excludes macaroni and cheese","1 cup (250g)",100,g,153,5.8,16.7,7,0.5
"Tortellini, cheese-filled, no sauce","Pasta mixed dishes, excludes macaroni and cheese","Quantity not specified (150g)",100,g,236,10.4,36.2,5.6,1.5
"Tortellini, spinach-filled, with tomato sauce","Pasta mixed dishes, excludes macaroni and cheese","Quantity not specified (200g)",100,g,121,4.5,16.1,4.4,1.2
"Tortellini, spinach-filled, no sauce","Pasta mixed dishes, excludes macaroni and cheese","Quantity not specified (122g)",100,g,188,8.9,21.4,7.4,0.9
"Cannelloni, cheese- and spinach-filled, no sauce","Pasta mixed dishes, excludes macaroni and cheese","1 cup (208g)",100,g,157,6.3,18.4,6.5,1.1
"Chow fun noodles with meat and vegetables","Fried rice and lo/chow mein","1 cup (152g)",100,g,102,7.1,11.5,2.7,0.9
"Chow fun noodles with vegetables, meatless","Fried rice and lo/chow mein","1 cup (152g)",100,g,74,1.6,14.5,1,1.1
"Lo mein, NFS","Fried rice and lo/chow mein","Quantity not specified (200g)",100,g,121,4.8,20.2,2.4,1.3
"Lo mein, meatless","Fried rice and lo/chow mein","Quantity not specified (200g)",100,g,121,4.8,20.2,2.4,1.3
"Lo mein, with shrimp","Fried rice and lo/chow mein","Quantity not specified (200g)",100,g,121,8.6,16.2,2.2,1
"Lo mein, with pork","Fried rice and lo/chow mein","Quantity not specified (200g)",100,g,138,9.5,16.2,3.8,1
"Lo mein, with beef","Fried rice and lo/chow mein","1 cup (200g)",100,g,129,9.7,16.2,2.8,1
"Lo mein, with chicken","Fried rice and lo/chow mein","Quantity not specified (200g)",100,g,130,9.2,16.2,3.2,1
"Pad Thai, NFS","Fried rice and lo/chow mein","Quantity not specified (200g)",100,g,154,8.1,14.4,7.5,1.2
"Pad Thai, meatless","Fried rice and lo/chow mein","1 cup (200g)",100,g,165,5.8,16.3,9.2,1.8
"Pad Thai with chicken","Fried rice and lo/chow mein","Quantity not specified (200g)",100,g,154,8.1,14.4,7.5,1.2
"Pad Thai with seafood","Fried rice and lo/chow mein","1 cup (200g)",100,g,147,6.8,15.1,6.8,1.2
"Pad Thai with meat","Fried rice and lo/chow mein","1 cup (200g)",100,g,160,8.2,14.7,7.9,1.2
"Adobo, with noodles","Poultry mixed dishes","Quantity not specified (224g)",100,g,172,16.9,8.1,7.7,0.4
"Macaroni with tuna, Puerto Rican style","Pasta mixed dishes, excludes macaroni and cheese","Quantity not specified (225g)",100,g,147,7.7,18.1,4.7,0.9
"Macaroni or noodles with cheese","Macaroni and cheese","Quantity not specified (230g)",100,g,223,8.7,23.1,10.5,1.2
"Macaroni or noodles with cheese, from restaurant","Macaroni and cheese","1 cup (230g)",100,g,151,5.4,18.8,6.1,1.1
"Macaroni or noodles with cheese, made from packaged mix","Macaroni and cheese","1 cup (230g)",100,g,179,4.6,22.2,8,1
"Macaroni or noodles with cheese, canned","Macaroni and cheese","1 cup (230g)",100,g,82,3.4,11.5,2.5,0.5
"Macaroni or noodles with cheese, Easy Mac type","Macaroni and cheese","1 large microwavable tub, prepared (423g)",100,g,110,3.3,20.1,1.9,0.5
"Macaroni or noodles with cheese, made from reduced fat packaged mix","Macaroni and cheese","1 cup (230g)",100,g,131,4.6,17.3,4.8,0.6
"Macaroni or noodles with cheese and tuna","Macaroni and cheese","Quantity not specified (230g)",100,g,164,7.6,18.2,6.8,0.8
"Macaroni or noodles with cheese and meat","Macaroni and cheese","1 cup (230g)",100,g,210,11.8,15.1,11.2,0.7
"Macaroni or noodles with cheese and meat, prepared from Hamburger Helper mix","Macaroni and cheese","1 cup (230g)",100,g,144,8.2,10.3,7.6,0.3
"Macaroni or noodles with cheese and tomato","Macaroni and cheese","1 cup (230g)",100,g,148,3.9,18.7,6.5,1.1
"Macaroni or noodles with cheese and frankfurters or hot dogs","Macaroni and cheese","1 cup (230g)",100,g,209,6.2,18.7,12.3,0.8
"Macaroni or noodles with cheese and egg","Macaroni and cheese","1 cup (230g)",100,g,185,5.9,19,9.5,0.8
"Macaroni or noodles with cheese and chicken or turkey","Macaroni and cheese","Quantity not specified (230g)",100,g,178,12.5,14.8,7.6,0.7
"Macaroni or noodles with cheese, whole grain","Macaroni and cheese","Quantity not specified (230g)",100,g,219,8.8,22.7,10.9,2.2
"Pasta with tomato-based sauce, cheese and meat","Pasta mixed dishes, excludes macaroni and cheese","Quantity not specified (250g)",100,g,147,7.6,13.3,7.1,0.8
"Pasta with tomato-based sauce and cheese","Pasta mixed dishes, excludes macaroni and cheese","Quantity not specified (250g)",100,g,119,3.7,15,4.8,1.7
"Pasta with vegetables, no sauce or dressing","Pasta mixed dishes, excludes macaroni and cheese","1 cup (150g)",100,g,144,4.5,23.1,3.5,2.3
"Pasta with sauce, NFS","Pasta mixed dishes, excludes macaroni and cheese","Quantity not specified (250g)",100,g,125,5.9,19.2,2.6,1.6
"Pasta with sauce, meatless, school lunch","Pasta mixed dishes, excludes macaroni and cheese","Quantity not specified (250g)",100,g,102,3.8,19.4,1.6,2.9
"Pasta with tomato-based sauce, restaurant","Pasta mixed dishes, excludes macaroni and cheese","1 cup (250g)",100,g,160,3.4,18.4,8,1.7
"Pasta with tomato-based sauce, home recipe","Pasta mixed dishes, excludes macaroni and cheese","1 cup (250g)",100,g,106,3.7,19.9,1.2,1.8
"Pasta with tomato-based sauce, ready-to-heat","Pasta mixed dishes, excludes macaroni and cheese","1 can (425g)",100,g,120,3.6,19.4,3,1.8
"Pasta with tomato-based sauce, and added vegetables, restaurant","Pasta mixed dishes, excludes macaroni and cheese","Quantity not specified (250g)",100,g,158,3.5,18.1,7.8,1.6
"Pasta with tomato-based sauce, and added vegetables, home recipe","Pasta mixed dishes, excludes macaroni and cheese","Quantity not specified (250g)",100,g,104,3.7,19.6,1.1,1.8
"Pasta with tomato-based sauce, and added vegetables, ready-to-heat","Pasta mixed dishes, excludes macaroni and cheese","Quantity not specified (250g)",100,g,118,3.7,19.2,2.9,1.7
"Pasta with sauce and meat, from school lunch","Pasta mixed dishes, excludes macaroni and cheese","Quantity not specified (250g)",100,g,117,6,17.5,3.1,2.6
"Pasta with tomato-based sauce and meat, restaurant","Pasta mixed dishes, excludes macaroni and cheese","1 cup (250g)",100,g,178,5.4,17.7,9.3,1.5
"Pasta with tomato-based sauce and meat, home recipe","Pasta mixed dishes, excludes macaroni and cheese","Quantity not specified (250g)",100,g,125,5.9,19.2,2.6,1.6
"Pasta with tomato-based sauce and meat, ready-to-heat","Pasta mixed dishes, excludes macaroni and cheese","1 microwavable cup (213g)",100,g,139,5.7,18.7,4.3,1.6
"Pasta with tomato-based sauce, meat, and added vegetables, restaurant","Pasta mixed dishes, excludes macaroni and cheese","1 cup (250g)",100,g,176,5.5,17.5,9.2,1.5
"Pasta with tomato-based sauce, meat, and added vegetables, home recipe","Pasta mixed dishes, excludes macaroni and cheese","Quantity not specified (250g)",100,g,123,5.9,18.9,2.5,1.6
"Pasta with tomato-based sauce, meat, and added vegetables, ready-to-heat","Pasta mixed dishes, excludes macaroni and cheese","1 Spaghettio's snack size microwavable tray (170g)",100,g,137,5.8,18.5,4.2,1.6
"Pasta with tomato-based sauce and poultry, restaurant","Pasta mixed dishes, excludes macaroni and cheese","1 cup (250g)",100,g,171,5.6,17.7,8.5,1.5
"Pasta with tomato-based sauce and poultry, home recipe","Pasta mixed dishes, excludes macaroni and cheese","Quantity not specified (250g)",100,g,118,6,19.2,1.7,1.6
"Pasta with tomato-based sauce and poultry, ready-to-heat","Pasta mixed dishes, excludes macaroni and cheese","1 cup (250g)",100,g,132,5.9,18.7,3.5,1.6
"Pasta with tomato-based sauce, poultry, and added vegetables, restaurant","Pasta mixed dishes, excludes macaroni and cheese","1 cup (250g)",100,g,169,5.6,17.5,8.4,1.5
"Pasta with tomato-based sauce, poultry, and added vegetables, home recipe","Pasta mixed dishes, excludes macaroni and cheese","Quantity not specified (250g)",100,g,116,6.1,18.9,1.6,1.6
"Pasta with tomato-based sauce, poultry, and added vegetables, ready-to-heat","Pasta mixed dishes, excludes macaroni and cheese","1 large microwavable bowl (411g)",100,g,130,6,18.5,3.4,1.6
"Pasta with tomato-based sauce and seafood, restaurant","Pasta mixed dishes, excludes macaroni and cheese","Quantity not specified (250g)",100,g,166,5.2,18,8,1.5
"Pasta with tomato-based sauce and seafood, home recipe","Pasta mixed dishes, excludes macaroni and cheese","Quantity not specified (250g)",100,g,113,5.6,19.4,1.2,1.6
"Pasta with tomato-based sauce and seafood, ready-to-heat","Pasta mixed dishes, excludes macaroni and cheese","1 Spaghettio's snack size microwavable tray (170g)",100,g,127,5.5,19,3,1.6
"Pasta with tomato-based sauce, seafood, and added vegetables, restaurant","Pasta mixed dishes, excludes macaroni and cheese","Quantity not specified (250g)",100,g,164,5.2,17.8,7.9,1.5
"Pasta with tomato-based sauce, seafood, and added vegetables, home recipe","Pasta mixed dishes, excludes macaroni and cheese","1 cup (250g)",100,g,111,5.6,19.2,1.1,1.6
"Pasta with tomato-based sauce, seafood, and added vegetables, ready-to-heat","Pasta mixed dishes, excludes macaroni and cheese","1 large microwavable bowl (411g)",100,g,125,5.5,18.8,2.9,1.6
"Pasta with cream sauce, restaurant","Pasta mixed dishes, excludes macaroni and cheese","1 cup (250g)",100,g,204,3.7,15.6,14,0.9
"Pasta with cream sauce, home recipe","Pasta mixed dishes, excludes macaroni and cheese","1 cup (250g)",100,g,154,4,16.9,7.7,0.9
"Pasta with cream sauce, ready-to-heat","Pasta mixed dishes, excludes macaroni and cheese","1 cup (250g)",100,g,167,3.9,16.5,9.4,0.9
"Pasta with cream sauce and added vegetables, restaurant","Pasta mixed dishes, excludes macaroni and cheese","Quantity not specified (250g)",100,g,191,3.7,16,12.4,1
"Pasta with cream sauce and added vegetables, from home recipe","Pasta mixed dishes, excludes macaroni and cheese","Quantity not specified (250g)",100,g,141,4,17.3,6,1.1
"Pasta with cream sauce and added vegetables, ready-to-heat","Pasta mixed dishes, excludes macaroni and cheese","1 Spaghettio's snack size microwavable tray (170g)",100,g,154,3.9,16.9,7.7,1.1
"Pasta with cream sauce and meat, restaurant","Pasta mixed dishes, excludes macaroni and cheese","1 cup (250g)",100,g,213,5.7,15.4,14.1,0.9
"Pasta with cream sauce and meat, home recipe","Pasta mixed dishes, excludes macaroni and cheese","Quantity not specified (250g)",100,g,164,6.1,16.7,7.9,0.9
"Pasta with cream sauce and meat, ready-to-heat","Pasta mixed dishes, excludes macaroni and cheese","1 Spaghettio's snack size microwavable tray (170g)",100,g,177,6,16.3,9.5,0.9
"Pasta with cream sauce, meat, and added vegetables, restaurant","Pasta mixed dishes, excludes macaroni and cheese","Quantity not specified (250g)",100,g,203,5.7,15.7,12.9,1
"Pasta with cream sauce, meat, and added vegetables, home recipe","Pasta mixed dishes, excludes macaroni and cheese","Quantity not specified (250g)",100,g,153,6.1,17,6.5,1.1
"Pasta with cream sauce, meat, and added vegetables, ready-to-heat","Pasta mixed dishes, excludes macaroni and cheese","1 large microwavable bowl (411g)",100,g,166,6,16.7,8.2,1
"Pasta with cream sauce and poultry, restaurant","Pasta mixed dishes, excludes macaroni and cheese","Quantity not specified (250g)",100,g,206,5.8,15.4,13.3,0.9
"Pasta with cream sauce and poultry, home recipe","Pasta mixed dishes, excludes macaroni and cheese","1 cup (250g)",100,g,157,6.3,16.7,7,0.9
"Pasta with cream sauce and poultry, ready-to-heat","Pasta mixed dishes, excludes macaroni and cheese","1 Spaghettio's snack size microwavable tray (170g)",100,g,170,6.2,16.3,8.7,0.9
"Pasta with cream sauce, poultry, and added vegetables, restaurant","Pasta mixed dishes, excludes macaroni and cheese","1 cup (250g)",100,g,196,5.8,15.7,12.1,1
"Pasta with cream sauce, poultry, and added vegetables, home recipe","Pasta mixed dishes, excludes macaroni and cheese","Quantity not specified (250g)",100,g,146,6.3,17,5.7,1.1
"Pasta with cream sauce, poultry, and added vegetables, ready-to-heat","Pasta mixed dishes, excludes macaroni and cheese","1 microwavable cup (213g)",100,g,159,6.2,16.7,7.4,1
"Pasta with cream sauce and seafood, restaurant","Pasta mixed dishes, excludes macaroni and cheese","Quantity not specified (250g)",100,g,202,5.4,15.7,12.8,0.9
"Pasta with cream sauce and seafood, home recipe","Pasta mixed dishes, excludes macaroni and cheese","1 cup (250g)",100,g,152,5.9,17,6.5,0.9
"Pasta with cream sauce and seafood, ready-to-heat","Pasta mixed dishes, excludes macaroni and cheese","1 cup (250g)",100,g,165,5.7,16.6,8.2,0.9
"Pasta with cream sauce, seafood, and added vegetables, restaurant","Pasta mixed dishes, excludes macaroni and cheese","Quantity not specified (250g)",100,g,191,5.4,16,11.6,1
"Pasta with cream sauce, seafood, and added vegetables, home recipe","Pasta mixed dishes, excludes macaroni and cheese","Quantity not specified (250g)",100,g,141,5.8,17.3,5.1,1.1
"Pasta with cream sauce, seafood, and added vegetables, ready-to-heat","Pasta mixed dishes, excludes macaroni and cheese","1 can (425g)",100,g,154,5.7,16.9,6.8,1
"Pasta, whole grain, with tomato-based sauce, restaurant","Pasta mixed dishes, excludes macaroni and cheese","1 cup (250g)",100,g,156,3.5,18,8.3,2.7
"Pasta, whole grain, with tomato-based sauce, home recipe","Pasta mixed dishes, excludes macaroni and cheese","1 cup (250g)",100,g,102,3.8,19.5,1.6,2.9
"Pasta, whole grain, with tomato-based sauce, ready-to-heat","Pasta mixed dishes, excludes macaroni and cheese","1 Spaghettio's snack size microwavable tray (170g)",100,g,116,3.7,19.1,3.4,2.8
"Pasta, whole grain, with tomato-based sauce and added vegetables, restaurant","Pasta mixed dishes, excludes macaroni and cheese","1 cup (250g)",100,g,154,3.6,17.8,8.2,2.6
"Pasta, whole grain, with tomato-based sauce and added vegetables, home recipe","Pasta mixed dishes, excludes macaroni and cheese","Quantity not specified (250g)",100,g,99,3.8,19.2,1.5,2.9
"Pasta, whole grain, with tomato-based sauce and added vegetables, ready-to-heat","Pasta mixed dishes, excludes macaroni and cheese","Quantity not specified (250g)",100,g,114,3.8,18.8,3.3,2.8
"Pasta, whole grain, with tomato-based sauce and meat, restaurant","Pasta mixed dishes, excludes macaroni and cheese","Quantity not specified (250g)",100,g,174,5.5,17.4,9.6,2.5
"Pasta, whole grain, with tomato-based sauce and meat, home recipe","Pasta mixed dishes, excludes macaroni and cheese","Quantity not specified (250g)",100,g,121,6,18.7,3,2.7
"Pasta, whole grain, with tomato-based sauce and meat, ready-to-heat","Pasta mixed dishes, excludes macaroni and cheese","1 can (425g)",100,g,134,5.8,18.3,4.7,2.7
"Pasta, whole grain, with tomato-based sauce, meat, and added vegetables, restaurant","Pasta mixed dishes, excludes macaroni and cheese","1 cup (250g)",100,g,172,5.6,17.1,9.5,2.5
"Pasta, whole grain, with tomato-based sauce, meat, and added vegetables, home recipe","Pasta mixed dishes, excludes macaroni and cheese","Quantity not specified (250g)",100,g,119,6,18.5,2.9,2.7
"Pasta, whole grain, with tomato-based sauce, meat, and added vegetables, ready-to-heat","Pasta mixed dishes, excludes macaroni and cheese","Quantity not specified (250g)",100,g,133,5.9,18.1,4.6,2.6
"Pasta, whole grain, with tomato-based sauce and poultry, restaurant","Pasta mixed dishes, excludes macaroni and cheese","1 cup (250g)",100,g,167,5.7,17.4,8.9,2.5
"Pasta, whole grain, with tomato-based sauce and poultry, home recipe","Pasta mixed dishes, excludes macaroni and cheese","1 cup (250g)",100,g,113,6.1,18.7,2.2,2.7
"Pasta, whole grain, with tomato-based sauce and poultry, ready-to-heat","Pasta mixed dishes, excludes macaroni and cheese","1 cup (250g)",100,g,127,6,18.3,3.9,2.7
"Pasta, whole grain, with tomato-based sauce, poultry, and added vegetables, restaurant","Pasta mixed dishes, excludes macaroni and cheese","Quantity not specified (250g)",100,g,165,5.7,17.1,8.8,2.5
"Pasta, whole grain, with tomato-based sauce, poultry, and added vegetables, home recipe","Pasta mixed dishes, excludes macaroni and cheese","Quantity not specified (250g)",100,g,111,6.2,18.5,2,2.7
"Pasta, whole grain, with tomato-based sauce, poultry, and added vegetables, ready-to-heat","Pasta mixed dishes, excludes macaroni and cheese","1 can (425g)",100,g,125,6.1,18.1,3.8,2.6
"Pasta, whole grain, with tomato-based sauce and seafood, restaurant","Pasta mixed dishes, excludes macaroni and cheese","Quantity not specified (250g)",100,g,162,5.3,17.6,8.3,2.5
"Pasta, whole grain, with tomato-based sauce and seafood, home recipe","Pasta mixed dishes, excludes macaroni and cheese","Quantity not specified (250g)",100,g,108,5.7,19,1.6,2.7
"Pasta, whole grain, with tomato-based sauce and seafood, ready-to-heat","Pasta mixed dishes, excludes macaroni and cheese","1 microwavable cup (213g)",100,g,122,5.6,18.6,3.4,2.7
"Pasta, whole grain, with tomato-based sauce, seafood, and added vegetables, restaurant","Pasta mixed dishes, excludes macaroni and cheese","1 cup (250g)",100,g,160,5.3,17.4,8.2,2.5
"Pasta, whole grain, with tomato-based sauce, seafood, and added vegetables, home recipe","Pasta mixed dishes, excludes macaroni and cheese","1 cup (250g)",100,g,106,5.7,18.8,1.5,2.7
"Pasta, whole grain, with tomato-based sauce, seafood, and added vegetables, ready-to-heat","Pasta mixed dishes, excludes macaroni and cheese","1 cup (250g)",100,g,120,5.6,18.4,3.3,2.6
"Pasta, whole grain, with cream sauce, restaurant","Pasta mixed dishes, excludes macaroni and cheese","1 cup (250g)",100,g,200,3.8,15.2,14.3,1.9
"Pasta, whole grain, with cream sauce, home recipe","Pasta mixed dishes, excludes macaroni and cheese","Quantity not specified (250g)",100,g,150,4.1,16.4,8.1,2
"Pasta, whole grain, with cream sauce, ready-to-heat","Pasta mixed dishes, excludes macaroni and cheese","1 microwavable cup (213g)",100,g,163,4,16.1,9.7,2
"Pasta, whole grain, with cream sauce, and added vegetables, restaurant","Pasta mixed dishes, excludes macaroni and cheese","1 cup (250g)",100,g,187,3.8,15.6,12.8,2
"Pasta, whole grain, with cream sauce, and added vegetables, home recipe","Pasta mixed dishes, excludes macaroni and cheese","1 cup (250g)",100,g,136,4.1,16.9,6.4,2.2
"Pasta, whole grain, with cream sauce, and added vegetables, ready-to-heat","Pasta mixed dishes, excludes macaroni and cheese","Quantity not specified (250g)",100,g,149,4,16.5,8.1,2.1
"Pasta, whole grain, with cream sauce and meat, restaurant","Pasta mixed dishes, excludes macaroni and cheese","1 cup (250g)",100,g,209,5.8,15,14.5,1.9
"Pasta, whole grain, with cream sauce and meat, home recipe","Pasta mixed dishes, excludes macaroni and cheese","Quantity not specified (250g)",100,g,160,6.2,16.3,8.3,2
"Pasta, whole grain, with cream sauce and meat, ready-to-heat","Pasta mixed dishes, excludes macaroni and cheese","1 microwavable cup (213g)",100,g,172,6.1,15.9,9.9,2
"Pasta, whole grain, with cream sauce, meat, and added vegetables, restaurant","Pasta mixed dishes, excludes macaroni and cheese","Quantity not specified (250g)",100,g,199,5.7,15.4,13.2,2
"Pasta, whole grain, with cream sauce, meat, and added vegetables, home recipe","Pasta mixed dishes, excludes macaroni and cheese","Quantity not specified (250g)",100,g,149,6.2,16.6,6.9,2.2
"Pasta, whole grain, with cream sauce, meat, and added vegetables, ready-to-heat","Pasta mixed dishes, excludes macaroni and cheese","1 can (425g)",100,g,162,6.1,16.3,8.6,2.1
"Pasta, whole grain, with cream sauce and poultry, restaurant","Pasta mixed dishes, excludes macaroni and cheese","1 cup (250g)",100,g,202,5.9,15,13.7,1.9
"Pasta, whole grain, with cream sauce and poultry, home recipe","Pasta mixed dishes, excludes macaroni and cheese","Quantity not specified (250g)",100,g,152,6.4,16.3,7.4,2
"Pasta, whole grain, with cream sauce and poultry, ready-to-heat","Pasta mixed dishes, excludes macaroni and cheese","1 cup (250g)",100,g,165,6.3,15.9,9.1,2
"Pasta, whole grain, with cream sauce, poultry, and added vegetables, restaurant","Pasta mixed dishes, excludes macaroni and cheese","1 cup (250g)",100,g,192,5.9,15.4,12.5,2
"Pasta, whole grain, with cream sauce, poultry, and added vegetables, home recipe","Pasta mixed dishes, excludes macaroni and cheese","Quantity not specified (250g)",100,g,141,6.4,16.6,6.1,2.2
"Pasta, whole grain, with cream sauce, poultry, and added vegetables, ready-to-heat","Pasta mixed dishes, excludes macaroni and cheese","Quantity not specified (250g)",100,g,154,6.3,16.3,7.8,2.1
"Pasta, whole grain, with cream sauce and seafood, restaurant","Pasta mixed dishes, excludes macaroni and cheese","1 cup (250g)",100,g,197,5.5,15.3,13.2,1.9
"Pasta, whole grain, with cream sauce and seafood, home recipe","Pasta mixed dishes, excludes macaroni and cheese","1 cup (250g)",100,g,147,6,16.6,6.9,2
"Pasta, whole grain, with cream sauce and seafood, ready-to-heat","Pasta mixed dishes, excludes macaroni and cheese","1 can (425g)",100,g,160,5.8,16.2,8.6,2
"Pasta, whole grain, with cream sauce, seafood, and added vegetables, restaurant","Pasta mixed dishes, excludes macaroni and cheese","1 cup (250g)",100,g,187,5.5,15.6,12,2
"Pasta, whole grain, with cream sauce, seafood, and added vegetables, home recipe","Pasta mixed dishes, excludes macaroni and cheese","Quantity not specified (250g)",100,g,136,5.9,16.9,5.5,2.2
"Pasta, whole grain, with cream sauce, seafood, and added vegetables, ready-to-heat","Pasta mixed dishes, excludes macaroni and cheese","1 cup (250g)",100,g,149,5.8,16.5,7.2,2.1
"Pasta with tomato-based sauce and beans or lentils","Pasta mixed dishes, excludes macaroni and cheese","1 cup (227g)",100,g,125,5.2,20.9,2.3,3
"Macaroni or noodles, creamed, with cheese","Macaroni and cheese","Quantity not specified (230g)",100,g,158,4.7,22,5.5,1.3
"Macaroni or noodles, creamed, with cheese and tuna","Macaroni and cheese","Quantity not specified (230g)",100,g,143,7.9,17.4,4.5,1
"Flavored pasta","Pasta mixed dishes, excludes macaroni and cheese","1 oz, dry, yields (115g)",100,g,87,2.5,14.5,2.2,0.4
"Yat Ga Mein with meat, fish, or poultry","Fried rice and lo/chow mein","Quantity not specified (205g)",100,g,134,10.4,11.2,5.6,1.5
"Macaroni or pasta salad, made with mayonnaise","Pasta mixed dishes, excludes macaroni and cheese","Quantity not specified (136g)",100,g,221,4.5,24.7,11.5,1.4
"Macaroni or pasta salad, made with light mayonnaise","Pasta mixed dishes, excludes macaroni and cheese","Quantity not specified (136g)",100,g,159,4.3,25.7,4.2,1.4
"Macaroni or pasta salad, made with mayonnaise-type salad dressing","Pasta mixed dishes, excludes macaroni and cheese","Quantity not specified (136g)",100,g,160,4.4,26.6,4,1.4
"Macaroni or pasta salad, made with light mayonnaise-type salad dressing","Pasta mixed dishes, excludes macaroni and cheese","Quantity not specified (136g)",100,g,159,4.3,25.7,4.2,1.4
"Macaroni or pasta salad, made with Italian dressing","Pasta mixed dishes, excludes macaroni and cheese","Quantity not specified (136g)",100,g,133,3.7,20.9,3.7,1.6
"Macaroni or pasta salad, made with light Italian dressing","Pasta mixed dishes, excludes macaroni and cheese","1 cup (204g)",100,g,116,3.7,20.6,2,1.6
"Macaroni or pasta salad, made with creamy dressing","Pasta mixed dishes, excludes macaroni and cheese","Quantity not specified (136g)",100,g,156,3.8,20.1,6.6,1.6
"Macaroni or pasta salad, made with light creamy dressing","Pasta mixed dishes, excludes macaroni and cheese","Quantity not specified (136g)",100,g,123,3.8,20.2,2.9,1.6
"Macaroni or pasta salad, made with any type of fat free dressing","Pasta mixed dishes, excludes macaroni and cheese","Quantity not specified (136g)",100,g,134,4.3,26.5,1.1,1.7
"Macaroni or pasta salad with egg","Pasta mixed dishes, excludes macaroni and cheese","1 cup (204g)",100,g,215,5.2,22.5,11.4,1.3
"Macaroni or pasta salad with tuna","Pasta mixed dishes, excludes macaroni and cheese","1 cup (204g)",100,g,200,6.7,20.9,9.9,1.2
"Macaroni or pasta salad with crab meat","Pasta mixed dishes, excludes macaroni and cheese","1 cup (204g)",100,g,201,6.5,20.9,9.9,1.2
"Macaroni or pasta salad with shrimp","Pasta mixed dishes, excludes macaroni and cheese","Quantity not specified (136g)",100,g,203,6.9,20.9,10,1.2
"Macaroni or pasta salad with tuna and egg","Pasta mixed dishes, excludes macaroni and cheese","Quantity not specified (136g)",100,g,197,7.1,19.4,10,1.1
"Macaroni or pasta salad with chicken","Pasta mixed dishes, excludes macaroni and cheese","1 cup (204g)",100,g,213,7.8,20.9,10.8,1.2
"Macaroni or pasta salad with cheese","Pasta mixed dishes, excludes macaroni and cheese","1 cup (204g)",100,g,246,6.9,21.8,14.4,1.3
"Macaroni or pasta salad with meat","Pasta mixed dishes, excludes macaroni and cheese","Quantity not specified (136g)",100,g,211,7.7,20.8,10.6,1.2
"Noodle pudding","Pasta mixed dishes, excludes macaroni and cheese","1 cup (200g)",100,g,209,5.9,31,7.4,1.6
"Bibimbap, Korean","Rice mixed dishes","1 cup (162g)",100,g,76,5.5,8.1,2.4,1.1
"Rice, fried, meatless","Fried rice and lo/chow mein","1 cup (166g)",100,g,174,3.8,32.5,3.2,1.1
"Rice, fried, NFS","Fried rice and lo/chow mein","Quantity not specified (198g)",100,g,174,3.8,32.5,3.2,1.1
"Rice, fried, with chicken","Fried rice and lo/chow mein","1 cup (198g)",100,g,173,7.3,27.6,3.7,0.9
"Rice, fried, with pork","Fried rice and lo/chow mein","Quantity not specified (198g)",100,g,179,7.6,27.6,4.2,0.9
"Rice, fried, with beef","Fried rice and lo/chow mein","1 cup (198g)",100,g,178,7.9,27.6,4.1,0.9
"Rice, fried, with shrimp","Fried rice and lo/chow mein","1 cup (198g)",100,g,166,6.7,27.9,3,0.9
"Dukboki or Tteokbokki, Korean","Rice mixed dishes","Quantity not specified (187g)",100,g,131,4.1,19.6,4.1,0.8
"Adobo, with rice","Poultry mixed dishes","1 cup (244g)",100,g,181,17.7,8.9,7.9,0.2
"Sushi, NFS","Egg rolls, dumplings, sushi","1 piece (30g)",100,g,94,2.9,18.4,0.7,1
"Sushi roll, avocado","Egg rolls, dumplings, sushi","1 cup (150g)",100,g,93,1.8,17.7,1.5,1.4
"Sushi roll, California","Egg rolls, dumplings, sushi","1 piece (30g)",100,g,94,2.9,18.4,0.7,1
"Sushi roll, eel","Egg rolls, dumplings, sushi","1 piece (30g)",100,g,116,6,15.3,3,0.7
"Sushi roll, salmon","Egg rolls, dumplings, sushi","1 piece (30g)",100,g,103,6.9,15.3,1.3,0.7
"Sushi roll, shrimp","Egg rolls, dumplings, sushi","1 cup (150g)",100,g,100,7,15.7,0.6,0.7
"Sushi roll tuna","Egg rolls, dumplings, sushi","Quantity not specified (180g)",100,g,97,7.4,15.3,0.3,0.7
"Sushi roll, vegetable","Egg rolls, dumplings, sushi","1 cup (132g)",100,g,93,1.8,17.7,1.5,1.4
"Sushi, topped with crab","Egg rolls, dumplings, sushi","1 piece (35g)",100,g,95,3.9,18.6,0.3,0.8
"Sushi, topped with eel","Egg rolls, dumplings, sushi","1 cup (140g)",100,g,126,7.6,13.4,4.2,0.6
"Sushi, topped with salmon","Egg rolls, dumplings, sushi","Quantity not specified (210g)",100,g,107,8.9,13.4,1.7,0.6
"Sushi, topped with shrimp","Egg rolls, dumplings, sushi","1 cup (140g)",100,g,103,9.1,13.9,0.7,0.6
"Sushi, topped with tuna","Egg rolls, dumplings, sushi","1 cup (140g)",100,g,100,9.7,13.4,0.3,0.6
"Sushi, topped with egg","Egg rolls, dumplings, sushi","1 cup (150g)",100,g,119,7.3,10.3,5.2,0.4
"Seafood paella, Puerto Rican style","Rice mixed dishes","Quantity not specified (288g)",100,g,146,7.6,15.7,5.6,0.9
"Soupy rice with chicken, Puerto Rican style","Soups, broth-based","Quantity not specified (329g)",100,g,151,12.1,16.5,4,1.4
"Soupy rice mixture with chicken and potatoes, Puerto Rican style","Soups, broth-based","Quantity not specified (300g)",100,g,112,6.3,12.1,4.3,0.9
"Stewed rice, Puerto Rican style","Rice mixed dishes","1 cup (170g)",100,g,224,4,33.4,7.8,0.7
"Rice with squid, Puerto Rican style","Rice mixed dishes","1 cup (160g)",100,g,264,8.9,29.3,11.8,0.8
"Rice with vienna sausage, Puerto Rican style","Rice mixed dishes","1 cup (180g)",100,g,269,6.5,33.5,11.6,0.8
"Rice with Spanish sausage, Puerto Rican style","Rice mixed dishes","1 cup (180g)",100,g,289,8.4,32.4,13.6,0.8
"Rice with stewed beans, Puerto Rican style","Rice mixed dishes","Quantity not specified (141g)",100,g,138,3.7,23,3.2,1.5
"Congee, with meat, poultry, and/or seafood","Rice mixed dishes","Quantity not specified (255g)",100,g,58,4.3,7,1.3,0.1
"Congee, with meat, poultry, and/or seafood, and vegetables","Rice mixed dishes","1 cup (255g)",100,g,48,2.7,7.4,0.7,0.3
"Congee, with vegetables","Rice mixed dishes","1 cup (255g)",100,g,38,1.1,7.9,0.1,0.4
"Congee, with egg","Rice mixed dishes","1 cup (255g)",100,g,60,3.1,6.9,2.1,0.1
"Biryani with vegetables","Rice mixed dishes","Quantity not specified (215g)",100,g,109,1.9,17.9,3.2,1.2
"Beans and rice, from fast food / restaurant","Bean, pea, legume dishes","Quantity not specified (170g)",100,g,185,6.3,24.4,7,3.6
"Kidney beans and rice, from fast food / restaurant","Bean, pea, legume dishes","Quantity not specified (170g)",100,g,179,5.7,23.2,7.1,4.2
"Black beans and rice, from fast food / restaurant","Bean, pea, legume dishes","1 cup (170g)",100,g,182,5.8,23.7,7.1,4.9
"Pinto beans and rice, from fast food / restaurant","Bean, pea, legume dishes","1 cup (170g)",100,g,188,5.9,25,7.2,5
"Beans and white rice","Bean, pea, legume dishes","Quantity not specified (170g)",100,g,164,6.5,25.2,4.2,3.7
"Beans and rice, with tomatoes","Bean, pea, legume dishes","Quantity not specified (170g)",100,g,137,4.7,21.9,3.5,3.8
"Beans and rice, with meat","Bean, pea, legume dishes","Quantity not specified (170g)",100,g,162,7.5,23.5,4.2,4.4
"Kidney beans and white rice","Bean, pea, legume dishes","1 cup (170g)",100,g,158,5.9,23.9,4.3,4.3
"Black beans and white rice","Bean, pea, legume dishes","Quantity not specified (170g)",100,g,160,6,24.4,4.3,5
"Pinto beans and white rice","Bean, pea, legume dishes","Quantity not specified (170g)",100,g,167,6.1,25.8,4.4,5.2
"Rice, white, with corn, NS as to fat","Rice mixed dishes","Quantity not specified (121g)",100,g,134,2.6,25.2,2.5,0.9
"Rice, white, with corn, no added fat","Rice mixed dishes","Quantity not specified (121g)",100,g,117,2.6,25.8,0.4,0.9
"Rice, white, with corn, fat added","Rice mixed dishes","Quantity not specified (121g)",100,g,134,2.6,25.2,2.5,0.9
"Rice, white, with peas, NS as to fat","Rice mixed dishes","1 cup (160g)",100,g,133,3.2,24,2.4,1.4
"Rice, white, with peas, no added fat","Rice mixed dishes","Quantity not specified (120g)",100,g,116,3.3,24.6,0.3,1.4
"Rice, white, with peas, fat added","Rice mixed dishes","Quantity not specified (120g)",100,g,133,3.2,24,2.4,1.4
"Rice, white, with carrots, NS as to fat","Rice mixed dishes","Quantity not specified (120g)",100,g,123,2.2,22.6,2.4,1
"Rice, white, with carrots, no added fat","Rice mixed dishes","1 cup (160g)",100,g,106,2.2,23.1,0.3,1
"Rice, white, with carrots, fat added","Rice mixed dishes","Quantity not specified (120g)",100,g,123,2.2,22.6,2.4,1
"Rice, white, with peas and carrots, NS as to fat","Rice mixed dishes","1 cup (160g)",100,g,128,2.7,23.3,2.5,1.2
"Rice, white, with peas and carrots, no added fat","Rice mixed dishes","1 cup (160g)",100,g,111,2.8,23.8,0.3,1.3
"Rice, white, with peas and carrots, fat added","Rice mixed dishes","1 cup (160g)",100,g,128,2.7,23.3,2.5,1.2
"Rice, white, with tomatoes and/or tomato-based sauce, NS as to fat","Rice mixed dishes","Quantity not specified (157g)",100,g,107,2,19.4,2.2,0.9
"Rice, white, with tomatoes and/or tomato-based sauce, no added fat","Rice mixed dishes","Quantity not specified (154g)",100,g,91,2,19.8,0.3,0.9
"Rice, white, with tomatoes and/or tomato-based sauce, fat added","Rice mixed dishes","Quantity not specified (157g)",100,g,107,2,19.4,2.2,0.9
"Rice, white, with dark green vegetables, NS as to fat","Rice mixed dishes","1 cup (172g)",100,g,125,2.6,22.2,2.5,0.9
"Rice, white, with dark green vegetables, no added fat","Rice mixed dishes","1 cup (172g)",100,g,107,2.7,22.7,0.3,0.9
"Rice, white, with dark green vegetables, fat added","Rice mixed dishes","Quantity not specified (129g)",100,g,125,2.6,22.2,2.5,0.9
"Rice, white, with carrots and tomatoes and/or tomato-based sauce, NS as to fat","Rice mixed dishes","1 cup (172g)",100,g,114,2.1,20.9,2.3,0.9
"Rice, white, with carrots and tomatoes and/or tomato-based sauce, no added fat","Rice mixed dishes","1 cup (172g)",100,g,98,2.1,21.3,0.3,1
"Rice, white, with carrots and tomatoes and/or tomato-based sauce, fat added","Rice mixed dishes","Quantity not specified (129g)",100,g,114,2.1,20.9,2.3,0.9
"Rice, white, with dark green vegetables and tomatoes and/or tomato-based sauce, NS as to fat","Rice mixed dishes","1 cup (172g)",100,g,115,2.3,20.8,2.3,0.9
"Rice, white, with dark green vegetables and tomatoes and/or tomato-based sauce, no added fat","Rice mixed dishes","1 cup (172g)",100,g,99,2.3,21.2,0.3,0.9
"Rice, white, with dark green vegetables and tomatoes and/or tomato-based sauce, fat added","Rice mixed dishes","Quantity not specified (129g)",100,g,115,2.3,20.8,2.3,0.9
"Rice, white, with carrots and dark green vegetables, NS as to fat","Rice mixed dishes","Quantity not specified (129g)",100,g,124,2.4,22.5,2.4,0.9
"Rice, white, with carrots and dark green vegetables, no added fat","Rice mixed dishes","1 cup (172g)",100,g,107,2.4,23,0.3,1
"Rice, white, with carrots and dark green vegetables, fat added","Rice mixed dishes","Quantity not specified (129g)",100,g,124,2.4,22.5,2.4,0.9
"Rice, white, with carrots, dark green vegetables, and tomatoes and/or tomato-based sauce, NS as to fat","Rice mixed dishes","1 cup (172g)",100,g,115,2.3,20.8,2.3,1
"Rice, white, with carrots, dark green vegetables, and tomatoes and/or tomato-based sauce, no added fat","Rice mixed dishes","1 cup (172g)",100,g,101,2.3,21.8,0.3,0.9
"Rice, white, with carrots, dark green vegetables, and tomatoes and/or tomato-based sauce, fat added","Rice mixed dishes","1 cup (172g)",100,g,118,2.3,21.4,2.4,0.9
"Rice, white, with other vegetables, NS as to fat","Rice mixed dishes","Quantity not specified (129g)",100,g,124,2.3,22.7,2.4,0.8
"Rice, white, with other vegetables, no added fat","Rice mixed dishes","1 cup (172g)",100,g,107,2.4,23.2,0.3,0.7
"Rice, white, with other vegetables, fat added","Rice mixed dishes","1 cup (172g)",100,g,124,2.3,22.7,2.4,0.8
"Rice, white, with lentils, NS as to fat","Rice mixed dishes","1 cup (207g)",100,g,150,5.5,21.4,4.8,4.1
"Rice, white, with lentils, fat added","Rice mixed dishes","1 cup (207g)",100,g,150,5.5,21.4,4.8,4.1
"Rice, white, with lentils, no added fat","Rice mixed dishes","Quantity not specified (148g)",100,g,115,5.8,22.4,0.3,4.3
"Rice, cooked with coconut milk","Rice mixed dishes","Quantity not specified (150g)",100,g,267,3.6,26.6,17.2,1.9
"Beans and brown rice","Bean, pea, legume dishes","1 cup (170g)",100,g,162,6.4,24.3,4.5,3.9
"Kidney beans and brown rice","Bean, pea, legume dishes","1 cup (170g)",100,g,155,5.8,23,4.6,4.5
"Black beans and brown rice","Bean, pea, legume dishes","1 cup (170g)",100,g,158,5.9,23.5,4.7,5.3
"Pinto beans and brown rice","Bean, pea, legume dishes","1 cup (170g)",100,g,164,6,24.9,4.7,5.4
"Rice, brown, with corn, NS as to fat","Rice mixed dishes","1 cup (191g)",100,g,128,2.6,23.7,2.7,1.7
"Rice, brown, with corn, no added fat","Rice mixed dishes","1 cup (188g)",100,g,113,2.7,24.1,0.9,1.8
"Rice, brown, with corn, fat added","Rice mixed dishes","1 cup (191g)",100,g,128,2.6,23.7,2.7,1.7
"Rice, brown, with peas, NS as to fat","Rice mixed dishes","1 cup (190g)",100,g,127,3.2,22.6,2.6,2.2
"Rice, brown, with peas, no added fat","Rice mixed dishes","1 cup (187g)",100,g,113,3.2,23.1,0.8,2.2
"Rice, brown, with peas, fat added","Rice mixed dishes","1 cup (190g)",100,g,127,3.2,22.6,2.6,2.2
"Rice, brown, with carrots, NS as to fat","Rice mixed dishes","Quantity not specified (142g)",100,g,119,2.3,21.4,2.6,1.9
"Rice, brown, with carrots, no added fat","Rice mixed dishes","Quantity not specified (140g)",100,g,104,2.3,21.8,0.8,1.9
"Rice, brown, with carrots, fat added","Rice mixed dishes","Quantity not specified (142g)",100,g,119,2.3,21.4,2.6,1.9
"Rice, brown, with peas and carrots, NS as to fat","Rice mixed dishes","Quantity not specified (142g)",100,g,123,2.7,22,2.7,2
"Rice, brown, with peas and carrots, no added fat","Rice mixed dishes","Quantity not specified (140g)",100,g,109,2.8,22.4,0.8,2.1
"Rice, brown, with peas and carrots, fat added","Rice mixed dishes","Quantity not specified (142g)",100,g,123,2.7,22,2.7,2
"Rice, brown, with tomatoes and/or tomato based sauce, NS as to fat","Rice mixed dishes","Quantity not specified (182g)",100,g,105,2.1,18.8,2.4,1.7
"Rice, brown, with tomatoes and/or tomato based sauce, no added fat","Rice mixed dishes","1 cup (243g)",100,g,92,2.2,19.1,0.8,1.7
"Rice, brown, with tomatoes and/or tomato based sauce, fat added","Rice mixed dishes","Quantity not specified (182g)",100,g,105,2.1,18.8,2.4,1.7
"Rice, brown, with dark green vegetables, NS as to fat","Rice mixed dishes","Quantity not specified (142g)",100,g,120,2.7,21.1,2.7,1.7
"Rice, brown, with dark green vegetables, no added fat","Rice mixed dishes","Quantity not specified (140g)",100,g,105,2.7,21.5,0.8,1.8
"Rice, brown, with dark green vegetables, fat added","Rice mixed dishes","Quantity not specified (142g)",100,g,120,2.7,21.1,2.7,1.7
"Rice, brown, with carrots and tomatoes and/or tomato-based sauce, NS as to fat","Rice mixed dishes","Quantity not specified (172g)",100,g,111,2.2,20,2.5,1.7
"Rice, brown, with carrots and tomatoes and/or tomato-based sauce, no added fat","Rice mixed dishes","1 cup (225g)",100,g,97,2.2,20.4,0.8,1.8
"Rice, brown, with carrots and tomatoes and/or tomato-based sauce, fat added","Rice mixed dishes","Quantity not specified (172g)",100,g,111,2.2,20,2.5,1.7
"Rice, brown, with dark green vegetables and tomatoes and/or tomato-based sauce, NS as to fat","Rice mixed dishes","1 cup (229g)",100,g,112,2.4,19.9,2.5,1.7
"Rice, brown, with dark green vegetables and tomatoes and/or tomato-based sauce, no added fat","Rice mixed dishes","1 cup (229g)",100,g,98,2.4,20.3,0.8,1.7
"Rice, brown, with dark green vegetables and tomatoes and/or tomato-based sauce, fat added","Rice mixed dishes","1 cup (229g)",100,g,110,2.4,19.4,2.5,1.7
"Rice, brown, with carrots and dark green vegetables, NS as to fat","Rice mixed dishes","Quantity not specified (142g)",100,g,120,2.5,21.3,2.7,1.8
"Rice, brown, with carrots and dark green vegetables, no added fat","Rice mixed dishes","Quantity not specified (140g)",100,g,105,2.5,21.7,0.8,1.8
"Rice, brown, with carrots and dark green vegetables, fat added","Rice mixed dishes","1 cup (189g)",100,g,120,2.5,21.3,2.7,1.8
"Grape leaves stuffed with rice","Rice mixed dishes","Quantity not specified (56g)",100,g,168,2.3,13.9,12,3.1
"Rice, brown, with carrots, dark green vegetables, and tomatoes and/or tomato-based sauce, NS as to fat","Rice mixed dishes","Quantity not specified (168g)",100,g,114,2.4,20.4,2.6,1.7
"Rice, brown, with carrots, dark green vegetables, and tomatoes and/or tomato-based sauce, no added fat","Rice mixed dishes","Quantity not specified (165g)",100,g,100,2.4,20.8,0.8,1.8
"Rice, brown, with carrots, dark green vegetables, and tomatoes and/or tomato-based sauce, fat added","Rice mixed dishes","Quantity not specified (140g)",100,g,114,2.4,20.4,2.6,1.7
"Rice, brown, with other vegetables, NS as to fat","Rice mixed dishes","Quantity not specified (142g)",100,g,119,2.4,21.5,2.6,1.6
"Rice, brown, with other vegetables, no added fat","Rice mixed dishes","Quantity not specified (140g)",100,g,105,2.5,21.9,0.8,1.6
"Rice, brown, with other vegetables, fat added","Rice mixed dishes","Quantity not specified (142g)",100,g,119,2.4,21.5,2.6,1.6
"Rice croquette","Rice mixed dishes","Quantity not specified (62g)",100,g,154,3.4,20.1,6.6,0.9
"Stuffed pepper, with meat","Vegetable dishes","1 cup (198g)",100,g,198,9.2,4.2,15.9,0.7
"Stuffed pepper, with rice and meat","Vegetable dishes","Quantity not specified (99g)",100,g,178,7.8,9.9,11.7,0.7
"Stuffed pepper, with rice, meatless","Vegetable dishes","1 cup (198g)",100,g,166,3.8,12,11.3,0.7
"Stuffed tomato, with rice and meat","Vegetable dishes","Quantity not specified (99g)",100,g,99,4.8,9.9,4.5,1
"Stuffed tomato, with rice, meatless","Vegetable dishes","1 cup (198g)",100,g,77,1.6,13.1,2.2,1.1
"Rice pilaf","Rice mixed dishes","1 cup (206g)",100,g,137,3.3,24.1,3,0.4
"Dirty rice","Rice mixed dishes","1 cup (198g)",100,g,112,5.1,17.3,2.3,0.6
"Flavored rice mixture","Rice mixed dishes","Quantity not specified (164g)",100,g,127,1.9,19.8,4.3,0.4
"Flavored rice mixture with cheese","Rice mixed dishes","Quantity not specified (173g)",100,g,124,3,25.2,1.2,0.6
"Flavored rice, brown and wild","Rice mixed dishes","1 cup (217g)",100,g,106,2.7,19.3,2.2,1.1
"Flavored rice and pasta mixture","Rice mixed dishes","1 cup, NFS (196g)",100,g,118,2.7,19.1,3.5,0.3
"Flavored rice and pasta mixture, reduced sodium","Rice mixed dishes","Quantity not specified (147g)",100,g,111,2.6,17.3,3.4,0.6
"Spanish rice, from restaurant","Rice mixed dishes","Quantity not specified (182g)",100,g,185,3.3,31.2,5.3,1.2
"Spanish rice, fat added","Rice mixed dishes","Quantity not specified (182g)",100,g,115,2.9,19.7,2.6,1.1
"Spanish rice, no added fat","Rice mixed dishes","1 cup (243g)",100,g,101,2.9,19.9,1,1.1
"Spanish rice, NS as to fat","Rice mixed dishes","1 cup (243g)",100,g,115,2.9,19.6,2.6,1.1
"Spanish rice with ground beef","Rice mixed dishes","Quantity not specified (173g)",100,g,163,9.7,14.8,6.9,0.8
"Rice dressing","Rice mixed dishes","1 cup (167g)",100,g,110,2,17.6,3.3,0.6
"Rice with raisins","Rice mixed dishes","Quantity not specified (139g)",100,g,162,2.7,32.1,2.6,0.8
"Rice dessert or salad with fruit","Rice mixed dishes","1 cup (155g)",100,g,154,1.4,20.8,7.3,0.6
"Rice, white, with cheese and/or cream based sauce, NS as to fat","Rice mixed dishes","1 cup (204g)",100,g,166,5.2,20,7,0.3
"Rice, white, with cheese and/or cream based sauce, no added fat","Rice mixed dishes","Quantity not specified (153g)",100,g,152,5.3,20.4,5.2,0.3
"Rice, white, with cheese and/or cream based sauce, fat added","Rice mixed dishes","Quantity not specified (153g)",100,g,166,5.2,20,7,0.3
"Rice, white, with gravy, NS as to fat","Rice mixed dishes","1 cup (237g)",100,g,117,2,20,3,0.3
"Rice, white, with gravy, no added fat","Rice mixed dishes","1 cup (237g)",100,g,102,2,20.4,1.1,0.3
"Rice, white, with gravy, fat added","Rice mixed dishes","1 cup (237g)",100,g,117,2,20,3,0.3
"Rice, white, with soy-based sauce, NS as to fat","Fried rice and lo/chow mein","1 cup (237g)",100,g,117,2,21.5,2.2,0.3
"Rice, white, with soy-based sauce, no added fat","Fried rice and lo/chow mein","1 cup (237g)",100,g,101,2.1,21.9,0.3,0.3
"Rice, white, with soy-based sauce, fat added","Fried rice and lo/chow mein","1 cup (237g)",100,g,117,2,21.5,2.2,0.3
"Rice, brown, with cheese and/or cream based sauce, NS as to fat","Rice mixed dishes","1 cup (282g)",100,g,157,4.9,19.3,6.6,1.1
"Rice, brown, with cheese and/or cream based sauce, no added fat","Rice mixed dishes","1 cup (277g)",100,g,144,5,19.6,5,1.2
"Rice, brown, with cheese and/or cream based sauce, fat added","Rice mixed dishes","1 cup (282g)",100,g,157,4.9,19.3,6.6,1.1
"Rice, brown, with gravy, NS as to fat","Rice mixed dishes","Quantity not specified (178g)",100,g,114,2.1,19.3,3.1,1.1
"Rice, brown, with gravy, no added fat","Rice mixed dishes","Quantity not specified (178g)",100,g,101,2.1,19.6,1.4,1.2
"Rice, brown, with gravy, fat added","Rice mixed dishes","1 cup (237g)",100,g,114,2.1,19.3,3.1,1.1
"Rice, brown, with soy-based sauce, NS as to fat","Fried rice and lo/chow mein","Quantity not specified (237g)",100,g,114,2.1,20.6,2.4,1.1
"Rice, brown, with soy-based sauce, no added fat","Fried rice and lo/chow mein","1 cup (237g)",100,g,100,2.2,20.9,0.8,1.2
"Rice, brown, with soy-based sauce, fat added","Fried rice and lo/chow mein","1 cup (237g)",100,g,114,2.1,20.6,2.4,1.1
"Rice, white, with vegetables, cheese and/or cream based sauce, NS as to fat","Rice mixed dishes","1 cup (261g)",100,g,146,4.7,18.6,5.7,1.1
"Rice, white, with vegetables, cheese and/or cream based sauce, no added fat","Rice mixed dishes","Quantity not specified (194g)",100,g,134,4.8,18.9,4.2,1.1
"Rice, white, with vegetables, cheese and/or cream based sauce, fat added","Rice mixed dishes","Quantity not specified (196g)",100,g,146,4.7,18.6,5.7,1.1
"Rice, white, with vegetables and gravy, NS as to fat","Rice mixed dishes","Quantity not specified (195g)",100,g,107,2.2,18.6,2.4,1.1
"Rice, white, with vegetables and gravy, no added fat","Rice mixed dishes","1 cup (256g)",100,g,95,2.2,18.9,0.9,1.1
"Rice, white, with vegetables and gravy, fat added","Rice mixed dishes","Quantity not specified (195g)",100,g,107,2.2,18.6,2.4,1.1
"Rice, white, with vegetables, soy-based sauce, NS as to fat","Fried rice and lo/chow mein","1 cup (258g)",100,g,106,2.2,19.8,1.8,1.1
"Rice, white, with vegetables, soy-based sauce, no added fat","Fried rice and lo/chow mein","1 cup (255g)",100,g,94,2.2,20.1,0.3,1.1
"Rice, white, with vegetables, soy-based sauce, fat added","Fried rice and lo/chow mein","1 cup (258g)",100,g,106,2.2,19.8,1.8,1.1
"Rice, brown, with vegetables, cheese and/or cream based sauce, NS as to fat","Rice mixed dishes","Quantity not specified (220g)",100,g,140,4.5,18.2,5.5,1.7
"Rice, brown, with vegetables, cheese and/or cream based sauce, no added fat","Rice mixed dishes","1 cup (289g)",100,g,130,4.6,18.4,4.2,1.7
"Rice, brown, with vegetables, cheese and/or cream based sauce, fat added","Rice mixed dishes","Quantity not specified (220g)",100,g,140,4.5,18.2,5.5,1.7
"Rice, brown, with vegetables and gravy, NS as to fat","Rice mixed dishes","Quantity not specified (219g)",100,g,105,2.2,18.2,2.6,1.7
"Rice, brown, with vegetables and gravy, no added fat","Rice mixed dishes","Quantity not specified (216g)",100,g,94,2.3,18.4,1.2,1.7
"Rice, brown, with vegetables and gravy, fat added","Rice mixed dishes","1 cup (292g)",100,g,105,2.2,18.2,2.6,1.7
"Rice, brown, with vegetables, soy-based sauce, NS as to fat","Fried rice and lo/chow mein","1 cup (290g)",100,g,105,2.3,19.2,2,1.7
"Rice, brown, with vegetables, soy-based sauce, no added fat","Fried rice and lo/chow mein","Quantity not specified (286g)",100,g,94,2.3,19.5,0.7,1.7
"Rice, brown, with vegetables, soy-based sauce, fat added","Fried rice and lo/chow mein","1 cup (290g)",100,g,105,2.3,19.2,2,1.7
"Upma","Grits and other cooked cereals","Quantity not specified (170g)",100,g,87,2,13.8,2.6,1.3
"Dosa, with filling","Pancakes, waffles, French toast","1 large (523g)",100,g,184,5.5,30.8,4.3,2.2
"Vada","Turnovers and other grain-based items","Quantity not specified (60g)",100,g,266,12.8,33.3,9.7,5.8
"Tabbouleh","Turnovers and other grain-based items","1 cup (160g)",100,g,127,1.6,9.7,9.7,1.8
"Vegetable sandwich on white","Vegetable sandwiches/burgers","1 regular (165g)",100,g,120,3.9,21.5,2.1,1.6
"Vegetable sandwich on white, with cheese","Vegetable sandwiches/burgers","1 large (280g)",100,g,147,5.8,19.7,5.1,1.4
"Vegetable sandwich on wheat","Vegetable sandwiches/burgers","Quantity not specified (165g)",100,g,119,4.7,20.1,2.3,2.7
"Vegetable sandwich on wheat, with cheese","Vegetable sandwiches/burgers","1 regular (185g)",100,g,146,6.5,18.4,5.2,2.4
"Vegetable sandwich wrap","Vegetable sandwiches/burgers","1 sandwich, any size (165g)",100,g,160,5.4,19.7,6.6,1.8
"Jelly sandwich, NFS","Peanut butter and jelly sandwiches","1 sandwich (1 slice bread) (50g)",100,g,267,5.7,57.5,2.2,1.8
"Jelly sandwich, on white bread","Peanut butter and jelly sandwiches","1 sandwich (100g)",100,g,267,5.7,57.5,2.2,1.8
"Jelly sandwich, on wheat bread","Peanut butter and jelly sandwiches","1 sandwich (100g)",100,g,265,6.9,55.2,2.4,3.6
"Noodles with vegetables in tomato-based sauce, diet frozen meal","Pasta mixed dishes, excludes macaroni and cheese","Quantity not specified (284g)",100,g,70,3.6,10.8,1.6,1.7
"Spaghetti and meatballs dinner, NFS, frozen meal","Pasta mixed dishes, excludes macaroni and cheese","1 meal (12.5 oz) (354g)",100,g,113,5.6,15.1,3.4,1.5
"Spaghetti with meat sauce, diet frozen meal","Pasta mixed dishes, excludes macaroni and cheese","1 meal (10.5 oz) (298g)",100,g,113,5.6,15.1,3.4,1.5
"Pancakes and sausage, frozen meal","Meat mixed dishes","1 Jimmy Dean Flapstick (70g)",100,g,272,9,27.9,13.9,0.6
"Soup, NFS","Soups, broth-based","Quantity not specified (245g)",100,g,49,3.5,6.1,1.3,1.8
"Soup, noodle, NFS","Soups, broth-based","Quantity not specified (245g)",100,g,90,5.5,10.1,3,0.8
"Soup, rice","Soups, broth-based","1 cup (245g)",100,g,51,3.5,6.8,1.2,0.5
"Soup, barley","Soups, broth-based","1 can (525g)",100,g,58,3.3,6.7,2.1,1.1
"Soup, chicken noodle, canned","Soups, broth-based","1 individual container (440g)",100,g,42,2.4,6,1,0.8
"Soup, chicken noodle","Soups, broth-based","1 cup (245g)",100,g,53,3.8,6.2,1.4,0.7
"Soup, chicken, canned, reduced sodium","Soups, broth-based","1 cup (245g)",100,g,34,2,4.9,0.7,0.9
"Soup, Matzo ball","Soups, broth-based","Quantity not specified (245g)",100,g,73,3.1,10.7,2,0.9
"Soup, ramen noodles, water added","Ramen and Asian broth-based soups","1 oz, dry, yields (165g)",100,g,66,1.5,9,2.6,0.4
"Ramen bowl, NFS","Ramen and Asian broth-based soups","Quantity not specified (245g)",100,g,127,7.1,14,4.6,0.9
"Ramen bowl with beef","Ramen and Asian broth-based soups","1 cup (245g)",100,g,137,6.8,15.4,5.2,1
"Ramen bowl with chicken","Ramen and Asian broth-based soups","1 cup (245g)",100,g,126,7,15.4,3.9,1
"Ramen bowl with fish","Ramen and Asian broth-based soups","Quantity not specified (245g)",100,g,112,5.8,15.4,2.9,1
"Ramen bowl, vegetarian","Ramen and Asian broth-based soups","1 cup (245g)",100,g,108,4,15.6,3.3,1.1
"Ramen bowl with meat and egg","Ramen and Asian broth-based soups","1 cup (245g)",100,g,127,7.1,14,4.6,0.9
"Ramen bowl, vegetarian with egg","Ramen and Asian broth-based soups","Quantity not specified (245g)",100,g,112,4.9,14.1,4,1
"Soup, wonton","Ramen and Asian broth-based soups","Quantity not specified (245g)",100,g,33,2.4,3,1.3,0.3
"Soup, sopa de fideo aguada","Soups, broth-based","1 cup (245g)",100,g,95,2.5,13.7,3.3,1.1
"Soup, tortilla","Soups, broth-based","1 can (525g)",100,g,102,4.2,12.6,4.2,1.3
"Meat substitute, cereal- and vegetable protein-based, fried","Soy and meat-alternative products","1 cup, cubes (146g)",100,g,359,12.8,61.3,7.2,8.9
"Clementine, raw","Citrus fruits","Quantity not specified (85g)",100,g,53,0.8,13.3,0.3,1.8
"Grapefruit, raw","Citrus fruits","Quantity not specified (154g)",100,g,42,0.8,10.7,0.1,1.6
"Grapefruit, canned","Citrus fruits","1 section/slice (25g)",100,g,36,0.6,9.2,0.1,0.4
"Kumquat, raw","Citrus fruits","Quantity not specified (19g)",100,g,71,1.9,15.9,0.9,6.5
"Lemon, raw","Citrus fruits","1 slice or wedge (8g)",100,g,29,1.1,9.3,0.3,2.8
"Lemon pie filling","Jams, syrups, toppings","Quantity not specified (130g)",100,g,354,4.7,68.9,6.9,0.4
"Lime, raw","Citrus fruits","1 fruit (65g)",100,g,30,0.7,10.5,0.2,2.8
"Orange, raw","Citrus fruits","1 fruit (154g)",100,g,50,0.9,11.8,0.1,2.2
"Orange, canned, NFS","Citrus fruits","Quantity not specified (125g)",100,g,46,0.6,11.8,0,0.7
"Orange, canned, juice pack","Citrus fruits","1 section/slice (8g)",100,g,37,0.6,9.6,0,0.7
"Orange, canned, in syrup","Citrus fruits","1 section/slice (8g)",100,g,55,0.6,14.1,0,0.7
"Tangerine, raw","Citrus fruits","Quantity not specified (109g)",100,g,53,0.8,13.3,0.3,1.8
"Grapefruit juice, 100%, freshly squeezed","Citrus juice","Juice of 1 grapefruit (196g)",100,g,39,0.5,9.2,0.1,0.1
"Grapefruit juice, 100%, NS as to form","Citrus juice","1 fl oz (no ice) (31g)",100,g,40,0.6,8.4,0.5,0.2
"Grapefruit juice, 100%, canned, bottled or in a carton","Citrus juice","1 fl oz (with ice) (23g)",100,g,40,0.6,8.4,0.5,0.2
"Grapefruit juice, 100%, with calcium added","Citrus juice","1 fl oz (NFS) (31g)",100,g,39,0.5,7.7,0.7,0.3
"Lemon juice, 100%, NS as to form","Mustard and other condiments","Quantity not specified (8g)",100,g,22,0.4,6.9,0.2,0.3
"Lemon juice, 100%, freshly squeezed","Mustard and other condiments","Juice of 1 lemon (2-1/8"" dia) (47g)",100,g,22,0.4,6.9,0.2,0.3
"Lemon juice, 100%, canned or bottled","Mustard and other condiments","1 fl oz (NFS) (31g)",100,g,17,0.5,5.6,0.1,0.7
"Lime juice, 100%, NS as to form","Mustard and other condiments","1 fl oz (no ice) (31g)",100,g,25,0.4,8.4,0.1,0.4
"Lime juice, 100%, freshly squeezed","Mustard and other condiments","1 drop (0.1g)",100,g,25,0.4,8.4,0.1,0.4
"Lime juice, 100%, canned or bottled","Mustard and other condiments","Guideline amount per fl oz of beverage (0.9g)",100,g,21,0.3,6.7,0.2,0.4
"Orange juice, 100%, NFS","Citrus juice","1 individual school container (124g)",100,g,47,0.8,10.2,0.3,0.3
"Orange juice, 100%, freshly squeezed","Citrus juice","1 fl oz (no ice) (31g)",100,g,47,0.8,10,0.4,0.3
"Orange juice, 100%, canned, bottled or in a carton","Citrus juice","1 bottle (10 fl oz) (310g)",100,g,47,0.8,10.2,0.3,0.3
"Orange juice, 100%, with calcium added, canned, bottled or in a carton","Citrus juice","1 bottle (8 fl oz) (248g)",100,g,47,0.8,10.2,0.3,0.3
"Orange juice, 100%, frozen, reconstituted","Citrus juice","1 fl oz (with ice) (23g)",100,g,42,0.7,10,0.1,0.3
"Orange juice, 100%, frozen, not reconstituted","Citrus juice","1 fl oz (36g)",100,g,148,2.4,35.2,0.3,1
"Orange juice, 100%, with calcium added, frozen, reconstituted","Citrus juice","1 fl oz (no ice) (31g)",100,g,42,0.7,9.7,0.1,0.3
"Tangerine juice, 100%","Citrus juice","Quantity not specified (248g)",100,g,43,0.5,10.1,0.2,0.2
"Fruit juice blend, citrus, 100% juice","Other fruit juice","1 Capri Sun pouch (186g)",100,g,47,0.8,10.2,0.3,0.3
"Dried, fruit, NFS","Dried fruits","Quantity not specified (40g)",100,g,298,2.3,78.6,0.6,4.8
"Apple, dried","Dried fruits","Quantity not specified (40g)",100,g,243,0.9,65.9,0.3,8.7
"Apricot, dried","Dried fruits","1 cup (160g)",100,g,241,3.4,62.6,0.5,7.3
"Blueberries, dried","Dried fruits","1 berry (0.5g)",100,g,317,2.5,80,2.5,7.5
"Cherries, dried","Dried fruits","Quantity not specified (40g)",100,g,333,1.3,80.5,0.7,2.5
"Banana chips","Dried fruits","Quantity not specified (40g)",100,g,519,2.3,58.4,33.6,7.7
"Currants, dried","Dried fruits","1 cup (160g)",100,g,290,3.4,77,0.2,4.4
"Cranberries, dried","Dried fruits","Quantity not specified (40g)",100,g,308,0.2,82.8,1.1,5.3
"Date","Dried fruits","1 cup (160g)",100,g,282,2.5,75,0.4,8
"Fig, dried","Dried fruits","1 fig (8g)",100,g,277,3.3,63.9,0.9,9.8
"Mango, dried","Dried fruits","1 cup (160g)",100,g,319,2.5,78.6,1.2,2.4
"Papaya, dried","Dried fruits","1 slice/chunk (8g)",100,g,302,1.3,75.4,0.8,4.5
"Peach, dried","Dried fruits","Quantity not specified (40g)",100,g,239,3.6,61.3,0.8,8.2
"Pear, dried","Dried fruits","1 cup (160g)",100,g,262,1.9,69.7,0.6,7.5
"Persimmon, dried","Dried fruits","1 cup (160g)",100,g,374,1.5,96.1,0.7,9.6
"Pineapple, dried","Dried fruits","1 cup (160g)",100,g,347,1.2,84.1,0.7,2.4
"Prune, dried","Dried fruits","1 cup (160g)",100,g,240,2.2,63.9,0.4,7.1
"Raisins","Dried fruits","1 miniature box (.5 oz) (14g)",100,g,299,3.3,79.3,0.3,4.5
"Fruit, NFS","Other fruits and fruit salads","1 cup (150g)",100,g,68,0.7,16.2,0.2,1.8
"Fruit, pickled","Other fruits and fruit salads","1 cup (240g)",100,g,63,0.6,15.3,0.2,1.4
"Apple, raw","Apples","1 medium (200g)",100,g,61,0.2,14.8,0.2,2.1
"Applesauce, regular","Apples","1 cup (250g)",100,g,75,0.3,18,0.2,1
"Applesauce, unsweetened","Apples","Quantity not specified (120g)",100,g,52,0.3,12.3,0.2,1.1
"Applesauce, flavored","Apples","1 pouch (90g)",100,g,75,0.3,18,0.2,1
"Apple pie filling","Apples","1 cup (260g)",100,g,100,0.1,26.1,0.1,1
"Apple, baked","Apples","Quantity not specified (210g)",100,g,113,0.3,22.7,3.1,2.5
"Apricot, raw","Other fruits and fruit salads","1 slice/chunk (10g)",100,g,48,1.4,11.1,0.4,2
"Apricot, canned","Other fruits and fruit salads","1 half (18g)",100,g,57,0.7,13.9,0.2,1.5
"Avocado, raw","Other vegetables and combinations","1 fruit (150g)",100,g,160,2,8.5,14.7,6.7
"Banana, raw","Bananas","Quantity not specified (126g)",100,g,97,0.7,22.7,0.3,1.7
"Banana, baked","Bananas","1 banana (140g)",100,g,161,0.8,32.4,3.2,1.8
"Cantaloupe, raw","Melons","1 small wedge/slice (35g)",100,g,38,0.8,8.2,0.2,0.8
"Melon, frozen","Melons","1 cup (150g)",100,g,35,0.7,8.3,0.2,0.7
"Starfruit, raw","Other fruits and fruit salads","Quantity not specified (50g)",100,g,31,1,6.7,0.3,2.8
"Cherries, maraschino","Other fruits and fruit salads","Quantity not specified (5g)",100,g,165,0.2,42,0.2,3.2
"Cherry pie filling","Jams, syrups, toppings","Quantity not specified (130g)",100,g,122,0.6,28.6,0.9,0.9
"Cherries, raw","Other fruits and fruit salads","Quantity not specified (75g)",100,g,71,1,16.2,0.2,2.1
"Cherries, canned","Other fruits and fruit salads","Quantity not specified (125g)",100,g,74,0.7,18.8,0.1,1.4
"Cherries, frozen","Other fruits and fruit salads","1 cup (150g)",100,g,71,1,16.2,0.2,2.1
"Dragon fruit","Other fruits and fruit salads","1 fruit (75g)",100,g,68,0.7,16.2,0.2,1.8
"Fig, raw","Other fruits and fruit salads","Quantity not specified (50g)",100,g,74,0.8,19.2,0.3,2.9
"Fig, canned","Other fruits and fruit salads","1 fig (28g)",100,g,76,0.6,19.4,0.2,2.2
"Grapes, raw","Grapes","1 cup (150g)",100,g,83,0.9,19.4,0.2,0.9
"Guava, raw","Other fruits and fruit salads","1 slice (15g)",100,g,68,2.6,14.3,1,5.4
"Kiwi fruit, raw","Other fruits and fruit salads","1 fruit (75g)",100,g,64,1.1,14,0.4,3
"Lychee","Other fruits and fruit salads","Quantity not specified (95g)",100,g,66,0.8,16.5,0.4,1.3
"Honeydew melon, raw","Melons","1 cup (155g)",100,g,36,0.5,9.1,0.1,0.8
"Mango, raw","Mango and papaya","1 slice/chunk (25g)",100,g,60,0.8,15,0.4,1.6
"Mango, canned","Mango and papaya","1 slice/chunk (25g)",100,g,65,0.6,16.2,0.3,1.2
"Mango, frozen","Mango and papaya","1 slice/chunk (25g)",100,g,60,0.8,15,0.4,1.6
"Nectarine, raw","Peaches and nectarines","1 slice/chunk (20g)",100,g,43,1.1,9.2,0.3,1.5
"Papaya, raw","Mango and papaya","1 slice/chunk (40g)",100,g,43,0.5,10.8,0.3,1.7
"Papaya, canned","Mango and papaya","Quantity not specified (125g)",100,g,52,0.4,13.1,0.2,1.3
"Passion fruit, raw","Other fruits and fruit salads","Quantity not specified (118g)",100,g,97,2.2,23.4,0.7,10.4
"Peach, raw","Peaches and nectarines","Quantity not specified (150g)",100,g,46,0.9,10.1,0.3,1.5
"Peach, canned, NFS","Peaches and nectarines","1 cup (250g)",100,g,48,0.4,11.9,0.1,1.2
"Peach, canned, in syrup","Peaches and nectarines","1 half (75g)",100,g,54,0.4,13.6,0.1,1.2
"Peach, canned, juice pack","Peaches and nectarines","Quantity not specified (120g)",100,g,41,0.5,10.3,0.1,1.2
"Peach, frozen","Peaches and nectarines","1 slice/chunk (20g)",100,g,46,0.9,10.1,0.3,1.5
"Pear, raw","Pears","1 slice/chunk (25g)",100,g,59,0.4,15.2,0.2,3.1
"Pear, Asian, raw","Pears","Quantity not specified (275g)",100,g,42,0.5,10.7,0.2,3.6
"Pear, canned, NFS","Pears","1 half (90g)",100,g,52,0.2,13.5,0.1,1.5
"Pear, canned, in syrup","Pears","1 slice/chunk (25g)",100,g,59,0.2,15.2,0.1,1.5
"Pear, canned, juice pack","Pears","Quantity not specified (120g)",100,g,45,0.2,11.8,0.1,1.5
"Persimmon, raw","Other fruits and fruit salads","1 fruit (170g)",100,g,70,0.6,18.6,0.2,3.6
"Pineapple, raw","Pineapple","1 chunk (15g)",100,g,60,0.5,14.1,0.2,0.9
"Pineapple, canned, NFS","Pineapple","1 cup (250g)",100,g,55,0.4,13.9,0.1,0.7
"Pineapple, canned, in syrup","Pineapple","1 cup (250g)",100,g,62,0.4,15.6,0.1,0.7
"Pineapple, canned, juice pack","Pineapple","1 slice/ring (56g)",100,g,48,0.4,12.2,0.1,0.8
"Pineapple, frozen","Pineapple","1 cup (150g)",100,g,60,0.5,14.1,0.2,0.9
"Plum, raw","Other fruits and fruit salads","Quantity not specified (75g)",100,g,46,0.7,11.4,0.3,1.4
"Plum, canned","Other fruits and fruit salads","1 fruit (75g)",100,g,55,0.5,13.5,0.2,1
"Pomegranate, raw","Other fruits and fruit salads","1 cup (175g)",100,g,83,1.7,18.7,1.2,4
"Rhubarb","Other fruits and fruit salads","Quantity not specified (120g)",100,g,73,0.8,17.5,0.2,1.6
"Tamarind","Other fruits and fruit salads","Quantity not specified (2g)",100,g,239,2.8,62.5,0.6,5.1
"Watermelon, raw","Melons","Quantity not specified (78g)",100,g,30,0.6,7.6,0.2,0.4
"Berries, NFS","Blueberries and other berries","Quantity not specified (75g)",100,g,44,0.7,9.9,0.3,2
"Berries, frozen","Blueberries and other berries","1 cup (150g)",100,g,52,0.8,12.5,0.3,4.1
"Blackberries, raw","Blueberries and other berries","1 blackberry (5g)",100,g,43,1.4,9.6,0.5,5.3
"Blackberries, frozen","Blueberries and other berries","1 cup (150g)",100,g,64,1.2,15.7,0.4,5
"Blueberries, raw","Blueberries and other berries","Quantity not specified (75g)",100,g,64,0.7,14.6,0.3,2.4
"Bluberries, canned","Blueberries and other berries","1 cup (250g)",100,g,88,1,22.7,0.4,2.6
"Blueberries, frozen","Blueberries and other berries","Quantity not specified (75g)",100,g,51,0.4,12.2,0.6,2.7
"Blueberry pie filling","Jams, syrups, toppings","Quantity not specified (130g)",100,g,181,0.4,44.4,0.2,2.6
"Cranberries, raw","Blueberries and other berries","1 berry (2g)",100,g,46,0.5,12,0.1,3.6
"Cranberry sauce","Blueberries and other berries","Quantity not specified (70g)",100,g,159,0.9,40.4,0.2,1.1
"Raspberries, raw","Blueberries and other berries","Quantity not specified (75g)",100,g,57,1,12.9,0.2,6.5
"Raspberries, frozen","Blueberries and other berries","1 berry (2g)",100,g,57,1,12.9,0.2,6.5
"Strawberries, raw","Strawberries","Quantity not specified (75g)",100,g,36,0.6,8,0.2,1.8
"Strawberries, canned","Strawberries","1 cup (250g)",100,g,92,0.6,23.5,0.3,1.7
"Strawberries, frozen","Strawberries","1 cup (150g)",100,g,35,0.4,9.1,0.1,2.1
"Ambrosia","Other fruits and fruit salads","1 cup (193g)",100,g,75,0.8,16.5,1,2
"Fruit salad, fresh or raw, excluding citrus fruits, no dressing","Other fruits and fruit salads","Quantity not specified (75g)",100,g,59,0.6,13.9,0.2,1.5
"Fruit salad, fresh or raw, including citrus fruits, no dressing","Other fruits and fruit salads","Quantity not specified (75g)",100,g,56,0.7,13.5,0.2,1.7
"Fruit cocktail, canned, NFS","Other fruits and fruit salads","1 snack size container (113g)",100,g,55,0.4,14.1,0.1,0.9
"Fruit cocktail, canned, in syrup","Other fruits and fruit salads","1 pouch (90g)",100,g,62,0.4,15.8,0.1,0.9
"Fruit cocktail, canned, juice pack","Other fruits and fruit salads","1 pouch (90g)",100,g,48,0.4,12.4,0.1,0.9
"Fruit mixture, frozen","Other fruits and fruit salads","Quantity not specified (75g)",100,g,48,0.7,11.3,0.2,1.4
"Apple salad with dressing","Other fruits and fruit salads","1 cup (137g)",100,g,180,1.5,12.2,14.2,2
"Apple, candied","Apples","Quantity not specified (320g)",100,g,134,1.3,29.6,2.2,1.8
"Fruit, chocolate covered","Other fruits and fruit salads","1 fruit (40g)",100,g,133,1.4,20.1,6.7,2.7
"Fruit salad, excluding citrus fruits, with salad dressing or mayonnaise","Other fruits and fruit salads","1 cup (188g)",100,g,247,1.8,13.6,20.7,1.5
"Fruit salad, excluding citrus fruits, with whipped cream","Other fruits and fruit salads","1 cup (182g)",100,g,164,2,15.3,10.6,1.6
"Fruit salad, excluding citrus fruits, with nondairy whipped topping","Other fruits and fruit salads","Quantity not specified (88g)",100,g,153,1.9,17.3,8.7,1.7
"Fruit salad, excluding citrus fruits, with marshmallows","Other fruits and fruit salads","Quantity not specified (86g)",100,g,251,1.8,17.5,19.5,1.4
"Fruit salad, including citrus fruits, with pudding","Other fruits and fruit salads","Quantity not specified (91g)",100,g,133,2,17.5,6.3,1.8
"Fruit salad, excluding citrus fruits, with pudding","Other fruits and fruit salads","Quantity not specified (91g)",100,g,137,1.9,18.1,6.5,1.4
"Fruit salad, including citrus fruits, with salad dressing or mayonnaise","Other fruits and fruit salads","Quantity not specified (94g)",100,g,240,1.9,13,20.3,1.8
"Fruit salad, including citrus fruit, with whipped cream","Other fruits and fruit salads","1 cup (182g)",100,g,158,2.1,14.6,10.4,2
"Fruit salad, including citrus fruits, with nondairy whipped topping","Other fruits and fruit salads","Quantity not specified (88g)",100,g,148,2,16.6,8.5,2.1
"Fruit salad, including citrus fruits, with marshmallows","Other fruits and fruit salads","1 cup (171g)",100,g,244,1.9,17,19.1,1.7
"Lime souffle","Pudding","1 cup (120g)",100,g,328,8.8,39.8,15,0.8
"Guacamole, NFS","Dips, gravies, other sauces","1 tablespoon (15g)",100,g,155,2,8.5,14.2,6.5
"Guacamole with tomatoes","Dips, gravies, other sauces","Quantity not specified (60g)",100,g,145,1.9,8.1,13.1,6.1
"Chutney","Mustard and other condiments","1 tablespoon (16g)",100,g,246,0.3,60.6,0.1,1
"Pineapple salad with dressing","Other fruits and fruit salads","Quantity not specified (184g)",100,g,105,0.5,12.8,5.8,0.8
"Soup, fruit","Soups, broth-based","Quantity not specified (245g)",100,g,30,0.5,7,0.1,0.8
"Frozen fruit juice bar","Gelatins, ices, sorbets","1 fl oz (30g)",100,g,106,0.8,25.4,0.1,0.5
"Frozen fruit juice bar, no sugar added","Gelatins, ices, sorbets","1 bar (80g)",100,g,30,0.1,7.4,0,0.1
"Sorbet","Gelatins, ices, sorbets","1 bar (80g)",100,g,110,0.8,27.1,0.1,0.5
"Fruit juice, NFS","Other fruit juice","1 fl oz (with ice) (23g)",100,g,51,0.3,12.1,0.3,0.2
"Fruit juice blend, 100% juice","Other fruit juice","1 individual school container (124g)",100,g,50,0.2,12.5,0.1,0.2
"Cranberry juice blend, 100% juice","Other fruit juice","1 fl oz (with ice) (23g)",100,g,46,0.1,11.2,0.2,0.2
"Cranberry juice blend, 100% juice, with calcium added","Other fruit juice","Quantity not specified (248g)",100,g,45,0.3,10.9,0.1,0.1
"Apple cider","Apple juice","1 fl oz (NFS) (31g)",100,g,46,0.1,11.3,0.1,0.2
"Apple juice, 100%","Apple juice","1 fun size box (4.23 fl oz) (131g)",100,g,48,0.1,11.3,0.3,0.2
"Apple juice, 100%, with calcium added","Apple juice","1 fl oz (no ice) (31g)",100,g,48,0.1,11.5,0.2,0.3
"Blackberry juice, 100%","Other fruit juice","Quantity not specified (248g)",100,g,38,0.3,7.8,0.6,0.1
"Blueberry juice","Other fruit juice","1 fl oz (with ice) (23g)",100,g,42,0.5,9.5,0.2,1.6
"Cranberry juice, 100%, not a blend","Other fruit juice","Quantity not specified (248g)",100,g,32,0,7.3,0.3,0.1
"Grape juice, 100%","Other fruit juice","1 juice box/pouch (6.75 fl oz) (209g)",100,g,66,0.2,15.7,0.3,0.2
"Grape juice, 100%, with calcium added","Other fruit juice","1 fl oz (no ice) (31g)",100,g,62,0.4,14.8,0.1,0.2
"Papaya juice, 100%","Other fruit juice","1 fl oz (no ice) (31g)",100,g,57,0.2,14.5,0.2,0.6
"Passion fruit juice, 100%","Other fruit juice","1 fl oz (no ice) (31g)",100,g,51,0.4,13.6,0.1,0.2
"Pineapple juice, 100%","Other fruit juice","1 individual school container (124g)",100,g,53,0.4,12.9,0.1,0.2
"Pomegranate juice, 100%","Other fruit juice","1 fl oz (no ice) (31g)",100,g,54,0.2,13.1,0.3,0.1
"Prune juice, 100%","Other fruit juice","1 fl oz (with ice) (23g)",100,g,71,0.6,17.5,0,1
"Strawberry juice, 100%","Other fruit juice","1 fl oz (no ice) (30g)",100,g,23,0.4,5.2,0.1,1.2
"Watermelon juice, 100%","Other fruit juice","Quantity not specified (240g)",100,g,30,0.6,7.6,0.2,0.4
"Fruit smoothie, with whole fruit, no dairy","Smoothies and grain drinks","1 cup (216g)",100,g,54,0.6,12.7,0.4,1.5
"Fruit smoothie, with whole fruit, no dairy, added protein","Smoothies and grain drinks","1 small (540g)",100,g,76,6.2,12.2,0.4,1.6
"Fruit smoothie, with whole fruit, non-dairy","Smoothies and grain drinks","1 large (1080g)",100,g,60,1.5,11.6,1.1,1.1
"Fruit smoothie juice drink, no dairy","Smoothies and grain drinks","1 cup (216g)",100,g,51,0.6,11.9,0.2,1
"Fruit smoothie, light","Smoothies and grain drinks","Quantity not specified (324g)",100,g,53,2.6,9.7,0.6,1
"Fruit smoothie, bottled","Smoothies and grain drinks","Quantity not specified (248g)",100,g,50,0.5,11.7,0.3,0.6
"Fruit nectar, NFS","Fruit drinks","1 fl oz (NFS) (31g)",100,g,51,0.1,13.1,0.1,0.3
"Apricot nectar","Fruit drinks","Quantity not specified (248g)",100,g,56,0.2,13.6,0.5,0.1
"Banana nectar","Fruit drinks","1 fl oz (NFS) (31g)",100,g,74,0.3,18,0.1,0.6
"Cantaloupe nectar","Fruit drinks","1 fl oz (NFS) (31g)",100,g,65,0.3,15.6,0.1,0.3
"Guava nectar","Fruit drinks","1 fl oz (no ice) (31g)",100,g,48,0.3,13.3,0.1,1.2
"Mango nectar","Fruit drinks","1 fl oz (with ice) (23g)",100,g,51,0.1,13.1,0.1,0.3
"Peach nectar","Fruit drinks","Quantity not specified (248g)",100,g,49,0.1,11.6,0.6,0.1
"Papaya nectar","Fruit drinks","1 fl oz (with ice) (23g)",100,g,57,0.2,14.5,0.2,0.6
"Passion fruit nectar","Fruit drinks","Quantity not specified (248g)",100,g,69,0.2,17.4,0.1,0.1
"Pear nectar","Fruit drinks","1 fl oz (NFS) (31g)",100,g,60,0.1,15.8,0,0.6
"Soursop, nectar","Fruit drinks","Quantity not specified (248g)",100,g,59,0.1,14.9,0.2,0.1
"Vinegar","Mustard and other condiments","Quantity not specified (30g)",100,g,21,0,0.9,0,0
"Baby Toddler fruit, NFS","Baby food: fruit","1 tablespoon (15g)",100,g,68,0.7,16.4,0.2,1.7
"Baby Toddler multiple fruit, Stage 2","Baby food: fruit","Quantity not specified (110g)",100,g,68,0.7,16.4,0.2,1.7
"Baby Toddler multiple fruit, Stage 3","Baby food: fruit","1 tub (140g)",100,g,68,0.7,16.4,0.2,1.7
"Baby Toddler fruit, with grain","Baby food: mixtures","1 jar (110g)",100,g,78,1.1,18,0.4,2
"Baby Toddler fruit, with yogurt","Baby food: mixtures","1 pouch (110g)",100,g,76,1.9,13.4,1.8,1.1
"Baby Toddler fruit and vegetables, Stage 2","Baby food: mixtures","1 jar (110g)",100,g,59,1,13.7,0.2,1.7
"Baby Toddler fruit and vegetables, Stage 3","Baby food: mixtures","1 pouch (110g)",100,g,59,1,13.7,0.2,1.7
"Baby Toddler fruit and vegetables, with grain","Baby food: mixtures","1 jar (110g)",100,g,69,1.5,15.3,0.5,2
"Baby Toddler fruit and vegetables, with yogurt","Baby food: mixtures","1 tub (110g)",100,g,69,2.1,11.3,1.8,1
"Baby Toddler fruit, vegetables, and meat","Baby food: mixtures","Quantity not specified (110g)",100,g,75,2.6,14.1,1.1,1.8
"Baby Toddler fruit and meat","Baby food: mixtures","Quantity not specified (110g)",100,g,82,2.3,16.4,1,1.8
"Baby Toddler apples, Stage 1","Baby food: fruit","Quantity not specified (110g)",100,g,41,0.2,10.8,0.2,1.7
"Baby Toddler apples, Stage 2","Baby food: fruit","1 tub (110g)",100,g,37,0,10.3,0,1.7
"Baby Toddler bananas, Stage 1","Baby food: fruit","1 tub (70g)",100,g,91,1,21.3,0.2,1.6
"Baby Toddler bananas, Stage 2","Baby food: fruit","1 pouch (110g)",100,g,91,1,21.3,0.2,1.6
"Baby Toddler peaches, Stage 1","Baby food: fruit","1 tablespoon (15g)",100,g,65,0.9,14.5,0.3,1.3
"Baby Toddler peaches, Stage 2","Baby food: fruit","1 tub (110g)",100,g,65,0.9,14.5,0.3,1.3
"Baby Toddler pears, Stage 1","Baby food: fruit","1 tub (70g)",100,g,42,0.3,10.8,0.2,2.8
"Baby Toddler pears, Stage 2","Baby food: fruit","1 pouch (110g)",100,g,44,0.3,11.6,0.1,2.8
"Baby Toddler prunes","Baby food: fruit","1 tub (70g)",100,g,100,1,23.5,0.2,2.7
"Baby Toddler mangoes","Baby food: fruit","1 tub (70g)",100,g,60,0.8,15,0.4,1.6
"Baby Toddler juice, NFS","Baby juice","Quantity not specified (124g)",100,g,47,0,11.7,0.1,0.1
"Baby Toddler juice, apple","Baby juice","1 fl oz (31g)",100,g,47,0,11.7,0.1,0.1
"Baby Toddler juice, grape","Baby juice","Quantity not specified (124g)",100,g,62,0,15.4,0,0
"Baby Toddler juice, mixed fruit","Baby juice","Quantity not specified (124g)",100,g,47,0,11.7,0.1,0.1
"Baby Toddler juice, pear","Baby juice","Quantity not specified (124g)",100,g,43,0,11.9,0,0.1
"Baby Toddler juice, fruit and vegetable","Baby juice","Quantity not specified (124g)",100,g,47,0.3,11.4,0.1,0.5
"Baby Toddler juice, fruit and yogurt blend","Baby food: mixtures","Quantity not specified (124g)",100,g,69,1.6,12.7,1.5,1
"Baby Toddler pudding","Baby food: snacks and sweets","1 tub (110g)",100,g,86,1.8,17.6,1,0.2
"Baby Toddler yogurt melts","Baby food: snacks and sweets","1 piece (0.5g)",100,g,380,14.3,71.8,4,2.3
"Potato, NFS","White potatoes, baked or boiled","1 baby potato (60g)",100,g,126,1.9,20.5,4.3,1.4
"Potato, baked, NFS","White potatoes, baked or boiled","1 cup (130g)",100,g,93,2,21.5,0.1,1.5
"Potato, baked, peel not eaten","White potatoes, baked or boiled","1 large (400g)",100,g,93,2,21.5,0.1,1.5
"Potato, boiled, NFS","White potatoes, baked or boiled","1 small (130g)",100,g,126,1.9,20.5,4.3,1.4
"Potato, boiled, ready-to-heat","White potatoes, baked or boiled","1 baby potato (60g)",100,g,126,1.9,20.5,4.3,1.4
"Potato, boiled, from fresh, peel not eaten, NS as to fat","White potatoes, baked or boiled","1 large (300g)",100,g,126,1.9,20.5,4.3,1.4
"Potato, boiled, from fresh, peel not eaten, no added fat","White potatoes, baked or boiled","Quantity not specified (170g)",100,g,93,2,21.5,0.1,1.5
"Potato, boiled, from fresh, peel not eaten, fat added, NS as to fat type","White potatoes, baked or boiled","Quantity not specified (170g)",100,g,126,1.9,20.5,4.3,1.4
"Potato, boiled, from fresh, peel not eaten, made with oil","White potatoes, baked or boiled","1 cup (160g)",100,g,131,1.9,20.5,4.8,1.4
"Potato, boiled, from fresh, peel not eaten, made with butter","White potatoes, baked or boiled","Quantity not specified (170g)",100,g,123,1.9,20.5,4,1.4
"Potato, boiled, from fresh, peel not eaten, made with margarine","White potatoes, baked or boiled","1 small (130g)",100,g,116,1.9,20.5,3.2,1.4
"Potato, boiled, from fresh, peel eaten, NS as to fat","White potatoes, baked or boiled","1 new potato (60g)",100,g,126,2.4,20.1,4.3,2.1
"Potato, boiled, from fresh, peel eaten, fat added, NS as to fat type","White potatoes, baked or boiled","1 small (130g)",100,g,126,2.4,20.1,4.3,2.1
"Potato, boiled, from fresh, peel eaten, no added fat","White potatoes, baked or boiled","Quantity not specified (170g)",100,g,93,2.5,21.1,0.1,2.2
"Potato, boiled, from fresh, peel eaten, made with oil","White potatoes, baked or boiled","1 cup (160g)",100,g,131,2.4,20.1,4.9,2.1
"Potato, boiled, from fresh, peel eaten, made with butter","White potatoes, baked or boiled","1 large (300g)",100,g,123,2.4,20.1,4,2.1
"Potato, boiled, from fresh, peel eaten, made with margarine","White potatoes, baked or boiled","1 large (300g)",100,g,116,2.4,20.1,3.2,2.1
"Potato, canned, NS as to fat","White potatoes, baked or boiled","1 cup (185g)",100,g,94,1.3,12.9,4.4,2.3
"Potato, canned, fat added, NS as to fat type","White potatoes, baked or boiled","1 whole, canned (35g)",100,g,94,1.3,12.9,4.4,2.3
"Potato, canned, no added fat","White potatoes, baked or boiled","1 cup (185g)",100,g,60,1.4,13.6,0.2,2.4
"Potato, roasted, NFS","White potatoes, baked or boiled","1 small (130g)",100,g,126,1.9,20.5,4.3,1.4
"Potato, roasted, from fresh, peel eaten, NS as to fat","White potatoes, baked or boiled","Quantity not specified (170g)",100,g,126,2.4,20.1,4.3,2.1
"Potato, roasted, from fresh, peel eaten, no added fat","White potatoes, baked or boiled","1 cup (160g)",100,g,93,2.5,21.1,0.1,2.2
"Potato, roasted, from fresh, peel eaten, fat added, NS as to fat type","White potatoes, baked or boiled","1 cup (160g)",100,g,126,2.4,20.1,4.3,2.1
"Potato, roasted, from fresh, peel eaten, made with oil","White potatoes, baked or boiled","Quantity not specified (170g)",100,g,131,2.4,20.1,4.9,2.1
"Potato, roasted, from fresh, peel eaten, made with butter","White potatoes, baked or boiled","1 small (130g)",100,g,123,2.4,20.1,4,2.1
"Potato, roasted, from fresh, peel eaten, made with margarine","White potatoes, baked or boiled","1 new potato (60g)",100,g,116,2.4,20.1,3.2,2.1
"Potato, roasted, from fresh, peel not eaten, NS as to fat","White potatoes, baked or boiled","1 baby potato (60g)",100,g,126,1.9,20.5,4.3,1.4
"Potato, roasted, from fresh, peel not eaten, fat added, NS as to fat type","White potatoes, baked or boiled","1 new potato (60g)",100,g,126,1.9,20.5,4.3,1.4
"Potato, roasted, from fresh, peel not eaten, no added fat","White potatoes, baked or boiled","Quantity not specified (170g)",100,g,93,2,21.5,0.1,1.5
"Potato, roasted, from fresh, peel not eaten, made with oil","White potatoes, baked or boiled","1 medium (170g)",100,g,131,1.9,20.5,4.8,1.4
"Potato, roasted, from fresh, peel not eaten, made with butter","White potatoes, baked or boiled","1 baby potato (60g)",100,g,123,1.9,20.5,4,1.4
"Potato, roasted, from fresh, peel not eaten, made with margarine","White potatoes, baked or boiled","1 cup (160g)",100,g,116,1.9,20.5,3.2,1.4
"Potato, roasted, ready-to-heat","White potatoes, baked or boiled","1 medium (170g)",100,g,126,1.9,20.5,4.3,1.4
"Stewed potatoes, Puerto Rican style","Mashed potatoes and white potato mixtures","1 small (123g)",100,g,115,2.1,18.8,3.7,1.8
"Potato only from Puerto Rican mixed dishes, gravy and other components reported separately","White potatoes, baked or boiled","Quantity not specified (123g)",100,g,85,1.7,19.9,0.1,1.8
"Potato from Puerto Rican style stuffed pot roast, with gravy","Mashed potatoes and white potato mixtures","1 medium (137g)",100,g,74,2.5,14.5,0.9,1.3
"Potato from Puerto Rican beef stew, with gravy","Mashed potatoes and white potato mixtures","Quantity not specified (116g)",100,g,74,2.5,14.5,0.9,1.3
"Potato from Puerto Rican chicken fricassee, with sauce","Mashed potatoes and white potato mixtures","1 large (247g)",100,g,72,1.3,14.6,1,1.2
"Potato chips, NFS","Potato chips","1 chip (2g)",100,g,532,6.4,53.8,34,3.1
"Potato chips, plain","Potato chips","1 large single serving bag (85g)",100,g,532,6.4,53.8,34,3.1
"Potato chips, barbecue flavored","Potato chips","1 small single serving bag (28g)",100,g,487,6.5,55.9,31.1,3.8
"Potato chips, sour cream and onion flavored","Potato chips","1 small single serving bag (28g)",100,g,487,6.5,55.9,31.1,3.8
"Potato chips, cheese flavored","Potato chips","1 cup (25g)",100,g,487,6.5,55.9,31.1,3.8
"Potato chips, other flavored","Potato chips","1 medium single serving bag (57g)",100,g,487,6.5,55.9,31.1,3.8
"Potato chips, ruffled, plain","Potato chips","1 small single serving bag (28g)",100,g,532,6.4,53.8,34,3.1
"Potato chips, ruffled, barbecue flavored","Potato chips","1 100 calorie package (18g)",100,g,487,6.5,55.9,31.1,3.8
"Potato chips, ruffled, sour cream and onion flavored","Potato chips","1 100 calorie package (18g)",100,g,487,6.5,55.9,31.1,3.8
"Potato chips, ruffled, cheese flavored","Potato chips","Quantity not specified (28g)",100,g,487,6.5,55.9,31.1,3.8
"Potato chips, ruffled, other flavored","Potato chips","1 cup (32g)",100,g,487,6.5,55.9,31.1,3.8
"Potato chips, restructured, plain","Potato chips","1 snack size tub/can (20g)",100,g,543,4.6,55.2,35.2,2.9
"Potato chips, restructured, flavored","Potato chips","1 100 calorie package (18g)",100,g,542,4.6,55.1,35.1,2.9
"Potato chips, baked, plain","Potato chips","Quantity not specified (28g)",100,g,469,5,71.4,18.2,4.8
"Potato chips, baked, flavored","Potato chips","1 100 calorie package (18g)",100,g,467,5,71,18.1,4.8
"Potato chips, reduced fat","Potato chips","1 small single serving bag (28g)",100,g,482,7,67.1,20.6,6
"Potato chips, restructured, reduced fat, lightly salted","Potato chips","1 1-inch stack (28g)",100,g,502,4.6,64.8,26.1,3.2
"Potato chips, unsalted","Potato chips","1 chip (2g)",100,g,537,6.3,59.7,30.3,5.4
"Potato chips, lightly salted","Potato chips","1 medium single serving bag (57g)",100,g,559,6.7,53.4,35.3,4.2
"Potato chips, restructured, lightly salted","Potato chips","1 100 calorie package (18g)",100,g,559,6.7,53.4,35.3,4.2
"Potato chips, popped, plain","Potato chips","1 medium single serving bag (57g)",100,g,469,5,71.4,18.2,4.8
"Potato chips, popped, flavored","Potato chips","1 small single serving bag (28g)",100,g,467,5,71,18.1,4.8
"Potato chips, popped, NFS","Potato chips","1 large single serving bag (85g)",100,g,469,5,71.4,18.2,4.8
"Potato sticks, plain","Potato chips","1 large single serving bag (85g)",100,g,522,6.7,53.3,34.4,3.4
"Potato sticks, flavored","Potato chips","Quantity not specified (28g)",100,g,517,6.6,52.8,34.1,3.4
"Potato sticks, fry shaped","Potato chips","1 small single serving bag (28g)",100,g,517,6.6,52.8,34.1,3.4
"Vegetable chips","Tortilla, corn, other chips","1 large single serving bag (85g)",100,g,495,4.7,59.2,26.6,7.8
"Potato, scalloped, NFS","Mashed potatoes and white potato mixtures","Quantity not specified (125g)",100,g,168,7.1,13.5,9.6,0.8
"Potato, scalloped, from fast food or restaurant","Mashed potatoes and white potato mixtures","1 cup (250g)",100,g,206,6.7,13,14.3,0.7
"Potato, scalloped, from fresh","Mashed potatoes and white potato mixtures","Quantity not specified (125g)",100,g,168,7.1,13.5,9.6,0.8
"Potato, scalloped, from fresh, with meat","Mashed potatoes and white potato mixtures","1 cup (250g)",100,g,173,7.4,12.9,10.4,0.7
"Potato, scalloped, from dry mix","Mashed potatoes and white potato mixtures","1 cup (250g)",100,g,169,6.9,13.5,9.8,0.8
"Potato, scalloped, from dry mix, with meat","Mashed potatoes and white potato mixtures","1 cup (250g)",100,g,167,7.3,13.1,9.6,0.7
"Potato, scalloped, ready-to-heat","Mashed potatoes and white potato mixtures","Quantity not specified (125g)",100,g,178,6.8,13.3,11,0.7
"Potato, scalloped, ready-to-heat, with meat","Mashed potatoes and white potato mixtures","Quantity not specified (125g)",100,g,183,7.1,12.7,11.6,0.7
"Potato, french fries, NFS","French fries and other fried white potatoes","1 fry, NS as to shape (5g)",100,g,225,2.5,23.2,14.1,1.8
"Potato, french fries, NS as to fresh or frozen","French fries and other fried white potatoes","Quantity not specified (110g)",100,g,225,2.5,23.2,14.1,1.8
"Potato, french fries, from fresh, fried","French fries and other fried white potatoes","1 crinkle cut (5g)",100,g,198,1.9,18.5,13.1,1.6
"Potato, french fries, from fresh, baked","French fries and other fried white potatoes","1 cup (60g)",100,g,166,2,19.3,9.2,1.7
"Potato, french fries, from frozen, baked","French fries and other fried white potatoes","1 crinkle cut (5g)",100,g,158,2.8,25.6,5.5,2
"Potato, french fries, fast food","French fries and other fried white potatoes","1 straight cut (5g)",100,g,312,3.4,41.4,14.7,3.8
"Potato, french fries, restaurant","French fries and other fried white potatoes","1 medium fast food order (145g)",100,g,289,3.5,37.2,14,3.9
"Potato, french fries, from frozen, fried","French fries and other fried white potatoes","1 shoestring (2g)",100,g,225,2.5,23.2,14.1,1.8
"Potato, french fries, school","French fries and other fried white potatoes","1 fry, any cut (5g)",100,g,166,2,19.3,9.2,1.7
"Potato, french fries, with cheese, fast food / restaurant","French fries and other fried white potatoes","1 medium fast food order (222g)",100,g,260,3.3,29.8,14.2,2.6
"Potato, french fries, with cheese, school","French fries and other fried white potatoes","Quantity not specified (245g)",100,g,181,4.6,17.7,10.3,1.5
"Potato, french fries, with chili, fast food / restaurant","French fries and other fried white potatoes","1 value/dollar menu order (130g)",100,g,241,5.2,30.8,10.8,3.6
"Potato, french fries, with chili and cheese, fast food / restaurant","French fries and other fried white potatoes","1 kids meal order (145g)",100,g,221,4.7,24.9,11.4,2.7
"Potato, french fries, with cheese","French fries and other fried white potatoes","1 fry, any cut (8g)",100,g,260,3.3,29.8,14.2,2.6
"Potato, french fries, with chili and cheese","French fries and other fried white potatoes","1 fry, any cut (10g)",100,g,221,4.7,24.9,11.4,2.7
"Potato, french fries, with chili","French fries and other fried white potatoes","Quantity not specified (130g)",100,g,241,5.2,30.8,10.8,3.6
"Potato, home fries, NFS","French fries and other fried white potatoes","1 cup (200g)",100,g,197,1.9,18.4,13,1.6
"Potato, home fries, from restaurant / fast food","French fries and other fried white potatoes","Quantity not specified (100g)",100,g,213,1.9,17.9,15.2,1.6
"Potato, home fries, from fresh","French fries and other fried white potatoes","Quantity not specified (100g)",100,g,185,2,18.8,11.5,1.6
"Potato, home fries, ready-to-heat","French fries and other fried white potatoes","Quantity not specified (100g)",100,g,197,1.9,18.4,13,1.6
"Potato, home fries, with vegetables","French fries and other fried white potatoes","1 potato, any size (100g)",100,g,173,1.7,15.6,11.8,1.5
"Potato, hash brown, NFS","French fries and other fried white potatoes","Quantity not specified (80g)",100,g,217,2.6,28.2,11.5,3.2
"Potato, hash brown, from fast food","French fries and other fried white potatoes","1 patty (55g)",100,g,272,2.6,28.9,17,2.7
"Potato, hash brown, from fast food, with cheese","French fries and other fried white potatoes","Quantity not specified (80g)",100,g,295,6,24.5,19.9,2.2
"Potato, hash brown, from restaurant","French fries and other fried white potatoes","1 cup (160g)",100,g,272,2.6,28.9,17,2.7
"Potato, hash brown, from restaurant, with cheese","French fries and other fried white potatoes","1 cup (160g)",100,g,295,6,24.5,19.9,2.2
"Potato, hash brown, from school lunch","French fries and other fried white potatoes","1 patty (55g)",100,g,218,2.6,28.4,11.5,3.2
"Potato, hash brown, from fresh","French fries and other fried white potatoes","Quantity not specified (80g)",100,g,190,1.9,18.6,12.3,1.6
"Potato, hash brown, from fresh, with cheese","French fries and other fried white potatoes","1 cup (160g)",100,g,223,5.1,16.2,15.5,1.4
"Potato, hash brown, from dry mix","French fries and other fried white potatoes","1 cup (160g)",100,g,217,2.6,28.2,11.5,3.2
"Potato, hash brown, ready-to-heat","French fries and other fried white potatoes","1 cup (160g)",100,g,217,2.6,28.2,11.5,3.2
"Potato, hash brown, ready-to-heat, with cheese","French fries and other fried white potatoes","Quantity not specified (80g)",100,g,249,6,24,15.2,2.6
"Potato skins without topping","French fries and other fried white potatoes","Quantity not specified (88g)",100,g,151,2.1,19.5,7.5,1.8
"Potato skins, with cheese","French fries and other fried white potatoes","Quantity not specified (113g)",100,g,199,6.1,16.3,12.4,1.5
"Potato skins, with cheese and bacon","French fries and other fried white potatoes","Skin from 1 large (70g)",100,g,215,7.6,15.5,13.7,1.4
"Potato skins, NFS","French fries and other fried white potatoes","Skin from 1 large (50g)",100,g,199,6.1,16.3,12.4,1.5
"Potato, mashed, NFS","Mashed potatoes and white potato mixtures","Quantity not specified (125g)",100,g,114,2.2,17.6,4.1,1.2
"Potato, mashed, from fast food","Mashed potatoes and white potato mixtures","Quantity not specified (125g)",100,g,89,1.7,14.7,2.8,1.3
"Potato, mashed, from fast food, with gravy","Mashed potatoes and white potato mixtures","1 cup (250g)",100,g,81,1.5,12.8,2.8,1.1
"Potato, mashed, ready-to-heat","Mashed potatoes and white potato mixtures","Quantity not specified (125g)",100,g,106,2,13.3,5,1.9
"Potato, mashed, from fresh, made with milk","Mashed potatoes and white potato mixtures","1 cup (250g)",100,g,114,2.2,17.6,4.1,1.2
"Potato, mashed, from fresh, made with milk, with cheese","Mashed potatoes and white potato mixtures","1 cup (250g)",100,g,145,4.4,16,7.3,1
"Potato, mashed, from fresh, made with milk, with gravy","Mashed potatoes and white potato mixtures","1 cup (250g)",100,g,100,1.9,15.1,3.8,1
"Potato, mashed, from fresh, NFS","Mashed potatoes and white potato mixtures","Quantity not specified (125g)",100,g,114,2.2,17.6,4.1,1.2
"Potato, mashed, from restaurant","Mashed potatoes and white potato mixtures","Quantity not specified (125g)",100,g,138,2.1,16.8,7.2,1.1
"Potato, mashed, from restaurant, with gravy","Mashed potatoes and white potato mixtures","Quantity not specified (125g)",100,g,120,1.8,14.5,6.3,0.9
"Potato, mashed, from school lunch","Mashed potatoes and white potato mixtures","1 cup (250g)",100,g,77,2.1,13.2,1.9,1
"Potato, mashed, from dry mix, NFS","Mashed potatoes and white potato mixtures","1 cup (250g)",100,g,117,2.1,12.6,6.7,0.9
"Potato, mashed, from dry mix, made with milk","Mashed potatoes and white potato mixtures","Quantity not specified (125g)",100,g,117,2.1,12.6,6.7,0.9
"Potato, mashed, from dry mix, made with milk, with cheese","Mashed potatoes and white potato mixtures","1 cup (250g)",100,g,148,4.3,11.5,9.6,0.8
"Potato, mashed, from dry mix, made with milk, with gravy","Mashed potatoes and white potato mixtures","1 cup (250g)",100,g,103,1.8,11.2,5.9,0.8
"Potato, mashed, ready-to-heat, NFS","Mashed potatoes and white potato mixtures","Quantity not specified (125g)",100,g,106,2,13.3,5,1.9
"Potato, mashed, ready-to-heat, with cheese","Mashed potatoes and white potato mixtures","1 cup (250g)",100,g,138,4.3,12.1,8.1,1.7
"Potato, mashed, ready-to-heat, with gravy","Mashed potatoes and white potato mixtures","Quantity not specified (125g)",100,g,94,1.7,11.7,4.5,1.5
"Potato patty","French fries and other fried white potatoes","Quantity not specified (80g)",100,g,171,3.9,13.5,11.3,1.5
"Potato tots, NFS","French fries and other fried white potatoes","Quantity not specified (65g)",100,g,237,1.9,24.4,15.5,2.3
"Potato tots, fast food / restaurant","French fries and other fried white potatoes","1 cup (130g)",100,g,236,1.9,24.3,15.4,2.3
"Potato tots, school","French fries and other fried white potatoes","Quantity not specified (65g)",100,g,166,2,19.3,9.2,1.7
"Potato tots, from fresh, fried or baked","French fries and other fried white potatoes","Quantity not specified (65g)",100,g,237,1.9,24.4,15.5,2.3
"Potato tots, frozen, baked","French fries and other fried white potatoes","1 cup (130g)",100,g,187,2,26.1,9.2,2.4
"Potato tots, frozen, fried","French fries and other fried white potatoes","1 piece (8g)",100,g,237,1.9,24.4,15.5,2.3
"Potato tots, frozen, NS as to fried or baked","French fries and other fried white potatoes","1 cup (130g)",100,g,237,1.9,24.4,15.5,2.3
"Potato, baked, peel not eaten, with butter","White potatoes, baked or boiled","1 cup (160g)",100,g,125,1.9,20.4,4.2,1.4
"Potato, baked, peel not eaten, with sour cream","White potatoes, baked or boiled","1 cup (160g)",100,g,131,2,19.1,5.4,1.3
"Potato, baked, peel not eaten, with cheese","White potatoes, baked or boiled","1 large (445g)",100,g,153,3.7,17.8,7.7,1.2
"Potato, baked, peel not eaten, with meat","White potatoes, baked or boiled","1 cup (160g)",100,g,160,4.3,17.4,8.3,1.2
"Potato, baked, peel not eaten, with chili","White potatoes, baked or boiled","1 cup (160g)",100,g,143,4.5,17.6,6.2,1.6
"Potato, baked, peel not eaten, with vegetables","White potatoes, baked or boiled","1 cup (160g)",100,g,142,3.7,18.1,6.3,1.4
"Potato, baked, peel eaten","White potatoes, baked or boiled","1 small (230g)",100,g,93,2.5,21.1,0.1,2.2
"Potato, baked, peel eaten, with butter","White potatoes, baked or boiled","1 cup (160g)",100,g,125,2.4,20,4.2,2.1
"Potato, baked, peel eaten, with sour cream","White potatoes, baked or boiled","1 cup (160g)",100,g,131,2.5,18.7,5.5,1.9
"Potato, baked, peel eaten, with cheese","White potatoes, baked or boiled","1 large (445g)",100,g,153,4.1,17.4,7.7,1.7
"Potato, baked, peel eaten, with meat","White potatoes, baked or boiled","1 cup (160g)",100,g,160,4.7,17.1,8.3,1.7
"Potato, baked, peel eaten, with chili","White potatoes, baked or boiled","1 large (445g)",100,g,143,4.9,17.3,6.2,2.1
"Potato, baked, peel eaten, with vegetables","White potatoes, baked or boiled","Quantity not specified (315g)",100,g,142,4.1,17.8,6.4,2
"Potato salad with egg, from restaurant","Mashed potatoes and white potato mixtures","1 cup (275g)",100,g,175,3,15.4,11.4,1.1
"Potato salad with egg, made with mayonnaise","Mashed potatoes and white potato mixtures","1 cup (275g)",100,g,157,2,16.2,9.4,1.3
"Potato salad with egg, made with light mayonnaise","Mashed potatoes and white potato mixtures","1 cup (275g)",100,g,111,2.7,15.1,4.5,1.3
"Potato salad with egg, made with mayonnaise-type salad dressing","Mashed potatoes and white potato mixtures","1 cup (275g)",100,g,112,2.8,15.9,4.3,1.3
"Potato salad with egg, made with light mayonnaise-type salad dressing","Mashed potatoes and white potato mixtures","Quantity not specified (138g)",100,g,111,2.7,15.1,4.5,1.3
"Potato salad with egg, made with creamy dressing","Mashed potatoes and white potato mixtures","Quantity not specified (138g)",100,g,142,2.9,14.9,7.9,1.3
"Potato salad with egg, made with light creamy dressing","Mashed potatoes and white potato mixtures","Quantity not specified (138g)",100,g,102,3,15,3.5,1.3
"Potato salad with egg, made with Italian dressing","Mashed potatoes and white potato mixtures","1 cup (275g)",100,g,114,2.8,15.8,4.4,1.3
"Potato salad with egg, made with light Italian dressing","Mashed potatoes and white potato mixtures","Quantity not specified (138g)",100,g,94,2.8,15.5,2.4,1.3
"Potato salad with egg, made with any type of fat free dressing","Mashed potatoes and white potato mixtures","Quantity not specified (138g)",100,g,89,2.7,16,1.7,1.6
"Potato salad, German style","Mashed potatoes and white potato mixtures","1 cup (175g)",100,g,108,2.9,17.2,3.2,1.9
"Potato salad, from restaurant","Mashed potatoes and white potato mixtures","Quantity not specified (138g)",100,g,178,1.7,17.3,11.5,1.3
"Potato salad, made with mayonnaise","Mashed potatoes and white potato mixtures","Quantity not specified (138g)",100,g,168,1.5,15.8,11.1,1.5
"Potato salad, made with light mayonnaise","Mashed potatoes and white potato mixtures","Quantity not specified (138g)",100,g,105,1.4,17,3.7,1.5
"Potato salad, made with mayonnaise-type salad dressing","Mashed potatoes and white potato mixtures","Quantity not specified (138g)",100,g,107,1.5,17.9,3.5,1.5
"Potato salad, made with light mayonnaise-type salad dressing","Mashed potatoes and white potato mixtures","Quantity not specified (138g)",100,g,105,1.4,17,3.7,1.5
"Potato salad, made with creamy dressing","Mashed potatoes and white potato mixtures","1 cup (275g)",100,g,140,1.6,16.8,7.5,1.5
"Potato salad, made with light creamy dressing","Mashed potatoes and white potato mixtures","1 cup (275g)",100,g,95,1.6,17,2.5,1.5
"Potato salad, made with Italian dressing","Mashed potatoes and white potato mixtures","Quantity not specified (138g)",100,g,108,1.4,17.9,3.6,1.5
"Potato salad, made with light Italian dressing","Mashed potatoes and white potato mixtures","1 cup (275g)",100,g,85,1.4,17.5,1.2,1.5
"Potato salad, made with any type of fat free dressing","Mashed potatoes and white potato mixtures","Quantity not specified (138g)",100,g,81,1.4,17.9,0.6,1.8
"Potato pancake","Mashed potatoes and white potato mixtures","1 pancake (frozen) (45g)",100,g,196,4.5,20.6,10.8,2.2
"Lefse","Mashed potatoes and white potato mixtures","1 surface inch (1.2g)",100,g,218,4.4,36.4,6.3,2
"Stewed potatoes","Mashed potatoes and white potato mixtures","Quantity not specified (125g)",100,g,103,2,16.3,3.4,2.1
"Stewed potatoes with tomatoes","Mashed potatoes and white potato mixtures","Quantity not specified (125g)",100,g,87,1.7,12.9,3.3,1.9
"Soup, potato","Soups, cream-based","1 cup (255g)",100,g,90,1.5,10.5,4.7,1.2
"Soup, potato with meat","Soups, cream-based","Quantity not specified (255g)",100,g,109,3.8,8.8,6.4,1
"Plantain, cooked, no added fat","Other starchy vegetables","1 cup (200g)",100,g,122,1.3,31.8,0.4,1.7
"Plantain, cooked with oil","Other starchy vegetables","Quantity not specified (85g)",100,g,144,1.3,30.9,3.2,1.6
"Plantain, raw","Other starchy vegetables","1 whole (180g)",100,g,122,1.3,31.9,0.4,1.7
"Plantain, cooked, fat added, NS as to fat type","Other starchy vegetables","Quantity not specified (85g)",100,g,141,1.3,30.9,2.9,1.6
"Plantain, cooked with butter or margarine","Other starchy vegetables","1 cup (170g)",100,g,138,1.3,30.9,2.5,1.6
"Plantain chips","Tortilla, corn, other chips","1 oz (28.4g)",100,g,531,2.3,63.8,29.6,3.5
"Cassava, cooked","Other starchy vegetables","Quantity not specified (80g)",100,g,191,1.4,39.6,3,1.9
"Yuca fries","Fried vegetables","Quantity not specified (70g)",100,g,269,1.2,34.7,13.9,1.6
"Casabe, cassava bread","Biscuits, muffins, quick breads","1 piece (6"" dia) (100g)",100,g,299,2.5,71.2,0.5,3.4
"Taro, cooked","Other starchy vegetables","1 cup (160g)",100,g,141,1.6,27.6,3,4.3
"Fufu","Other starchy vegetables","Quantity not specified (120g)",100,g,166,1.5,33.6,3,3.1
"Taro chips","Tortilla, corn, other chips","10 chips (23g)",100,g,498,2.3,68.1,24.9,7.2
"Beet greens, raw","Other dark green vegetables","1 cup (38g)",100,g,22,2.2,4.3,0.1,3.7
"Beet greens, cooked","Other dark green vegetables","1 cup (150g)",100,g,48,2.3,4.5,2.9,3.9
"Broccoli raab, raw","Broccoli","1 cup (40g)",100,g,22,3.2,2.9,0.5,2.7
"Broccoli raab, cooked","Broccoli","Quantity not specified (85g)",100,g,46,3.2,2.9,3.2,2.7
"Chard, raw","Other dark green vegetables","1 leaf (48g)",100,g,19,1.8,3.7,0.2,1.6
"Chard, cooked","Other dark green vegetables","Quantity not specified (75g)",100,g,44,1.9,3.9,3,1.7
"Collards, raw","Other dark green vegetables","1 cup (36g)",100,g,32,3,5.4,0.6,4
"Collards, fresh, cooked, no added fat","Other dark green vegetables","1 cup (130g)",100,g,34,3.2,5.8,0.7,4.3
"Collards, frozen, cooked, no added fat","Other dark green vegetables","Quantity not specified (85g)",100,g,36,3,7.1,0.4,2.8
"Collards, NS as to form, cooked","Other dark green vegetables","Quantity not specified (68g)",100,g,58,3.2,5.7,3.4,4.2
"Collards, fresh, cooked, fat added, NS as to fat type","Other dark green vegetables","Quantity not specified (68g)",100,g,58,3.2,5.7,3.4,4.2
"Collards, frozen, cooked, fat added, NS as to fat type","Other dark green vegetables","Quantity not specified (88g)",100,g,58,2.9,6.9,2.9,2.7
"Collards, fresh, cooked with oil","Other dark green vegetables","Quantity not specified (68g)",100,g,61,3.1,5.6,3.8,4.2
"Collards, fresh, cooked with butter or margarine","Other dark green vegetables","1 cup (135g)",100,g,54,3.2,5.7,3,4.2
"Collards, frozen, cooked with oil","Other dark green vegetables","1 cup (175g)",100,g,61,2.9,6.9,3.3,2.7
"Collards, frozen, cooked with butter or margarine","Other dark green vegetables","Quantity not specified (88g)",100,g,55,2.9,6.9,2.6,2.7
"Cress, raw","Other dark green vegetables","1 cup (50g)",100,g,32,2.6,5.5,0.7,1.1
"Cress, cooked","Other dark green vegetables","Quantity not specified (70g)",100,g,58,2.7,5.7,3.5,1.1
"Dandelion greens, raw","Other dark green vegetables","1 cup (55g)",100,g,45,2.7,9.2,0.7,3.5
"Dandelion greens, cooked","Other dark green vegetables","Quantity not specified (55g)",100,g,71,2.8,9.6,3.5,3.6
"Romaine lettuce, raw","Lettuce and lettuce salads","1 leaf (13g)",100,g,21,1,4.1,0.1,1.8
"Caesar salad, with romaine, no dressing","Lettuce and lettuce salads","Quantity not specified (79g)",100,g,77,4,7.5,3.4,1.8
"Escarole, cooked","Other dark green vegetables","Quantity not specified (68g)",100,g,37,1.1,3,2.7,2.7
"Greens, fresh, cooked, no added fat","Other dark green vegetables","1 cup (130g)",100,g,37,3,5.2,1,4.2
"Greens, frozen, cooked, no added fat","Other dark green vegetables","1 cup (170g)",100,g,37,2.9,5.8,0.7,2.7
"Greens, NS as to form, cooked","Other dark green vegetables","Quantity not specified (68g)",100,g,58,2.9,5,3.4,4.1
"Greens, fresh, cooked, fat added","Other dark green vegetables","Quantity not specified (68g)",100,g,58,2.9,5,3.4,4.1
"Greens, frozen, cooked, fat added","Other dark green vegetables","1 cup (175g)",100,g,59,2.8,5.6,3.2,2.6
"Greens, canned, cooked","Other dark green vegetables","Quantity not specified (88g)",100,g,41,1.3,2.7,2.8,1.3
"Kale, raw","Other dark green vegetables","1 baby leaf (1g)",100,g,43,2.9,4.4,1.5,4.1
"Kale, fresh, cooked, no added fat","Other dark green vegetables","Quantity not specified (65g)",100,g,46,3.1,4.7,1.6,4.4
"Kale, frozen, cooked, no added fat","Other dark green vegetables","Quantity not specified (85g)",100,g,44,2.9,5.3,1.2,2.3
"Kale, NS as to form, cooked","Other dark green vegetables","1 cup (135g)",100,g,69,3.1,4.6,4.3,4.3
"Kale, fresh, cooked, fat added","Other dark green vegetables","Quantity not specified (68g)",100,g,69,3.1,4.6,4.3,4.3
"Kale, frozen, cooked, fat added","Other dark green vegetables","Quantity not specified (88g)",100,g,66,2.9,5.1,3.7,2.2
"Lambsquarter, cooked","Other dark green vegetables","Quantity not specified (93g)",100,g,54,3.1,4.9,3.2,2
"Mustard greens, raw","Other dark green vegetables","1 cup (56g)",100,g,27,2.9,4.7,0.4,3.2
"Mustard greens, fresh, cooked, no added fat","Other dark green vegetables","Quantity not specified (70g)",100,g,29,3.1,5,0.5,3.4
"Mustard greens, frozen, cooked, no added fat","Other dark green vegetables","Quantity not specified (83g)",100,g,19,2.3,3.1,0.3,2.8
"Mustard greens, NS as to form, cooked","Other dark green vegetables","1 cup (150g)",100,g,53,3,4.9,3.2,3.3
"Mustard greens, fresh, cooked, fat added","Other dark green vegetables","Quantity not specified (75g)",100,g,53,3,4.9,3.2,3.3
"Mustard greens, frozen, cooked, fat added","Other dark green vegetables","1 cup (170g)",100,g,41,2.2,3,2.8,2.7
"Poke greens, cooked","Other dark green vegetables","Quantity not specified (75g)",100,g,42,2.2,3,2.9,1.5
"Radicchio, raw","Lettuce and lettuce salads","1 leaf (8g)",100,g,23,1.4,4.5,0.3,0.9
"Spinach, raw","Spinach","1 leaf (10g)",100,g,27,2.9,2.4,0.6,1.6
"Spinach, fresh, cooked, no added fat","Spinach","1 cup (180g)",100,g,33,3.4,3.1,0.7,1.9
"Spinach, frozen, cooked, no added fat","Spinach","Quantity not specified (108g)",100,g,34,4,4.8,0.9,3.7
"Spinach, canned, cooked, no added fat","Spinach","1 cup (215g)",100,g,23,2.8,3.4,0.5,2.4
"Spinach, fresh, cooked with oil","Spinach","Quantity not specified (93g)",100,g,63,3.3,3,4.1,1.8
"Spinach, fresh, cooked with butter or margarine","Spinach","Quantity not specified (93g)",100,g,55,3.3,3,3.3,1.8
"Spinach, NS as to form, cooked","Spinach","1 cup (185g)",100,g,59,3.3,3,3.7,1.8
"Spinach, fresh, cooked, fat added, NS as to fat type","Spinach","1 cup (185g)",100,g,59,3.3,3,3.7,1.8
"Spinach, frozen, cooked, fat added, NS as to fat type","Spinach","Quantity not specified (110g)",100,g,56,3.9,4.7,3.4,3.6
"Spinach, canned, cooked, fat added, NS as to fat type","Spinach","Quantity not specified (110g)",100,g,45,2.7,3.3,3,2.3
"Spinach, frozen, cooked with oil","Spinach","Quantity not specified (110g)",100,g,59,3.9,4.7,3.8,3.6
"Spinach, frozen, cooked with butter or margarine","Spinach","1 cup (220g)",100,g,53,3.9,4.7,3,3.6
"Spinach, canned, cooked with oil","Spinach","Quantity not specified (110g)",100,g,49,2.7,3.3,3.4,2.3
"Spinach, canned, cooked with butter or margarine","Spinach","Quantity not specified (110g)",100,g,42,2.7,3.3,2.7,2.3
"Spinach, creamed","Spinach","Quantity not specified (100g)",100,g,90,2.4,6.1,6.1,1.2
"Spinach souffle","Vegetable dishes","Quantity not specified (50g)",100,g,128,5.7,7.1,8.6,1.1
"Spinach and cheese casserole","Vegetable dishes","1 cup (200g)",100,g,130,7.1,9.9,7.6,2.8
"Palak Paneer","Vegetable dishes","Quantity not specified (100g)",100,g,101,5.4,4.3,7,0.9
"Channa Saag","Vegetable dishes","1 cup (245g)",100,g,89,4.1,8.8,4.3,3
"Taro leaves, cooked","Other dark green vegetables","1 cup (150g)",100,g,68,5.2,7,3.5,3.9
"Turnip greens, fresh, cooked, no added fat","Other dark green vegetables","Quantity not specified (73g)",100,g,20,1.1,4.4,0.2,3.5
"Turnip greens, frozen, cooked, no added fat","Other dark green vegetables","Quantity not specified (83g)",100,g,29,3.3,5,0.4,3.4
"Turrnip greens, NS as to form, cooked","Other dark green vegetables","Quantity not specified (75g)",100,g,42,1.1,4.2,2.8,3.4
"Turnip greens, fresh, cooked, fat added","Other dark green vegetables","Quantity not specified (75g)",100,g,42,1.1,4.2,2.8,3.4
"Turnip greens, frozen, cooked, fat added","Other dark green vegetables","1 cup (170g)",100,g,51,3.3,4.8,3,3.3
"Watercress, raw","Other dark green vegetables","1 cup (34g)",100,g,11,2.3,1.3,0.1,0.5
"Watercress, cooked","Other dark green vegetables","Quantity not specified (71g)",100,g,36,2.4,1.4,2.8,0.5
"Bitter melon, horseradish, jute, or radish leaves, cooked","Other dark green vegetables","Quantity not specified (64g)",100,g,56,3.5,6.5,2.7,1.8
"Sweet potato, squash, pumpkin, chrysanthemum, or bean leaves, cooked","Other dark green vegetables","1 cup (69g)",100,g,57,2.1,7.2,2.9,1.8
"Broccoli, raw","Broccoli","1 floweret (10g)",100,g,39,2.6,6.3,0.3,2.4
"Broccoli, cooked, from restaurant","Broccoli","1 cup (160g)",100,g,77,2.6,6.2,4.7,2.4
"Broccoli, fresh, cooked, no added fat","Broccoli","1 spear (40g)",100,g,41,2.7,6.5,0.4,2.5
"Broccoli, frozen, cooked, no added fat","Broccoli","1 cup (185g)",100,g,28,3.1,5.3,0.1,3
"Broccoli, NS as to form, cooked","Broccoli","1 spear (40g)",100,g,63,2.6,6.3,3,2.4
"Broccoli, fresh, cooked, fat added, NS as to fat type","Broccoli","1 floweret (10g)",100,g,63,2.6,6.3,3,2.4
"Broccoli, frozen, cooked, fat added, NS as to fat type","Broccoli","1 spear (40g)",100,g,50,3,5.2,2.7,2.9
"Broccoli, fresh, cooked with oil","Broccoli","1 spear (40g)",100,g,67,2.6,6.3,3.4,2.4
"Broccoli, fresh, cooked with butter or margarine","Broccoli","1 spear (40g)",100,g,60,2.6,6.3,2.6,2.4
"Broccoli, frozen, cooked with oil","Broccoli","1 piece (10g)",100,g,53,3,5.2,3,2.9
"Broccoli, frozen, cooked with butter or margarine","Broccoli","Quantity not specified (95g)",100,g,47,3,5.2,2.3,2.9
"Broccoli casserole with noodles","Vegetable dishes","1 cup (228g)",100,g,112,3.6,15.9,3.8,1.9
"Broccoli casserole with rice","Vegetable dishes","1 cup (228g)",100,g,107,4.1,15.1,3.6,1.9
"Fried broccoli","Fried vegetables","Quantity not specified (43g)",100,g,223,4.3,22.4,12.9,1.7
"Broccoli, chinese, raw","Broccoli","Quantity not specified (18g)",100,g,26,1.2,4.7,0.8,2.6
"Broccoli, Chinese, cooked","Broccoli","Quantity not specified (44g)",100,g,50,1.2,4.7,3.4,2.6
"Soup, broccoli cheese","Soups, cream-based","1 can (525g)",100,g,82,4.3,6.1,4.5,1.3
"Carrots, raw","Carrots","1 single serving bag (80g)",100,g,44,0.9,9.7,0.2,2.9
"Carrots, raw, salad","Coleslaw, non-lettuce salads","Quantity not specified (88g)",100,g,212,1.3,17.6,15.7,2.6
"Carrots, raw, salad with apples","Coleslaw, non-lettuce salads","1 cup (171g)",100,g,181,0.9,8.6,16,2.3
"Carrots, cooked, from restaurant","Carrots","1 cup (160g)",100,g,86,0.9,10.2,4.7,3.1
"Carrots, fresh, cooked, no added fat","Carrots","Quantity not specified (78g)",100,g,50,1,10.7,0.4,3.2
"Carrots, frozen, cooked, no added fat","Carrots","1 piece/slice (5g)",100,g,39,0.8,7.9,0.5,3.2
"Carrots, canned, cooked, no added fat","Carrots","1 cup, mashed (230g)",100,g,25,0.6,5.5,0.2,1.5
"Carrots, fresh, cooked with oil","Carrots","1 cup, mashed (235g)",100,g,76,1,10.4,3.4,3.1
"Carrots, fresh, cooked with butter or margarine","Carrots","1 baby carrot (10g)",100,g,69,1,10.4,2.6,3.1
"Carrots, NS as to form, cooked","Carrots","1 cup, mashed (235g)",100,g,72,1,10.4,3,3.1
"Carrots, fresh, cooked, fat added, NS as to fat type","Carrots","1 baby carrot (10g)",100,g,72,1,10.4,3,3.1
"Carrots, frozen, cooked, fat added, NS as to fat type","Carrots","Quantity not specified (80g)",100,g,61,0.8,7.7,3,3.1
"Carrots, canned, cooked, fat added, NS as to fat type","Carrots","1 cup (160g)",100,g,47,0.6,5.4,2.7,1.5
"Carrots, frozen, cooked with oil","Carrots","1 cup (160g)",100,g,64,0.8,7.7,3.4,3.1
"Carrots, frozen, cooked with butter or margarine","Carrots","1 piece/slice (5g)",100,g,57,0.8,7.7,2.6,3.1
"Carrots, canned, cooked with oil","Carrots","1 cup, mashed (235g)",100,g,50,0.6,5.4,3.1,1.5
"Carrots, canned, cooked with butter or margarine","Carrots","Quantity not specified (80g)",100,g,44,0.6,5.4,2.4,1.5
"Carrots, glazed, cooked","Carrots","1 cup (160g)",100,g,97,0.9,17.3,2.8,2.9
"Carrots, canned, reduced sodium, cooked, no added fat","Carrots","1 cup, mashed (230g)",100,g,23,0.6,5.4,0.1,1.8
"Carrots, canned, reduced sodium, cooked, fat added, NS as to fat type","Carrots","Quantity not specified (80g)",100,g,45,0.6,5.2,2.7,1.7
"Carrots, canned, reduced sodium, cooked with oil","Carrots","1 cup (160g)",100,g,49,0.6,5.2,3.1,1.7
"Carrots, canned, reduced sodium, cooked with butter or margarine","Carrots","1 piece/slice (5g)",100,g,42,0.6,5.2,2.3,1.7
"Beet juice","Vegetable juice","1 fl oz (no ice) (31g)",100,g,25,0.7,5.9,0.1,1.1
"Carrot juice, 100%","Vegetable juice","Quantity not specified (240g)",100,g,40,1,9.3,0.2,0.8
"Peas and carrots, fresh, cooked, no added fat","Other vegetables and combinations","1 cup (160g)",100,g,67,3.3,12.8,0.4,4.6
"Peas and carrots, frozen, cooked, no added fat","Other vegetables and combinations","1 cup (160g)",100,g,58,3,11.1,0.4,3.8
"Peas and carrots, canned, cooked, no added fat","Other vegetables and combinations","Quantity not specified (80g)",100,g,46,2.6,8.5,0.5,3.2
"Peas and carrots, cooked, NS as to form","Other vegetables and combinations","Quantity not specified (83g)",100,g,89,3.2,12.5,3,4.4
"Peas and carrots, fresh, cooked, fat added","Other vegetables and combinations","1 cup (165g)",100,g,89,3.2,12.5,3,4.4
"Peas and carrots, frozen, cooked, fat added","Other vegetables and combinations","1 cup (165g)",100,g,80,2.9,10.7,2.9,3.7
"Peas and carrots, canned, cooked, fat added","Other vegetables and combinations","1 cup (165g)",100,g,68,2.5,8.2,3,3.1
"Pumpkin, canned, cooked","Other red and orange vegetables","Quantity not specified (123g)",100,g,56,1.1,7.9,2.8,2.8
"Pumpkin, cooked","Other red and orange vegetables","1 cup (230g)",100,g,52,1.1,6.8,2.8,0.5
"Winter squash, raw","Other red and orange vegetables","1 cup (140g)",100,g,26,1,6.5,0.1,0.5
"Winter squash, cooked, no added fat","Other red and orange vegetables","1 cup (225g)",100,g,37,0.9,8.8,0.4,2.8
"Winter squash, cooked, fat added","Other red and orange vegetables","Quantity not specified (115g)",100,g,59,0.9,8.6,2.9,2.7
"Squash, winter, souffle","Vegetable dishes","1 cup (157g)",100,g,78,3.4,12.1,2.3,2.1
"Sweet potato, NFS","Other red and orange vegetables","1 cup, mashed (250g)",100,g,115,1.6,17.1,4.5,3
"Sweet potato, baked, NS as to fat","Other red and orange vegetables","1 oz, raw, yields (25g)",100,g,115,1.6,17.1,4.5,3
"Sweet potato, baked, no added fat","Other red and orange vegetables","1 medium (150g)",100,g,82,1.6,18,0.4,3.1
"Sweet potato, baked, fat added","Other red and orange vegetables","1 large (235g)",100,g,115,1.6,17.1,4.5,3
"Sweet potato, boiled, NS as to fat","Other red and orange vegetables","1 cup, mashed (250g)",100,g,115,1.6,17.1,4.5,3
"Sweet potato, boiled, no added fat","Other red and orange vegetables","Quantity not specified (100g)",100,g,82,1.6,18,0.4,3.1
"Sweet potato, boiled, fat added","Other red and orange vegetables","1 oz, raw, yields (25g)",100,g,115,1.6,17.1,4.5,3
"Sweet potato, candied","Other red and orange vegetables","Quantity not specified (100g)",100,g,187,1.2,37.7,3.5,2.2
"Sweet potato, canned, NS as to fat","Other red and orange vegetables","1 cup, pieces (250g)",100,g,124,1.6,20.1,4.4,1.7
"Sweet potato, canned, no added fat","Other red and orange vegetables","1 cup, mashed (250g)",100,g,91,1.6,21,0.2,1.8
"Sweet potato, canned, fat added","Other red and orange vegetables","1 cup, pieces (250g)",100,g,124,1.6,20.1,4.4,1.7
"Sweet potato, casserole or mashed","Other red and orange vegetables","Quantity not specified (125g)",100,g,99,1.9,17.2,2.6,2.4
"Sweet potato fries, NFS","Fried vegetables","Quantity not specified (90g)",100,g,192,2.3,37.5,9.4,6
"Sweet potato chips","Tortilla, corn, other chips","1 cup (25g)",100,g,529,2.9,56.5,32.2,8.8
"Sweet potato fries, frozen","Fried vegetables","1 cup (60g)",100,g,192,2.3,37.5,9.4,6
"Sweet potato fries, from fresh","Fried vegetables","1 cup (60g)",100,g,156,1.5,16.4,9.4,2.8
"Sweet potato fries, fast food / restaurant","Fried vegetables","1 fry, any cut (5g)",100,g,305,1.9,31.6,23.9,5.1
"Sweet potato fries, school","Fried vegetables","Quantity not specified (90g)",100,g,192,2.3,37.5,9.4,6
"Sweet potato tots","Fried vegetables","Quantity not specified (65g)",100,g,191,2.3,37.3,9.4,6
"Sweet potato tots, fast food / restaurant","Fried vegetables","Quantity not specified (65g)",100,g,240,2.1,34.9,15.6,5.6
"Sweet potato tots, school","Fried vegetables","1 piece (8g)",100,g,192,2.3,37.5,9.4,6
"Soup, pumpkin","Soups, cream-based","1 individual container (440g)",100,g,72,1.1,6.9,4.7,1.5
"Tomatoes, raw","Tomatoes","1 slice (20g)",100,g,20,0.8,4,0.3,1.2
"Tomatoes, NS as to form, cooked","Tomatoes","1 whole (110g)",100,g,50,1.1,4.7,3.4,1.5
"Tomatoes, fresh, cooked","Tomatoes","1 cup (240g)",100,g,50,1.1,4.7,3.4,1.5
"Tomatoes, canned, cooked","Tomatoes","1 whole (110g)",100,g,43,0.8,3.2,3,1.8
"Tomatoes, scalloped","Vegetable dishes","1 cup (240g)",100,g,110,2.7,14.1,5,1.9
"Tomatoes, canned, reduced sodium, cooked","Tomatoes","1 cup (240g)",100,g,39,0.8,3.4,2.8,1.8
"Fried green tomatoes","Fried vegetables","1 slice (35g)",100,g,216,3.7,21.8,12.8,1.3
"Tomato, green, pickled","Olives, pickles, pickled vegetables","1 whole (74g)",100,g,40,1,9.1,0.2,0.9
"Sun-dried tomatoes","Tomatoes","Quantity not specified (28g)",100,g,258,14.1,55.8,3,12.3
"Tomato juice, 100%","Vegetable juice","1 fl oz (no ice) (31g)",100,g,23,0.9,4.3,0.3,0.4
"Tomato juice, 100%, low sodium","Vegetable juice","Quantity not specified (248g)",100,g,23,0.9,4.3,0.3,0.4
"Tomato juice cocktail","Vegetable juice","1 fl oz (with ice) (23g)",100,g,22,0.9,3.9,0.3,0.5
"Tomato and vegetable juice, 100%","Vegetable juice","1 fl oz (with ice) (23g)",100,g,22,0.9,3.9,0.3,0.5
"Tomato and vegetable juice, 100%, low sodium","Vegetable juice","1 fl oz (with ice) (23g)",100,g,22,0.6,4.6,0.1,0.8
"Ketchup","Tomato-based condiments","1 cup (272g)",100,g,109,1.1,27.1,0.3,0.3
"Ketchup, reduced sodium","Tomato-based condiments","1 cup (272g)",100,g,101,1,27.4,0.1,0.3
"Tomato chili sauce","Tomato-based condiments","Quantity not specified (17g)",100,g,92,2.5,19.8,0.3,2.4
"Salsa, NFS","Tomato-based condiments","1 packet (9g)",100,g,34,1.4,6.7,0.2,1.8
"Salsa, pico de gallo","Tomato-based condiments","Quantity not specified (32g)",100,g,17,0.7,3.7,0.1,1.1
"Salsa, red","Tomato-based condiments","1 cup (256g)",100,g,34,1.4,6.7,0.2,1.8
"Salsa, red, homemade","Tomato-based condiments","1 cup (234g)",100,g,34,1.4,6.7,0.2,1.8
"Taco sauce","Tomato-based condiments","Quantity not specified (9g)",100,g,11,1.2,0.7,0.7,0.5
"Enchilada sauce, red","Tomato-based condiments","Quantity not specified (32g)",100,g,30,0.6,4.9,0.9,0.5
"Enchilada sauce, green","Dips, gravies, other sauces","Quantity not specified (32g)",100,g,38,1.1,6.4,0.9,1.9
"Salsa verde or salsa, green","Dips, gravies, other sauces","Quantity not specified (30g)",100,g,38,1.1,6.4,0.9,1.9
"Hot Thai sauce","Mustard and other condiments","Quantity not specified (5g)",100,g,74,1,16.6,0.7,0.5
"Spaghetti sauce","Pasta sauces, tomato-based","Quantity not specified (65g)",100,g,51,1.4,8.1,1.5,1.8
"Spaghetti sauce with added vegetables","Pasta sauces, tomato-based","1 cup (260g)",100,g,46,1.5,7.5,1.2,1.7
"Spaghetti sauce, reduced sodium","Pasta sauces, tomato-based","1 cup (260g)",100,g,51,1.4,8.1,1.5,1.8
"Spaghetti sauce, fat free","Pasta sauces, tomato-based","Quantity not specified (65g)",100,g,24,1.2,5.3,0.3,1.5
"Vodka sauce with tomatoes and cream","Pasta sauces, tomato-based","1 cup (260g)",100,g,75,1.2,3.6,6.6,1.3
"Barbecue sauce","Tomato-based condiments","Quantity not specified (34g)",100,g,172,0.8,40.8,0.6,0.9
"Buffalo sauce","Mustard and other condiments","Quantity not specified (32g)",100,g,11,1.2,0.8,0.7,0.6
"Steak sauce","Tomato-based condiments","Quantity not specified (17g)",100,g,95,1.3,22,0.2,1.5
"Cocktail sauce","Tomato-based condiments","1 tablespoon (17g)",100,g,128,1.4,28.2,1.1,1.8
"Puerto Rican seasoning with ham","Mustard and other condiments","1 cup (240g)",100,g,266,4,7.2,24.8,1.6
"Puerto Rican seasoning without ham and tomato sauce","Mustard and other condiments","1 cup (240g)",100,g,127,1,6.9,10.8,1.5
"Tomato and cucumber salad made with tomato, cucumber, oil, and vinegar","Coleslaw, non-lettuce salads","Quantity not specified (80g)",100,g,122,0.5,6.4,10.2,0.6
"Soup, tomato","Soups, broth-based","1 cup (245g)",100,g,19,0.7,3.6,0.4,0.9
"Soup, cream of tomato","Soups, cream-based","1 cup (255g)",100,g,70,1.2,6.4,4.7,1
"Soup, tomato, canned","Soups, broth-based","1 cup (245g)",100,g,34,0.6,7.7,0.3,0.6
"Soup, tomato, canned / carton, reduced sodium","Soups, broth-based","1 cup (245g)",100,g,35,0.6,7.7,0.3,0.6
"Tomato sandwich on white","Vegetable sandwiches/burgers","1 sandwich, any size (120g)",100,g,201,8.5,26.5,6.8,1.5
"Tomato sandwich on wheat","Vegetable sandwiches/burgers","1 sandwich, any size (120g)",100,g,199,9.4,24.7,7,3.1
"Raw vegetable, NFS","Other vegetables and combinations","Quantity not specified (60g)",100,g,30,1.2,5.8,0.3,2
"Sprouts, NFS","Other vegetables and combinations","Quantity not specified (28g)",100,g,30,3,5.9,0.2,1.8
"Alfalfa sprouts, raw","Other vegetables and combinations","Quantity not specified (17g)",100,g,23,4,2.1,0.7,1.9
"Artichoke","Other vegetables and combinations","1 cup (150g)",100,g,53,2.9,12,0.3,5.7
"Asparagus, raw","Other vegetables and combinations","Quantity not specified (68g)",100,g,20,2.2,3.9,0.1,2.1
"Bean sprouts, raw","Other vegetables and combinations","1 cup (90g)",100,g,30,3,5.9,0.2,1.8
"Green beans, raw","String beans","1 cup (100g)",100,g,40,2,7.4,0.3,3
"Beets, raw","Other vegetables and combinations","1 cup (135g)",100,g,43,1.6,9.6,0.2,2.8
"Broccoflower, raw","Other vegetables and combinations","1 cup (64g)",100,g,31,3,6.1,0.3,3.2
"Brussels sprouts, raw","Other vegetables and combinations","1 cup (90g)",100,g,43,3.4,9,0.3,3.8
"Cabbage, green, raw","Cabbage","1 cup (90g)",100,g,31,1,6.4,0.2,2.5
"Cabbage, Chinese, raw","Cabbage","Quantity not specified (45g)",100,g,13,1.5,2.2,0.2,1
"Cabbage, red, raw","Cabbage","1 head (840g)",100,g,34,1.2,6.8,0.2,2.1
"Cactus, raw","Other vegetables and combinations","1 cup (150g)",100,g,16,1.3,3.3,0.1,2.2
"Cauliflower, raw","Other vegetables and combinations","Quantity not specified (55g)",100,g,25,1.9,5,0.3,2
"Celery, raw","Other vegetables and combinations","1 stick (4g)",100,g,17,0.5,3.3,0.2,1.6
"Fennel bulb, raw","Other vegetables and combinations","Quantity not specified (25g)",100,g,31,1.2,7.3,0.2,3.1
"Basil, raw","Not included in a food category","1 leaf (0.5g)",100,g,23,3.2,2.7,0.6,1.6
"Chives, raw","Not included in a food category","Quantity not specified (3g)",100,g,30,3.3,4.4,0.7,2.5
"Cilantro, raw","Not included in a food category","1 guideline amount per item (0.3g)",100,g,23,2.1,3.7,0.5,2.8
"Corn, raw","Corn","1 cup (150g)",100,g,86,3.3,18.7,1.4,2
"Cucumber, raw","Other vegetables and combinations","Quantity not specified (60g)",100,g,16,0.6,3,0.2,0.5
"Eggplant, raw","Other vegetables and combinations","Quantity not specified (40g)",100,g,25,1,5.9,0.2,3
"Garlic, raw","Mustard and other condiments","1 clove (3g)",100,g,143,6.6,28.2,0.4,2.7
"Jicama, raw","Other vegetables and combinations","1 whole (660g)",100,g,38,0.7,8.8,0.1,4.9
"Kohlrabi, raw","Other vegetables and combinations","Quantity not specified (68g)",100,g,27,1.7,6.2,0.1,3.6
"Lettuce, raw","Lettuce and lettuce salads","Quantity not specified (18g)",100,g,20,0.9,3.7,0.1,1.3
"Lettuce, Boston, raw","Lettuce and lettuce salads","1 cup (25g)",100,g,18,0.9,3.3,0.1,0.9
"Lettuce, arugula, raw","Lettuce and lettuce salads","1 leaf (2g)",100,g,25,2.6,3.7,0.7,1.6
"Mixed salad greens, raw","Lettuce and lettuce salads","Guideline amount in salad (70g)",100,g,21,1.3,3.4,0.2,1.4
"Mushrooms, raw","Other vegetables and combinations","Quantity not specified (35g)",100,g,31,2.9,4.1,0.4,1.7
"Onions, green, raw","Onions","Quantity not specified (15g)",100,g,32,1.8,7.3,0.2,2.6
"Onions, raw","Onions","Quantity not specified (15g)",100,g,38,0.9,8.5,0.1,1.7
"Parsley, raw","Not included in a food category","Quantity not specified (4g)",100,g,36,3,6.3,0.8,3.3
"Green peas, raw","Other starchy vegetables","Quantity not specified (73g)",100,g,81,5.4,14.5,0.4,5.7
"Peppers, hot, raw","Mustard and other condiments","Quantity not specified (15g)",100,g,34,1.4,7.7,0.4,2.2
"Peppers, raw, NFS","Other vegetables and combinations","1 cup (150g)",100,g,27,0.8,5.7,0.1,1
"Peppers, sweet, green, raw","Other vegetables and combinations","1 ring (10g)",100,g,23,0.7,4.8,0.1,0.9
"Peppers, sweet, red, raw","Other red and orange vegetables","1 piece (10g)",100,g,31,0.9,6.7,0.1,1.2
"Peppers, banana, raw","Other vegetables and combinations","Quantity not specified (45g)",100,g,27,1.7,5.4,0.5,3.4
"Radish","Other vegetables and combinations","1 slice (1g)",100,g,16,0.7,3.4,0.1,1.6
"Rutabaga, raw","Other vegetables and combinations","Quantity not specified (70g)",100,g,37,1.1,8.6,0.2,2.3
"Seaweed, raw","Other vegetables and combinations","1 cup (80g)",100,g,41,3.5,7.9,0.5,0.7
"Snowpeas, raw","Other vegetables and combinations","1 snow pea (3g)",100,g,42,2.8,7.6,0.2,2.6
"Summer squash, yellow, raw","Other vegetables and combinations","1 whole (200g)",100,g,19,1,3.9,0.3,1
"Summer squash, green, raw","Other vegetables and combinations","Quantity not specified (58g)",100,g,17,1.2,3.1,0.3,1
"Turnip, raw","Other vegetables and combinations","Quantity not specified (65g)",100,g,28,0.9,6.4,0.1,1.8
"Mixed vegetable juice","Vegetable juice","Quantity not specified (123g)",100,g,28,0.7,6.3,0.2,1.2
"Celery juice","Vegetable juice","1 cup (236g)",100,g,17,0.5,3.3,0.2,1.6
"Broccoli salad with cauliflower, cheese, bacon bits, and dressing","Coleslaw, non-lettuce salads","1 cup (154g)",100,g,270,5.8,10.4,22.8,1.6
"Broccoli slaw salad","Coleslaw, non-lettuce salads","Quantity not specified (93g)",100,g,123,2,10.4,8.1,1.9
"Coleslaw, fast food / restaurant","Coleslaw, non-lettuce salads","1 cup (220g)",100,g,159,0.9,12.4,11.8,1.9
"Coleslaw","Coleslaw, non-lettuce salads","1 cup (220g)",100,g,117,0.9,10.5,8,1.9
"Cabbage salad, NFS","Coleslaw, non-lettuce salads","Quantity not specified (110g)",100,g,45,0.8,8.9,0.8,2.4
"Coleslaw, with fruit","Coleslaw, non-lettuce salads","Quantity not specified (110g)",100,g,113,0.9,13.7,6.3,2.1
"Cucumber and vegetable namasu","Coleslaw, non-lettuce salads","1 cup (155g)",100,g,56,0.5,12.2,0.2,0.6
"Cucumber salad, made with sour cream dressing","Coleslaw, non-lettuce salads","1 cup (133g)",100,g,66,1.3,3.7,5.2,0.4
"Cucumber salad, made with Italian dressing","Coleslaw, non-lettuce salads","1 cup (159g)",100,g,120,0.5,6.2,10,0.5
"Cucumber salad made with cucumber and vinegar","Coleslaw, non-lettuce salads","Quantity not specified (80g)",100,g,34,0.5,6.8,0.1,0.5
"Lettuce, salad with assorted vegetables including tomatoes and/or carrots, no dressing","Lettuce and lettuce salads","1 Burger King side salad (98g)",100,g,24,1.1,4.6,0.2,1.5
"Lettuce, salad with assorted vegetables excluding tomatoes and carrots, no dressing","Lettuce and lettuce salads","Quantity not specified (74g)",100,g,23,1.2,4.1,0.2,1.3
"Lettuce, salad with avocado, tomato, and/or carrots, with or without other vegetables, no dressing","Lettuce and lettuce salads","Quantity not specified (87g)",100,g,54,1.3,5.5,3.4,2.7
"Lettuce, salad with cheese, tomato and/or carrots, with or without other vegetables, no dressing","Lettuce and lettuce salads","Quantity not specified (77g)",100,g,91,4.9,4.2,6.1,1.2
"Lettuce, salad with egg, tomato, and/or carrots, with or without other vegetables, no dressing","Lettuce and lettuce salads","Quantity not specified (88g)",100,g,50,3.4,3.9,2.3,1.2
"Lettuce, salad with egg, cheese, tomato, and/or carrots, with or without other vegetables, no dressing","Lettuce and lettuce salads","1 cup (79g)",100,g,71,4.2,3.7,4.4,1.2
"Lettuce, wilted, with bacon dressing","Vegetable dishes","1 cup (125g)",100,g,84,2.8,3.4,6.3,1
"Seven-layer salad, lettuce salad made with a combination of onion, celery, green pepper, peas, mayonnaise, cheese, eggs, and/or bacon","Vegetable dishes","Quantity not specified (60g)",100,g,229,4.7,5.8,20.7,1.2
"Greek Salad, no dressing","Vegetable dishes","Quantity not specified (105g)",100,g,48,2.8,4.4,2.3,1.5
"Spinach salad, no dressing","Vegetable dishes","1 cup (74g)",100,g,84,7,2.1,5.1,1.2
"Cobb salad, no dressing","Vegetable dishes","1 cup (105g)",100,g,93,11.3,2.7,4.3,1.2
"Aloe vera juice drink","Other fruit juice","1 fl oz (with ice) (23g)",100,g,15,0,3.8,0,0
"Asparagus, fresh, cooked, no added fat","Other vegetables and combinations","1 piece (4g)",100,g,21,2.4,4.2,0.1,2.3
"Asparagus, frozen, cooked, no added fat","Other vegetables and combinations","1 piece (4g)",100,g,18,2.9,1.9,0.4,1.6
"Asparagus, canned, cooked, no added fat","Other vegetables and combinations","Quantity not specified (120g)",100,g,19,2.1,2.5,0.7,1.6
"Asparagus, NS as to form, cooked","Other vegetables and combinations","Quantity not specified (93g)",100,g,45,2.3,4,2.9,2.2
"Asparagus, fresh, cooked, fat added, NS as to fat type","Other vegetables and combinations","1 cup (185g)",100,g,45,2.3,4,2.9,2.2
"Asparagus, frozen, cooked, fat added, NS as to fat type","Other vegetables and combinations","1 spear (16g)",100,g,40,2.9,1.9,3,1.5
"Asparagus, canned, cooked, fat added, NS as to fat type","Other vegetables and combinations","Quantity not specified (123g)",100,g,41,2.1,2.4,3.2,1.6
"Asparagus, fresh, cooked with oil","Other vegetables and combinations","1 piece (4g)",100,g,49,2.3,4,3.3,2.2
"Asparagus, fresh, cooked with butter or margarine","Other vegetables and combinations","1 spear (16g)",100,g,42,2.3,4.1,2.5,2.2
"Asparagus, frozen, cooked with oil","Other vegetables and combinations","1 piece (4g)",100,g,44,2.9,1.9,3.3,1.5
"Asparagus, frozen, cooked with butter or margarine","Other vegetables and combinations","1 cup (185g)",100,g,37,2.9,1.9,2.6,1.5
"Asparagus, canned, cooked with oil","Other vegetables and combinations","1 cup (245g)",100,g,45,2.1,2.4,3.5,1.6
"Asparagus, canned, cooked with butter or margarine","Other vegetables and combinations","1 cup (245g)",100,g,38,2.1,2.4,2.8,1.6
"Bamboo shoots, cooked","Other vegetables and combinations","1 cup (155g)",100,g,41,1.7,3.1,2.9,1.4
"Lima beans, from frozen, no added fat","Other starchy vegetables","1 cup (180g)",100,g,103,6.1,19.3,0.3,5.3
"Lima beans, from frozen, fat added","Other starchy vegetables","1 bean (2g)",100,g,123,5.9,18.7,2.9,5.1
"Lima beans, from canned","Other starchy vegetables","1 cup (185g)",100,g,122,5.9,18.6,2.9,5.1
"Green beans, cooked, from restaurant","String beans","1 cut piece (2g)",100,g,78,2,7.3,4.6,3
"Green beans, fresh, cooked, no added fat","String beans","1 cup (140g)",100,g,42,2.1,7.7,0.3,3.1
"Green beans, frozen, cooked, no added fat","String beans","1 cut piece (2g)",100,g,28,1.5,6.4,0.2,3
"Green beans, canned, cooked, no added fat","String beans","1 cup (140g)",100,g,24,1,4.1,0.4,1.9
"Green beans, NS as to form, cooked","String beans","1 cup (145g)",100,g,55,1.5,5.7,2.9,2.4
"Green beans, fresh, cooked, fat added, NS as to fat type","String beans","Quantity not specified (73g)",100,g,64,2,7.5,2.9,3
"Green beans, frozen, cooked, fat added, NS as to fat type","String beans","Quantity not specified (73g)",100,g,50,1.5,6.3,2.7,2.9
"Green beans, canned, cooked, fat added, NS as to fat type","String beans","Quantity not specified (73g)",100,g,46,1,4,2.9,1.8
"Green beans, fresh, cooked with oil","String beans","1 cup (145g)",100,g,68,2,7.5,3.3,3
"Green beans, fresh, cooked with butter or margarine","String beans","Quantity not specified (73g)",100,g,61,2,7.5,2.6,3
"Green beans, frozen, cooked with oil","String beans","1 cut piece (2g)",100,g,53,1.4,6.2,3.1,2.9
"Green beans, frozen, cooked with butter or margarine","String beans","1 cup (145g)",100,g,47,1.5,6.3,2.4,2.9
"Green beans, canned, cooked with oil","String beans","1 cup (145g)",100,g,50,1,4,3.3,1.8
"Green beans, canned, cooked with butter or margarine","String beans","Quantity not specified (73g)",100,g,43,1,4,2.6,1.8
"Green beans, canned, reduced sodium, cooked, no added fat","String beans","Quantity not specified (70g)",100,g,22,1.1,4.3,0.5,1.9
"Green beans, canned, reduced sodium, cooked, fat added, NS as to fat type","String beans","1 cup (145g)",100,g,44,1.1,4.2,3,1.8
"Green beans, canned, reduced sodium, cooked with oil","String beans","1 bean (6g)",100,g,48,1.1,4.2,3.4,1.8
"Green beans, canned, reduced sodium, cooked with butter or margarine","String beans","1 bean (6g)",100,g,41,1.1,4.2,2.6,1.8
"Fried green beans","Fried vegetables","1 cup (145g)",100,g,223,4,22.9,12.9,2
"Yellow string beans, cooked","String beans","1 cup (145g)",100,g,50,1.5,6.3,2.7,2.9
"Bean sprouts, cooked","Other vegetables and combinations","Quantity not specified (58g)",100,g,116,9.8,6.1,6.9,3.3
"Beets, fresh, cooked, no added fat","Other vegetables and combinations","1 whole (50g)",100,g,45,1.7,9.9,0.2,2.9
"Beets, canned, cooked, no added fat","Other vegetables and combinations","1 whole (25g)",100,g,31,0.9,7.2,0.1,1.8
"Beets, NS as to form, cooked","Other vegetables and combinations","Quantity not specified (88g)",100,g,53,0.9,7,2.7,1.7
"Beets, fresh, cooked, fat added","Other vegetables and combinations","1 slice (10g)",100,g,67,1.6,9.7,2.8,2.8
"Beets, canned, cooked, fat added","Other vegetables and combinations","1 cup (175g)",100,g,53,0.9,7,2.7,1.7
"Beets, canned, reduced sodium, cooked","Other vegetables and combinations","1 slice (10g)",100,g,53,0.8,6.8,2.8,1.2
"Bitter melon, cooked","Other vegetables and combinations","1 cup (130g)",100,g,41,0.8,4.2,2.7,1.9
"Breadfruit, cooked","Other starchy vegetables","1 cup (170g)",100,g,123,1,26.3,2.8,4.7
"Broccoflower, cooked","Other vegetables and combinations","Quantity not specified (45g)",100,g,55,3,6.2,3,3.2
"Brussels sprouts, fresh, cooked, no added fat","Other vegetables and combinations","1 cup (155g)",100,g,45,3.5,9.3,0.3,3.9
"Brussels sprouts, frozen, cooked, no added fat","Other vegetables and combinations","1 cup (155g)",100,g,42,3.6,8.3,0.4,4.1
"Brussels sprouts, NS as to form, cooked","Other vegetables and combinations","1 cup (160g)",100,g,67,3.4,9,3,3.8
"Brussels sprouts, fresh, cooked, fat added","Other vegetables and combinations","1 sprout (20g)",100,g,67,3.4,9,3,3.8
"Brussels sprouts, frozen, cooked, fat added","Other vegetables and combinations","1 cup (160g)",100,g,64,3.5,8.1,2.9,4
"Burdock, cooked","Other vegetables and combinations","1 cup (130g)",100,g,100,1.6,18.1,2.9,3.4
"Cabbage, Chinese, cooked, no added fat","Cabbage","1 cup (170g)",100,g,14,1.6,2.3,0.2,1
"Cabbage, Chinese, cooked, fat added","Cabbage","1 cup (175g)",100,g,37,1.5,2.2,2.9,1
"Cabbage, green, cooked, no added fat","Cabbage","Quantity not specified (75g)",100,g,32,1,6.6,0.2,2.6
"Cabbage, green, cooked, fat added, NS as to fat type","Cabbage","Quantity not specified (78g)",100,g,55,1,6.4,2.9,2.5
"Cabbage, green, cooked with oil","Cabbage","1 cup (155g)",100,g,58,1,6.4,3.3,2.5
"Cabbage, green, cooked with butter or margarine","Cabbage","Quantity not specified (78g)",100,g,52,1,6.4,2.5,2.5
"Cabbage, red, cooked","Cabbage","Quantity not specified (78g)",100,g,58,1.3,6.9,2.9,2.1
"Cabbage, savoy, cooked","Cabbage","Quantity not specified (78g)",100,g,51,2,6.2,2.8,3.1
"Cactus, cooked, no added fat","Other vegetables and combinations","1 pad (30g)",100,g,16,1.3,3.3,0.1,2.2
"Cactus, cooked, fat added","Other vegetables and combinations","Quantity not specified (78g)",100,g,38,1.3,3.2,2.6,2.1
"Cauliflower, fresh, cooked, no added fat","Other vegetables and combinations","1 cup (155g)",100,g,26,2,5.2,0.3,2.1
"Cauliflower, frozen, cooked, no added fat","Other vegetables and combinations","1 cup (185g)",100,g,19,1.6,3.7,0.2,2.7
"Cauliflower, NS as to form, cooked","Other vegetables and combinations","Quantity not specified (80g)",100,g,49,1.9,5,2.9,2
"Cauliflower, fresh, cooked, fat added, NS as to fat type","Other vegetables and combinations","1 floweret (13g)",100,g,49,1.9,5,2.9,2
"Cauliflower, frozen, cooked, fat added, NS as to fat type","Other vegetables and combinations","Quantity not specified (95g)",100,g,41,1.6,3.6,2.8,2.6
"Cauliflower, fresh, cooked with oil","Other vegetables and combinations","1 piece (13g)",100,g,52,1.9,5,3.3,2
"Cauliflower, fresh, cooked with butter or margarine","Other vegetables and combinations","1 piece (13g)",100,g,46,2,5,2.6,2
"Cauliflower, frozen, cooked with oil","Other vegetables and combinations","1 cup (190g)",100,g,45,1.6,3.6,3.1,2.6
"Cauliflower, frozen, cooked with butter or margarine","Other vegetables and combinations","1 cup (190g)",100,g,38,1.6,3.6,2.4,2.6
"Celery, cooked","Other vegetables and combinations","1 cup (155g)",100,g,42,0.5,3.5,2.9,1.7
"Fennel bulb, cooked","Other vegetables and combinations","1 fennel bulb (218g)",100,g,62,1.4,8.3,3.2,3.5
"Christophine, cooked","Other vegetables and combinations","Quantity not specified (83g)",100,g,44,0.9,4.7,2.9,1.8
"Corn, cooked, from restaurant","Corn","1 regular ear (108g)",100,g,119,3.1,17.7,5.4,1.9
"Corn, fresh, cooked, no added fat","Corn","Quantity not specified (83g)",100,g,86,3.3,18.6,1.4,2
"Corn, frozen, cooked, no added fat","Corn","1 regular ear (105g)",100,g,81,2.5,19.2,0.7,2.4
"Corn, canned, cooked, no added fat","Corn","1 cup (165g)",100,g,67,2.3,14.3,1.2,2
"Corn, NS as to form, cooked","Corn","1 regular ear (108g)",100,g,88,2.2,13.9,3.7,1.9
"Corn, fresh, cooked, fat added, NS as to fat type","Corn","1 regular ear (108g)",100,g,106,3.2,18.1,3.9,1.9
"Corn, frozen, cooked, fat added, NS as to fat type","Corn","1 cup (170g)",100,g,101,2.5,18.7,3.2,2.3
"Corn, canned, cooked, fat added, NS as to fat type","Corn","1 baby corn (8g)",100,g,88,2.2,13.9,3.7,1.9
"Corn, fresh, cooked with oil","Corn","1 baby corn (8g)",100,g,109,3.2,18.1,4.2,1.9
"Corn, fresh, cooked with butter or margarine","Corn","1 cup (170g)",100,g,103,3.2,18.1,3.5,1.9
"Corn, frozen, cooked with oil","Corn","1 baby corn (8g)",100,g,105,2.5,18.7,3.6,2.3
"Corn, frozen, cooked with butter or margarine","Corn","1 regular ear (108g)",100,g,98,2.5,18.7,2.8,2.3
"Corn, canned, cooked with oil","Corn","1 baby corn (8g)",100,g,91,2.2,13.9,4.1,1.9
"Corn, canned, cooked with butter or margarine","Corn","1 cup (170g)",100,g,85,2.2,13.9,3.4,1.9
"Corn, creamed","Corn","Quantity not specified (125g)",100,g,72,1.7,18.1,0.4,1.2
"Corn, canned, reduced sodium, cooked, no added fat","Corn","Quantity not specified (83g)",100,g,66,2.1,14.9,0.8,1.8
"Corn, canned, reduced sodium, cooked, fat added, NS as to fat type","Corn","Quantity not specified (85g)",100,g,88,2,14.5,3.6,1.8
"Corn, canned, reduced sodium, cooked with oil","Corn","1 cup (170g)",100,g,92,2,14.5,3.9,1.8
"Corn, canned, reduced sodium, cooked with butter or margarine","Corn","1 cup (170g)",100,g,85,2.1,14.5,3.2,1.8
"Cucumber, cooked","Other vegetables and combinations","1 cup (185g)",100,g,45,0.7,3.4,3.2,0.6
"Eggplant, cooked, no added fat","Other vegetables and combinations","1 slice (55g)",100,g,27,1.1,6.3,0.2,3.2
"Eggplant, cooked, fat added","Other vegetables and combinations","1 whole (565g)",100,g,51,1,6.1,2.9,3.1
"Flowers or blossoms of sesbania, squash, or lily, cooked","Other vegetables and combinations","Quantity not specified (55g)",100,g,37,1.1,3.2,2.6,0.9
"Garlic, cooked","Mustard and other condiments","1 clove (3g)",100,g,142,6.6,28,0.4,2.7
"Hominy, cooked","Grits and other cooked cereals","Quantity not specified (85g)",100,g,88,1.5,13.8,2.9,2.4
"Kohlrabi, cooked","Other vegetables and combinations","Quantity not specified (85g)",100,g,51,1.7,6.3,2.8,3.6
"Leeks","Onions","Quantity not specified (85g)",100,g,88,1.6,14.7,3.1,1.9
"Lotus root, cooked","Other vegetables and combinations","1 cup (125g)",100,g,87,1.5,15.5,2.6,3
"Mushrooms, fresh, cooked, no added fat","Other vegetables and combinations","1 piece/slice (6g)",100,g,39,3.6,5.2,0.4,2.2
"Mushrooms, NS as to form, cooked","Other vegetables and combinations","1 piece/slice (6g)",100,g,66,3.5,5,3.6,2.1
"Mushrooms, fresh, cooked, fat added, NS as to fat type","Other vegetables and combinations","1 cup (160g)",100,g,66,3.5,5,3.6,2.1
"Mushrooms, canned, cooked","Other vegetables and combinations","1 cup (160g)",100,g,47,1.8,5,2.8,2.3
"Mushrooms, fresh, cooked with oil","Other vegetables and combinations","1 cup (160g)",100,g,70,3.5,5,4.1,2.1
"Mushrooms, fresh, cooked with butter or margarine","Other vegetables and combinations","1 piece/slice (6g)",100,g,62,3.5,5,3.2,2.1
"Mushroom, Asian, cooked, from dried","Other vegetables and combinations","Quantity not specified (72g)",100,g,44,2.4,8.2,0.2,4.2
"Okra, fresh, cooked, no added fat","Other vegetables and combinations","1 cup (160g)",100,g,35,2.1,8,0.2,3.4
"Okra, frozen, cooked, no added fat","Other vegetables and combinations","Quantity not specified (93g)",100,g,29,1.6,6.4,0.2,2.1
"Okra, NS as to form, cooked","Other vegetables and combinations","Quantity not specified (83g)",100,g,59,2,7.8,2.9,3.3
"Okra, fresh, cooked, fat added","Other vegetables and combinations","Quantity not specified (83g)",100,g,59,2,7.8,2.9,3.3
"Okra, frozen, cooked, fat added","Other vegetables and combinations","1 cup (190g)",100,g,51,1.6,6.2,2.8,2
"Lettuce, cooked","Lettuce and lettuce salads","Quantity not specified (43g)",100,g,49,1.1,4.2,3.1,1.5
"Onions, cooked, no added fat","Onions","1 whole (148g)",100,g,47,1.3,11,0.1,2
"Onions, cooked, fat added","Onions","Quantity not specified (108g)",100,g,73,1.3,10.6,3.1,1.9
"Onions, pearl, cooked","Onions","1 cup (185g)",100,g,50,0.7,6.5,2.6,1.4
"Onions, green, cooked","Onions","1 whole (15g)",100,g,63,2.1,8.4,3.2,3
"Palm hearts, cooked","Other vegetables and combinations","Quantity not specified (73g)",100,g,134,2.6,24.8,2.7,1.5
"Parsnips, cooked","Other vegetables and combinations","1 cup (160g)",100,g,92,1.3,16.5,2.8,3.5
"Blackeyed peas, from frozen","Other starchy vegetables","Quantity not specified (92g)",100,g,151,8.2,23,3.2,6.2
"Blackeyed peas, from canned","Other starchy vegetables","1 cup (185g)",100,g,150,8.2,22.9,3.2,6.2
"Green peas, cooked, from restaurant","Other starchy vegetables","Quantity not specified (83g)",100,g,119,5.4,14.3,4.7,5.6
"Green peas, fresh, cooked, no added fat","Other starchy vegetables","Quantity not specified (80g)",100,g,84,5.6,15,0.4,5.9
"Green peas, frozen, cooked, no added fat","Other starchy vegetables","1 cup (160g)",100,g,78,5.1,14.2,0.3,4.5
"Green peas, canned, cooked, no added fat","Other starchy vegetables","1 cup (160g)",100,g,68,4.5,11.4,0.8,4.9
"Green peas, NS as to form, cooked","Other starchy vegetables","1 cup (165g)",100,g,98,5,13.8,2.8,4.4
"Green peas, fresh, cooked, fat added, NS as to fat type","Other starchy vegetables","1 cup (165g)",100,g,106,5.5,14.6,3.1,5.7
"Green peas, frozen, cooked, fat added, NS as to fat type","Other starchy vegetables","1 cup (165g)",100,g,98,5,13.8,2.8,4.4
"Green peas, canned, cooked, fat added, NS as to fat type","Other starchy vegetables","1 cup (165g)",100,g,89,4.4,11,3.3,4.8
"Green peas, fresh, cooked with oil","Other starchy vegetables","1 cup (165g)",100,g,109,5.5,14.6,3.4,5.7
"Green peas, fresh, cooked with butter or margarine","Other starchy vegetables","Quantity not specified (83g)",100,g,102,5.5,14.6,2.7,5.7
"Green peas, frozen, cooked with oil","Other starchy vegetables","1 cup (165g)",100,g,102,5,13.8,3.2,4.4
"Green peas, frozen, cooked with butter or margarine","Other starchy vegetables","Quantity not specified (83g)",100,g,95,5,13.8,2.5,4.4
"Green peas, canned, cooked with oil","Other starchy vegetables","1 cup (165g)",100,g,92,4.3,11,3.7,4.8
"Green peas, canned, cooked with butter or margarine","Other starchy vegetables","Quantity not specified (83g)",100,g,86,4.4,11,3,4.8
"Green peas, canned, reduced sodium, cooked, no added fat","Other starchy vegetables","Quantity not specified (80g)",100,g,66,4,12.2,0.4,4.1
"Green peas, canned, reduced sodium, cooked, fat added, NS as to fat type","Other starchy vegetables","1 cup (165g)",100,g,93,3.9,11.8,3.6,4
"Green peas, canned, reduced sodium, cooked with oil","Other starchy vegetables","1 cup (165g)",100,g,97,3.9,11.8,4,4
"Green peas, canned, reduced sodium, cooked with butter or margarine","Other starchy vegetables","1 cup (165g)",100,g,89,3.9,11.9,3.1,4
"Peppers, green, cooked","Other vegetables and combinations","1 piece (10g)",100,g,47,0.7,4.8,2.8,0.9
"Peppers, red, cooked","Other red and orange vegetables","1 miniature (30g)",100,g,55,0.9,6.7,2.8,1.2
"Peppers, hot, cooked","Mustard and other condiments","1 pepper (15g)",100,g,59,1.4,7.7,3.1,2.2
"Pimiento","Mustard and other condiments","1 cup (192g)",100,g,28,1.4,6.2,0.4,2.3
"Rutabaga, cooked","Other vegetables and combinations","1 cup, mashed (245g)",100,g,63,1.1,9,2.9,2.4
"Salsify, cooked","Other vegetables and combinations","1 cup (140g)",100,g,89,2.7,14.9,2.7,3
"Sauerkraut","Olives, pickles, pickled vegetables","Quantity not specified (30g)",100,g,40,0.9,4.2,2.5,2.8
"Snowpeas, fresh, cooked, no added fat","Other vegetables and combinations","1 cup (160g)",100,g,44,2.9,7.8,0.2,2.7
"Snowpeas, frozen, cooked, no added fat","Other vegetables and combinations","1 snow pea (3g)",100,g,52,3.5,9,0.4,3.1
"Snowpeas, NS as to form, cooked","Other vegetables and combinations","1 cup (165g)",100,g,66,2.8,7.6,2.9,2.6
"Snowpeas, fresh, cooked, fat added","Other vegetables and combinations","1 cup (165g)",100,g,66,2.8,7.6,2.9,2.6
"Snowpeas, frozen, cooked, fat added","Other vegetables and combinations","1 cup (165g)",100,g,73,3.4,8.7,2.9,3
"Seaweed, dried","Not included in a food category","Quantity not specified (5g)",100,g,298,31.8,52.4,4,5.6
"Seaweed, cooked, no added fat","Other vegetables and combinations","1 cup (100g)",100,g,41,3.5,7.9,0.5,0.7
"Seaweed, cooked, fat added","Other vegetables and combinations","1 cup (105g)",100,g,63,3.4,7.7,3.1,0.7
"Summer squash, yellow or green, fresh, cooked, no added fat","Other vegetables and combinations","1 slice (10g)",100,g,21,1.3,4.1,0.4,1.2
"Summer squash, yellow or green, frozen, cooked, no added fat","Other vegetables and combinations","1 cup (180g)",100,g,21,1.2,4.5,0.2,1.3
"Summer squash, yellow or green, NS as to form, cooked","Other vegetables and combinations","1 cup, mashed (245g)",100,g,47,1.3,4,3.3,1.1
"Summer squash, yellow or green, fresh, cooked, fat added, NS as to fat type","Other vegetables and combinations","1 cup (185g)",100,g,47,1.3,4,3.3,1.1
"Summer squash, yellow or green, frozen, cooked, fat added, NS as to fat type","Other vegetables and combinations","1 cup (185g)",100,g,43,1.2,4.4,2.7,1.3
"Summer squash, yellow or green, canned, cooked, fat added, NS as to fat type","Other vegetables and combinations","1 cup (185g)",100,g,35,0.6,2.9,2.6,1.3
"Summer squash, yellow or green, fresh, cooked with oil","Other vegetables and combinations","Quantity not specified (93g)",100,g,51,1.3,4,3.8,1.1
"Summer squash, yellow or green, fresh, cooked with butter or margarine","Other vegetables and combinations","Quantity not specified (93g)",100,g,44,1.3,4,2.9,1.1
"Summer squash, yellow or green, frozen, cooked with oil","Other vegetables and combinations","Quantity not specified (93g)",100,g,46,1.2,4.4,3.1,1.3
"Summer squash, yellow or green, frozen, cooked with butter or margarine","Other vegetables and combinations","1 cup (185g)",100,g,40,1.2,4.4,2.4,1.3
"Spaghetti squash, cooked","Other red and orange vegetables","Quantity not specified (78g)",100,g,49,0.7,6.3,2.8,1.4
"Turnip, cooked","Other vegetables and combinations","1 cup (160g)",100,g,54,1,6.7,2.8,1.9
"Water Chesnut","Other starchy vegetables","Quantity not specified (79g)",100,g,78,1.4,19.2,0.1,3.9
"Winter melon, cooked","Other vegetables and combinations","Quantity not specified (88g)",100,g,36,0.4,3,2.7,1
"Yeast","Not included in a food category","Quantity not specified (12g)",100,g,325,40.4,41.2,7.6,26.9
"Yeast extract spread","Mustard and other condiments","Quantity not specified (9g)",100,g,185,23.9,20.4,0.9,6.5
"Lima beans and corn, cooked, no added fat","Other starchy vegetables","1 cup (175g)",100,g,92,4.3,19.3,0.5,3.8
"Lima beans and corn, cooked, fat added","Other starchy vegetables","Quantity not specified (90g)",100,g,112,4.2,18.7,3,3.7
"Bean salad, yellow and/or green string beans","Coleslaw, non-lettuce salads","1 cup (150g)",100,g,109,3.5,13,5,3.4
"Peppers and onions, cooked, no added fat","Other vegetables and combinations","1 cup (140g)",100,g,37,1.1,8.4,0.1,1.5
"Peppers and onions, cooked, fat added","Other vegetables and combinations","Quantity not specified (73g)",100,g,59,1,8.1,2.7,1.5
"Classic mixed vegetables, cooked, from restaurant","Other vegetables and combinations","1 cup (185g)",100,g,100,2.8,12.4,4.7,3.4
"Classic mixed vegetables, frozen, cooked, no added fat","Other vegetables and combinations","Quantity not specified (90g)",100,g,65,2.9,13.1,0.2,4.4
"Classic mixed vegetables, canned, cooked, no added fat","Other vegetables and combinations","1 cup (180g)",100,g,46,2.1,8.8,0.7,2.6
"Classic mixed vegetables, NS as to form, cooked","Other vegetables and combinations","Quantity not specified (93g)",100,g,86,2.8,12.7,2.7,4.3
"Classic mixed vegetables, frozen, cooked, fat added, NS as to fat type","Other vegetables and combinations","Quantity not specified (93g)",100,g,86,2.8,12.7,2.7,4.3
"Classic mixed vegetables, canned, cooked, fat added, NS as to fat type","Other vegetables and combinations","Quantity not specified (93g)",100,g,68,2.1,8.6,3.2,2.5
"Classic mixed vegetables, frozen, cooked with oil","Other vegetables and combinations","1 cup (185g)",100,g,89,2.8,12.7,3.1,4.3
"Classic mixed vegetables, frozen, cooked with butter or margarine","Other vegetables and combinations","1 cup (185g)",100,g,83,2.8,12.7,2.3,4.3
"Classic mixed vegetables, canned, cooked with oil","Other vegetables and combinations","Quantity not specified (93g)",100,g,71,2.1,8.6,3.5,2.5
"Classic mixed vegetables, canned, cooked with butter or margarine","Other vegetables and combinations","1 cup (185g)",100,g,64,2.1,8.6,2.8,2.5
"Classic mixed vegetables, canned, reduced sodium, cooked, no added fat","Other vegetables and combinations","1 cup (180g)",100,g,44,2,9.2,0.5,2.4
"Classic mixed vegetables, canned, reduced sodium, cooked, fat added, NS as to fat type","Other vegetables and combinations","Quantity not specified (93g)",100,g,68,1.9,8.9,3.2,2.3
"Classic mixed vegetables, canned, reduced sodium, cooked with oil","Other vegetables and combinations","Quantity not specified (93g)",100,g,71,1.9,8.9,3.6,2.3
"Classic mixed vegetables, canned, reduced sodium, cooked with butter or margarine","Other vegetables and combinations","Quantity not specified (93g)",100,g,64,1.9,8.9,2.8,2.3
"Peas and corn, cooked, no added fat","Other starchy vegetables","1 cup (160g)",100,g,79,3.8,16.7,0.5,3.4
"Peas and corn, cooked, fat added","Other starchy vegetables","1 cup (165g)",100,g,100,3.7,16.3,3,3.3
"Ratatouille","Vegetable dishes","Quantity not specified (108g)",100,g,67,1.1,5.8,4.7,1.9
"Vegetables, stew type, cooked, fat added","Other vegetables and combinations","Quantity not specified (83g)",100,g,97,1.4,15.1,3.6,2
"Vegetables, stew type, cooked, no added fat","Other vegetables and combinations","Quantity not specified (80g)",100,g,69,1.5,15.7,0.2,2.1
"Broccoli and cauliflower, cooked, no added fat","Other vegetables and combinations","Quantity not specified (78g)",100,g,23,2.4,4.5,0.2,2.8
"Broccoli and cauliflower, cooked, fat added","Other vegetables and combinations","Quantity not specified (80g)",100,g,46,2.3,4.4,2.7,2.8
"Broccoli, cauliflower and carrots, cooked, no added fat","Other vegetables and combinations","1 cup (155g)",100,g,28,1.8,5.6,0.3,3
"Broccoli, cauliflower and carrots, cooked, fat added","Other vegetables and combinations","Quantity not specified (80g)",100,g,50,1.7,5.4,2.9,2.9
"Asian stir fry vegetables, cooked, no added fat","Other vegetables and combinations","1 cup (127g)",100,g,50,2.1,9.9,0.3,2.9
"Asian stir fry vegetables, cooked, fat added","Other vegetables and combinations","1 cup (132g)",100,g,71,2,9.7,2.8,2.8
"Jai, Monk's Food","Other vegetables and combinations","1 cup (188g)",100,g,60,4.3,7.7,1.9,1.7
"Vegetable mixture, dried","Not included in a food category","Quantity not specified (6g)",100,g,328,17.4,49.2,8.9,18.5
"Artichokes, stuffed","Vegetable dishes","1 stuffed globe (250g)",100,g,160,5.3,22.3,5.9,3.9
"Green bean casserole","Vegetable dishes","Quantity not specified (115g)",100,g,56,2,7.1,2.2,1.9
"Green beans, cooked, Szechuan-style","Stir-fry and soy-based sauce mixtures","Quantity not specified (93g)",100,g,106,2.5,8.4,7,3
"Fried cauliflower","Fried vegetables","1 cup (85g)",100,g,218,4,21.9,12.9,1.6
"Chiles rellenos, cheese-filled","Other Mexican mixed dishes","Quantity not specified (143g)",100,g,228,7.8,10.4,17.2,0.7
"Chiles rellenos, filled with meat and cheese","Other Mexican mixed dishes","1 cup (176g)",100,g,230,9,9.7,17.2,0.7
"Stuffed jalapeno pepper","Turnovers and other grain-based items","Quantity not specified (100g)",100,g,241,8.8,16.5,15.9,2.5
"Corn, scalloped or pudding","Vegetable dishes","1 cup (214g)",100,g,116,4.5,15,5.1,1.5
"Fritter, corn","Biscuits, muffins, quick breads","Quantity not specified (70g)",100,g,404,7.4,33.6,27.1,1.6
"Fried eggplant","Fried vegetables","1 cup (220g)",100,g,218,3.7,22.3,12.8,2
"Eggplant dip","Dips, gravies, other sauces","Quantity not specified (60g)",100,g,183,4.8,8.2,15,3.9
"Eggplant parmesan casserole, regular","Vegetable dishes","Quantity not specified (99g)",100,g,155,7,9,10.5,1.9
"Eggplant with cheese and tomato sauce","Vegetable dishes","Quantity not specified (99g)",100,g,90,6.2,6.3,4.8,2.2
"Mushrooms, stuffed","Vegetable dishes","1 stuffed cap (25g)",100,g,288,10.7,27.7,15,3
"Fried mushrooms","Fried vegetables","Quantity not specified (70g)",100,g,222,4.6,21.9,12.9,1.6
"Fried okra","Fried vegetables","Quantity not specified (45g)",100,g,219,3.9,22.4,12.8,1.6
"Fried onion rings","Fried vegetables","Quantity not specified (120g)",100,g,352,4.2,39.9,19.8,2.6
"Pea salad","Coleslaw, non-lettuce salads","Quantity not specified (107g)",100,g,180,3,10.6,14,2.7
"Pea salad with cheese","Coleslaw, non-lettuce salads","1 cup (214g)",100,g,203,5,9.8,16,2.4
"Fried summer squash, yellow or green","Fried vegetables","Quantity not specified (110g)",100,g,216,3.8,21.5,12.9,1.2
"Squash, summer, casserole with tomato and cheese","Vegetable dishes","1 cup (217g)",100,g,85,3.5,8.9,4.3,1.4
"Squash, summer, casserole, with rice and tomato sauce","Vegetable dishes","1 cup (233g)",100,g,83,2.3,14.9,1.7,1.1
"Squash, summer, casserole, with cheese sauce","Vegetable dishes","1 cup (217g)",100,g,92,3.7,9.3,4.7,1.2
"Squash, summer, souffle","Vegetable dishes","1 cup (136g)",100,g,125,4.7,6.9,8.9,0.7
"Stew, vegetable","Vegetable dishes","Quantity not specified (255g)",100,g,47,1.4,10.1,0.2,2.1
"Chow mein or chop suey, meatless, no noodles","Stir-fry and soy-based sauce mixtures","Quantity not specified (165g)",100,g,43,1.3,5.7,1.7,1.2
"Vegetable tempura","Fried vegetables","1 fritter (30g)",100,g,239,3.8,20.5,15.8,1.6
"Pakora","Fried vegetables","Quantity not specified (48g)",100,g,125,4.9,16.2,4.8,3.2
"Vegetable curry","Vegetable dishes","Quantity not specified (240g)",100,g,86,1.6,8.8,5.3,1.8
"Vegetable curry with rice","Vegetable dishes","Quantity not specified (200g)",100,g,103,2,16.5,3.3,1.3
"Chow mein or chop suey, meatless, with noodles","Fried rice and lo/chow mein","Quantity not specified (220g)",100,g,117,3,15.7,5.1,2.1
"Green beans, pickled","Olives, pickles, pickled vegetables","Quantity not specified (30g)",100,g,54,1.6,11,0.3,2.5
"Beets, pickled","Olives, pickles, pickled vegetables","1 whole (25g)",100,g,65,0.8,16.3,0.1,0.8
"Celery, pickled","Olives, pickles, pickled vegetables","1 cup (150g)",100,g,35,0.4,7.6,0.2,1.3
"Relish, corn","Olives, pickles, pickled vegetables","1 tablespoon (15g)",100,g,111,1.7,25.7,0.9,1.5
"Cauliflower, pickled","Olives, pickles, pickled vegetables","Quantity not specified (30g)",100,g,41,1.6,9,0.3,1.7
"Cabbage, green, pickled","Olives, pickles, pickled vegetables","Quantity not specified (30g)",100,g,46,0.8,10.2,0.2,2.1
"Cabbage, red, pickled","Olives, pickles, pickled vegetables","Quantity not specified (30g)",100,g,49,1,10.5,0.2,1.7
"Kimchi","Olives, pickles, pickled vegetables","Quantity not specified (30g)",100,g,15,1.1,2.4,0.5,1.6
"Pickles, dill","Olives, pickles, pickled vegetables","1 half (40g)",100,g,14,0.5,2,0.4,1
"Relish, pickle","Olives, pickles, pickled vegetables","1 individual packet (9g)",100,g,130,0.4,35.1,0.5,1.1
"Pickles, sweet","Olives, pickles, pickled vegetables","1 slice (7g)",100,g,91,0.6,21.2,0.4,1
"Eggplant, pickled","Olives, pickles, pickled vegetables","Quantity not specified (30g)",100,g,41,0.8,9.7,0.2,2.5
"Ginger root, pickled","Olives, pickles, pickled vegetables","1 cup (240g)",100,g,20,0.3,4.8,0.1,2.6
"Horseradish","Mustard and other condiments","1 tablespoon (15g)",100,g,48,1.2,11.3,0.7,3.3
"Mushrooms, pickled","Olives, pickles, pickled vegetables","1 cup (155g)",100,g,46,2.4,8.3,0.3,1.4
"Mustard","Mustard and other condiments","Guideline amount on regular sandwich (5g)",100,g,69,4.3,5.3,3.4,4.3
"Honey mustard dip","Mustard and other condiments","Quantity not specified (60g)",100,g,275,1.8,25.2,18,1
"Okra, pickled","Olives, pickles, pickled vegetables","1 pod (11g)",100,g,48,1.6,11,0.2,2.7
"Olives, NFS","Olives, pickles, pickled vegetables","Quantity not specified (15g)",100,g,116,0.8,6,10.9,1.6
"Olives, green","Olives, pickles, pickled vegetables","1 cup (135g)",100,g,145,1,3.8,15.3,3.3
"Olives, black","Olives, pickles, pickled vegetables","1 olive (5g)",100,g,116,0.8,6,10.9,1.6
"Olives, stuffed","Olives, pickles, pickled vegetables","1 cup (135g)",100,g,141,1.2,5,12.9,4
"Olive tapenade","Olives, pickles, pickled vegetables","Quantity not specified (32g)",100,g,282,0.7,4.2,30.1,1.8
"Hot pepper sauce","Mustard and other condiments","Quantity not specified (5g)",100,g,12,1.3,0.8,0.8,0.6
"Peppers, sweet, pickled","Olives, pickles, pickled vegetables","1 cup (150g)",100,g,43,0.7,9.6,0.1,0.9
"Peppers, hot, pickled","Olives, pickles, pickled vegetables","Quantity not specified (30g)",100,g,22,0.8,4.6,0.4,2.6
"Peppers, jalapenos","Other vegetables and combinations","Guideline amount per sandwich (10g)",100,g,26,0.9,5.5,0.4,2.7
"Pickles, NFS","Olives, pickles, pickled vegetables","1 spear (40g)",100,g,14,0.5,2,0.4,1
"Pickles, fried","Fried vegetables","1 slice (14g)",100,g,213,3.4,20.7,12.9,1.2
"Radishes, pickled","Olives, pickles, pickled vegetables","Quantity not specified (30g)",100,g,34,0.6,7.7,0.1,1.3
"Seaweed, pickled","Olives, pickles, pickled vegetables","1 cup (100g)",100,g,54,2.9,11.4,0.4,0.6
"Vegetables, pickled","Olives, pickles, pickled vegetables","Quantity not specified (30g)",100,g,46,0.9,10.2,0.2,1.6
"Turnip, pickled","Olives, pickles, pickled vegetables","1 cup (155g)",100,g,44,0.8,10.2,0.1,1.5
"Wasabi paste","Mustard and other condiments","1 tablespoon (16g)",100,g,292,2.2,46.1,10.9,6.1
"Zucchini, pickled","Olives, pickles, pickled vegetables","1 cup (170g)",100,g,35,1,7.4,0.3,0.8
"Soup, borscht","Soups, broth-based","1 cup (245g)",100,g,20,0.5,3.9,0.4,0.8
"Soup, gazpacho","Soups, broth-based","Quantity not specified (245g)",100,g,26,0.8,4.5,0.6,1
"Soup, cream of mushroom","Soups, cream-based","1 cup (255g)",100,g,74,2.1,5.7,4.8,1.2
"Soup, French onion","Soups, cream-based","1 individual container (440g)",100,g,108,5.5,11.8,4.5,1.1
"Soup, cream of vegetable","Soups, cream-based","1 individual container (440g)",100,g,78,1.4,7.8,4.7,1.1
"Soup, seaweed","Ramen and Asian broth-based soups","Quantity not specified (245g)",100,g,37,3.7,1.5,1.9,0.2
"Soup, vegetable, canned","Soups, broth-based","1 can (525g)",100,g,38,1.1,7.6,0.4,1.2
"Soup, vegetable, canned, reduced sodium","Soups, broth-based","1 can (525g)",100,g,38,1.1,7.6,0.4,1.2
"Soup, vegetable","Soups, broth-based","1 cup (245g)",100,g,27,0.8,5.1,0.5,1
"Soup, minestrone","Soups, broth-based","1 individual container (440g)",100,g,40,1.7,7.3,0.5,1.5
"Soup, beef","Soups, broth-based","1 cup (245g)",100,g,47,3.3,4,2.1,0.8
"Soup, vegetable, with meat","Soups, broth-based","1 can (525g)",100,g,44,3.4,4,1.6,0.8
"Baby Toddler vegetable, NFS","Baby food: vegetables","1 pouch (110g)",100,g,44,1.4,9.6,0.3,1.6
"Baby Toddler carrots, Stage 1","Baby food: vegetables","1 tub (70g)",100,g,26,0.8,6,0.1,1.7
"Baby Toddler carrots, Stage 2","Baby food: vegetables","1 tub (110g)",100,g,32,0.8,7.2,0.2,1.7
"Baby Toddler squash, Stage 1","Baby food: vegetables","1 tub (70g)",100,g,28,0.8,5.7,0.2,0.9
"Baby Toddler squash, Stage 2","Baby food: vegetables","1 tub (110g)",100,g,24,0.8,5.7,0.2,0.9
"Baby Toddler sweet potatoes, Stage 1","Baby food: vegetables","Quantity not specified (110g)",100,g,57,1.1,13.2,0.1,1.5
"Baby Toddler sweet potatoes, Stage 2","Baby food: vegetables","1 tub (110g)",100,g,60,1.1,14,0.1,1.5
"Baby Toddler green beans, Stage 1","Baby food: vegetables","1 pouch (90g)",100,g,24,1.2,5.8,0.1,1.9
"Baby Toddler green beans, Stage 2","Baby food: vegetables","1 jar (110g)",100,g,24,1.2,5.8,0.1,1.9
"Baby Toddler beets","Baby food: vegetables","1 jar (110g)",100,g,34,1.3,7.7,0.1,1.9
"Baby Toddler multiple vegetables, Stage 2","Baby food: vegetables","1 tub (110g)",100,g,44,1.4,9.6,0.3,1.6
"Baby Toddler multiple vegetables, Stage 3","Baby food: vegetables","1 tub (140g)",100,g,44,1.4,9.6,0.3,1.6
"Baby Toddler vegetables, with grain","Baby food: mixtures","1 pouch (110g)",100,g,58,1.8,12,0.5,1.9
"Baby Toddler vegetables and meat","Baby food: mixtures","1 jar (110g)",100,g,64,3,11.2,1.1,1.8
"Baby Toddler peas, Stage 1","Baby food: vegetables","1 pouch (90g)",100,g,50,3.3,8.4,0.4,2
"Baby Toddler peas, Stage 2","Baby food: vegetables","1 tablespoon (15g)",100,g,50,3.3,8.4,0.4,2
"Toddler meal, NFS","Baby food: meat and dinners","1 tablespoon (15g)",100,g,85,3.7,12.8,2.1,1
"Toddler meal, meat and vegetables","Baby food: meat and dinners","1 tablespoon (15g)",100,g,77,3.5,8.3,3.3,1
"Toddler meal, rice and vegetables","Baby food: meat and dinners","1 tray (150g)",100,g,83,4,13.4,1.4,0.9
"Toddler meal, pasta","Baby food: meat and dinners","1 tray (150g)",100,g,101,4.1,16.1,2.2,0.8
"Toddler meal, pasta and vegetables","Baby food: meat and dinners","1 tray (150g)",100,g,78,3,13.5,1.4,1.1
"Fried stuffed potatoes, Puerto Rican style","Mashed potatoes and white potato mixtures","1 fritter (4"" x 2-1/4"" x 3/4"") (95g)",100,g,185,4.9,16.2,11.3,1.9
"Green plantain with cracklings, Puerto Rican style","Other starchy vegetables","1 cup (200g)",100,g,358,13.2,27,22.8,1.4
"Ripe plantain meat pie, Puerto Rican style","Meat mixed dishes","1 piece (4"" x 2"" x 2"") (190g)",100,g,315,12.8,22,20.2,2.1
"Puerto Rican pasteles","Meat mixed dishes","Quantity not specified (149g)",100,g,213,7.1,17.4,13.2,2.2
"Stuffed cabbage, with meat, Puerto Rican style","Meat mixed dishes","Quantity not specified (175g)",100,g,207,9.6,8.4,15.1,2.3
"Stuffed cabbage, with meat and rice, Syrian dish, Puerto Rican style","Meat mixed dishes","Quantity not specified (220g)",100,g,84,3.1,11.1,3,1.8
"Eggplant and meat casserole","Meat mixed dishes","1 cubic inch (14.3g)",100,g,96,7.1,4.7,5.5,1.5
"Vegetable and fruit juice, 100% juice, with high vitamin C","Other fruit juice","1 fl oz (NFS) (31g)",100,g,46,0.3,11.2,0,0
"Fruit and vegetable smoothie, with dairy","Smoothies and grain drinks","Quantity not specified (324g)",100,g,64,1.6,12.7,0.7,1
"Fruit and vegetable smoothie, added protein","Smoothies and grain drinks","1 small (540g)",100,g,86,7.5,12.2,0.8,1.1
"Fruit and vegetable smoothie, non-dairy","Smoothies and grain drinks","Quantity not specified (324g)",100,g,60,1.2,12.4,0.6,1
"Fruit and vegetable smoothie, non-dairy, added protein","Smoothies and grain drinks","1 large (1080g)",100,g,83,7.1,11.9,0.7,1.2
"Fruit and vegetable smoothie, bottled","Smoothies and grain drinks","Quantity not specified (248g)",100,g,53,0.6,12.5,0.3,0.7
"Fruit and vegetable smoothie, no dairy","Smoothies and grain drinks","1 fl oz (27g)",100,g,63,1.1,13.8,0.4,1
"Vegetable smoothie","Smoothies and grain drinks","1 small (540g)",100,g,89,2.8,5.8,6.6,2.8
"Table fat, NFS","Butter and animal fats","1 pat (7g)",100,g,677,0.6,0.4,75.3,0
"Butter, NFS","Butter and animal fats","1 tablespoon (14g)",100,g,743,0.9,0.1,82.2,0
"Butter, stick","Butter and animal fats","1 cup (224g)",100,g,743,0.9,0.1,82.2,0
"Butter, tub","Butter and animal fats","Quantity not specified (14g)",100,g,731,0.5,0,78.3,0
"Butter, light","Butter and animal fats","1 tablespoon (14g)",100,g,499,3.3,0,55.1,0
"Margarine, NFS","Margarine","Quantity not specified (14g)",100,g,579,0.2,0.8,65,0
"Margarine, stick","Margarine","Guideline amount on regular sandwich (14g)",100,g,717,0.2,0.7,80.7,0
"Margarine, tub","Margarine","1 cup (224g)",100,g,533,0.2,0.9,59.8,0
"Butter replacement, liquid","Margarine","1 tablespoon (14g)",100,g,533,0.2,0.9,59.8,0
"Margarine, light","Margarine","Quantity not specified (14g)",100,g,346,0.3,1.2,37.9,0
"Butter replacement, powder","Margarine","1 cup (100g)",100,g,373,2,89,1,0
"Oil or table fat, NFS","Margarine","1 cup (224g)",100,g,789,0.3,0.2,87.7,0
"Animal fat or drippings","Butter and animal fats","1 cup (192g)",100,g,841,2.2,0,92.2,0
"Lard","Butter and animal fats","1 cup (192g)",100,g,902,0,0,100,0
"Shortening, NS as to vegetable or animal","Margarine","1 tablespoon (12g)",100,g,884,0,0,100,0
"Ghee, clarified butter","Butter and animal fats","1 tablespoon (14g)",100,g,876,0.3,0,99.5,0
"Garlic sauce","Dips, gravies, other sauces","1 dipping-size container (28g)",100,g,683,1.4,2.9,74,0.3
"Lemon-butter sauce","Dips, gravies, other sauces","1 tablespoon (16g)",100,g,671,0.8,0.7,74,0
"Hollandaise sauce","Dips, gravies, other sauces","1 tablespoon (16g)",100,g,546,5.4,1,58,0
"Sandwich spread","Mayonnaise","Quantity not specified (10g)",100,g,389,0.9,22.4,34,0.4
"Tartar sauce","Mayonnaise","Quantity not specified (28g)",100,g,211,1,13.3,16.7,0.5
"Horseradish sauce","Mustard and other condiments","1 tablespoon (16g)",100,g,503,1.1,10.1,50.9,1
"Pesto sauce","Dips, gravies, other sauces","1 tablespoon (16g)",100,g,580,8.6,5.7,59.2,1
"Fry sauce","Mustard and other condiments","1 dipping-size container (28g)",100,g,535,1,7.3,56.2,0.1
"Sauce, NFS","Dips, gravies, other sauces","1 cup (240g)",100,g,109,1.6,12.7,5.7,0.2
"Curry sauce","Dips, gravies, other sauces","Quantity not specified (32g)",100,g,95,1.4,5,8.2,1.4
"Honey butter","Butter and animal fats","1 cup (224g)",100,g,485,0.5,48.5,33.9,0.1
"Vegetable oil, NFS","Salad dressings and vegetable oils","1 cup (224g)",100,g,900,0,0,100,0
"Almond oil","Salad dressings and vegetable oils","1 tablespoon (14g)",100,g,884,0,0,100,0
"Coconut oil","Salad dressings and vegetable oils","Quantity not specified (14g)",100,g,895,0,0.8,99.1,0
"Corn oil","Salad dressings and vegetable oils","1 cup (224g)",100,g,900,0,0,100,0
"Cottonseed oil","Salad dressings and vegetable oils","1 cup (224g)",100,g,884,0,0,100,0
"Flaxseed oil","Salad dressings and vegetable oils","Quantity not specified (14g)",100,g,884,0.1,0,100,0
"Olive oil","Salad dressings and vegetable oils","1 tablespoon (14g)",100,g,900,0,0,100,0
"Peanut oil","Salad dressings and vegetable oils","1 tablespoon (14g)",100,g,900,0,0,100,0
"Canola oil","Salad dressings and vegetable oils","1 cup (224g)",100,g,900,0,0,100,0
"Safflower oil","Salad dressings and vegetable oils","1 tablespoon (14g)",100,g,900,0,0,100,0
"Sesame oil","Salad dressings and vegetable oils","1 tablespoon (14g)",100,g,884,0,0,100,0
"Soybean oil","Salad dressings and vegetable oils","1 cup (224g)",100,g,900,0,0,100,0
"Sunflower oil","Salad dressings and vegetable oils","Quantity not specified (14g)",100,g,900,0,0,100,0
"Walnut oil","Salad dressings and vegetable oils","1 cup (224g)",100,g,884,0,0,100,0
"Wheat germ oil","Salad dressings and vegetable oils","1 tablespoon (14g)",100,g,884,0,0,100,0
"Salad dressing, NFS, for salads","Salad dressings and vegetable oils","1 tablespoon (15.6g)",100,g,430,1.3,5.9,44.5,0
"Salad dressing, NFS, for sandwiches","Mayonnaise","1 packet (12g)",100,g,594,0.9,3.4,64.2,0
"Blue or roquefort cheese dressing","Salad dressings and vegetable oils","1 cup (245g)",100,g,484,1.4,4.8,51.1,0.4
"Bacon and tomato dressing","Salad dressings and vegetable oils","Quantity not specified (30g)",100,g,326,1.8,2,35,0.2
"Caesar dressing","Salad dressings and vegetable oils","Quantity not specified (29g)",100,g,542,2.2,3.3,57.9,0.5
"Coleslaw dressing","Salad dressings and vegetable oils","Quantity not specified (31g)",100,g,404,0.9,22.4,34.5,0
"French or Catalina dressing","Salad dressings and vegetable oils","Quantity not specified (31g)",100,g,419,0.9,18.8,39.1,2.4
"Honey mustard dressing","Salad dressings and vegetable oils","1 packet (44g)",100,g,464,0.9,23.3,40.8,0.4
"Italian dressing, made with vinegar and oil","Salad dressings and vegetable oils","1 packet (44g)",100,g,240,0.4,12.1,21.1,0
"Mayonnaise, regular","Mayonnaise","Guideline amount on large sandwich (28g)",100,g,680,1,0.6,74.9,0
"Vegan mayonnaise","Mayonnaise","Guideline amount on large sandwich (28g)",100,g,232,0.3,16,19.2,0
"Russian dressing","Salad dressings and vegetable oils","Quantity not specified (31g)",100,g,355,0.7,31.9,26.2,0.7
"Mayonnaise-type salad dressing","Mayonnaise","Guideline amount in salad (30g)",100,g,250,0.7,14.8,21.6,0
"Avocado dressing","Salad dressings and vegetable oils","1 tablespoon (15.3g)",100,g,427,1.9,7.4,43.3,0.1
"Creamy Italian dressing","Salad dressings and vegetable oils","1 tablespoon (15g)",100,g,268,0.6,11.2,24.6,0
"Poppy seed dressing","Salad dressings and vegetable oils","Quantity not specified (29g)",100,g,399,0.9,23.7,33.3,0.3
"Sesame dressing","Salad dressings and vegetable oils","1 tablespoon (14.7g)",100,g,443,3.1,8.6,45.2,1
"Ranch dressing","Salad dressings and vegetable oils","Guideline amount on regular sandwich (15g)",100,g,430,1.3,5.9,44.5,0
"Thousand Island dressing","Salad dressings and vegetable oils","1 packet (44g)",100,g,379,1.1,14.6,35.1,0.8
"Fruit dressing","Salad dressings and vegetable oils","Quantity not specified (31g)",100,g,219,2.5,12.4,18,0.1
"Salad dressing, light, NFS","Salad dressings and vegetable oils","Quantity not specified (32g)",100,g,160,1.5,7,14,0
"Blue or roquefort cheese dressing, light","Salad dressings and vegetable oils","Quantity not specified (31g)",100,g,300,1.4,15.2,26.1,1.1
"Creamy Italian dressing, light","Salad dressings and vegetable oils","1 tablespoon (15g)",100,g,111,0.6,9.5,7.8,0
"French or Catalina dressing, light","Salad dressings and vegetable oils","1 dipping-size container (57g)",100,g,222,0.6,31.2,11.5,1.5
"Caesar dressing, light","Salad dressings and vegetable oils","Quantity not specified (30g)",100,g,110,0.3,18.6,4.4,0.1
"Mayonnaise, light","Mayonnaise","Guideline amount in salad (32g)",100,g,238,0.4,9.2,22.2,0
"Mayonnaise, reduced fat, with olive oil","Mayonnaise","1 tablespoon (13.8g)",100,g,361,0.4,0,40,0
"Mayonnaise-type salad dressing, light","Mayonnaise","Guideline amount on regular sandwich (14g)",100,g,158,0.7,16.4,10,0
"Honey mustard dressing, light","Salad dressings and vegetable oils","1 tablespoon (15g)",100,g,207,1,28.3,10,0.8
"Italian dressing, light","Salad dressings and vegetable oils","1 cup (216g)",100,g,102,0.4,10,6.7,0
"Ranch dressing, light","Salad dressings and vegetable oils","1 tablespoon (15g)",100,g,160,1.5,7,14,0
"Sesame dressing, light","Salad dressings and vegetable oils","1 tablespoon (14.7g)",100,g,102,0.4,10,6.7,0
"Thousand Island dressing, light","Salad dressings and vegetable oils","1 tablespoon (15.3g)",100,g,195,0.8,24.1,11.3,1.2
"Korean dressing or marinade","Salad dressings and vegetable oils","1 cup (246g)",100,g,348,3.2,12.7,31.4,0.5
"Blue or roquefort cheese dressing, fat free","Salad dressings and vegetable oils","1 packet (44g)",100,g,115,1.5,25.6,1,1.8
"Caesar dressing, fat free","Salad dressings and vegetable oils","1 tablespoon (14g)",100,g,131,1.5,30.7,0.2,0.2
"Creamy Italian dressing, fat free","Salad dressings and vegetable oils","1 tablespoon (15g)",100,g,56,1,10.4,1.1,0.5
"French or Catalina dressing, fat free","Salad dressings and vegetable oils","1 cup (256g)",100,g,132,0.2,32.1,0.3,2.2
"Honey mustard dressing, fat free","Salad dressings and vegetable oils","1 tablespoon (16g)",100,g,169,1.1,38.4,1.5,1.2
"Italian dressing, fat free","Salad dressings and vegetable oils","1 tablespoon (14g)",100,g,47,1,8.8,0.9,0.6
"Mayonnaise, fat free","Mayonnaise","Quantity not specified (11g)",100,g,64,0.2,15.8,0,2
"Ranch dressing, fat free","Salad dressings and vegetable oils","1 packet (44g)",100,g,107,1.4,20,2.7,0
"Salad dressing, fat free, NFS","Salad dressings and vegetable oils","1 tablespoon (15g)",100,g,107,1.4,20,2.7,0
"Thousand Island dressing, fat free","Salad dressings and vegetable oils","1 packet (44g)",100,g,132,0.6,29.3,1.5,3.3
"Bacon, for use with vegetables","Not included in a food category","Guideline amount per cup of vegetable (8g)",100,g,468,33.9,1.7,35.1,0
"Ham, for use with vegetables","Not included in a food category","Guideline amount per cup of vegetable (14g)",100,g,117,18,1.6,4.4,0
"Beef, for use with vegetables","Not included in a food category","Quantity not specified (14g)",100,g,191,32.4,0,6.8,0
"Chicken, for use with vegetables","Not included in a food category","Guideline amount per cup of vegetable (14g)",100,g,164,26.8,0,6.4,0
"Cream sauce, for use with vegetables","Not included in a food category","Quantity not specified (30g)",100,g,175,0.8,10.6,14.2,0.1
"Cheese sauce, for use with vegetables","Not included in a food category","Guideline amount per cup of vegetable (60g)",100,g,120,4.7,9.6,6.8,0.1
"Gravy, for use with vegetables","Not included in a food category","Quantity not specified (30g)",100,g,57,0.3,11.2,1.1,0.1
"Soy based sauce, for use with vegetables","Not included in a food category","Guideline amount per cup of vegetable (60g)",100,g,89,1.7,20.1,0.2,0.2
"Tomato sauce, for use with vegetables","Not included in a food category","Quantity not specified (30g)",100,g,104,0.5,12.1,6.2,0.6
"Avocado, for use on a sandwich","Vegetables on a sandwich","Guideline amount on large sandwich (45g)",100,g,160,2,8.5,14.7,6.7
"Cucumber, for use on a sandwich","Vegetables on a sandwich","Guideline amount on regular sandwich (10g)",100,g,16,0.6,3,0.2,0.5
"Lettuce, for use on a sandwich","Vegetables on a sandwich","Quantity not specified (8g)",100,g,20,0.9,3.7,0.1,1.3
"Mushrooms, for use on a sandwich","Vegetables on a sandwich","Guideline amount on large sandwich (18g)",100,g,31,2.9,4.1,0.4,1.7
"Onions, for use on a sandwich","Vegetables on a sandwich","Guideline amount on large sandwich (30g)",100,g,38,0.9,8.5,0.1,1.7
"Pepper, for use on a sandwich","Vegetables on a sandwich","Quantity not specified (10g)",100,g,27,0.8,5.7,0.1,1
"Spinach, for use on a sandwich","Vegetables on a sandwich","Quantity not specified (10g)",100,g,27,2.9,2.4,0.6,1.6
"Tomatoes, for use on a sandwich","Vegetables on a sandwich","Quantity not specified (20g)",100,g,20,0.8,4,0.3,1.2
"Bacon, for use on a sandwich","Not included in a food category","Guideline amount on large sandwich (24g)",100,g,494,39.4,2,36.2,0
"Sugar, NFS","Sugars and honey","1 teaspoon (4.2g)",100,g,401,0,99.6,0.3,0
"Sugar, white, granulated or lump","Sugars and honey","1 teaspoon (4.2g)",100,g,401,0,99.6,0.3,0
"Sugar, white, confectioner's, powdered","Sugars and honey","Quantity not specified (5g)",100,g,389,0,99.8,0,0
"Sugar, brown","Sugars and honey","1 teaspoon, NFS (4.6g)",100,g,380,0.1,98.1,0,0
"Sugar, cinnamon","Sugars and honey","1 cup (200g)",100,g,390,0.3,98.3,0.4,3.7
"Sugar substitute and sugar blend","Sugar substitutes","Guideline amount per fl oz of beverage (0.3g)",100,g,399,0,99.4,0.3,0
"Sugar substitute, sucralose, powder","Sugar substitutes","1 tablet (0.1g)",100,g,336,0,91.2,0,0
"Sugar substitute, stevia, powder","Sugar substitutes","1 teaspoon (3g)",100,g,0,0,100,0,0
"Sugar substitute, stevia, liquid","Sugar substitutes","Quantity not specified (0.6g)",100,g,51,0.8,12,0,0.7
"Sugar substitute, monk fruit, powder","Sugar substitutes","1 teaspoon (0.5g)",100,g,0,0,100,0,0
"Sugar substitute, powder, NFS","Sugar substitutes","1 tablet (0.1g)",100,g,349,0.7,90.1,0,0
"Sugar substitute, liquid, NFS","Sugar substitutes","1 drop (0.1g)",100,g,51,0.8,12,0,0.7
"Sugar substitute, saccharin, powder","Sugar substitutes","1 teaspoon (3.3g)",100,g,360,0.9,89.1,0,0
"Sugar substitute, saccharin, liquid","Sugar substitutes","Quantity not specified (1g)",100,g,8,0,2.1,0,0
"Sugar substitute, aspartame, powder","Sugar substitutes","1 teaspoon (3.5g)",100,g,365,2.2,89.1,0,0
"Syrup, NFS","Jams, syrups, toppings","Quantity not specified (40g)",100,g,265,0,69.6,0.1,0
"Pancake syrup","Jams, syrups, toppings","1 cup (320g)",100,g,265,0,69.6,0.1,0
"Corn syrup","Jams, syrups, toppings","1 tablespoon (20g)",100,g,283,0,76.8,0.2,0
"Blueberry syrup","Jams, syrups, toppings","1 tablespoon (20g)",100,g,341,0,85.1,0,0.1
"Chocolate syrup","Jams, syrups, toppings","1 tablespoon (20g)",100,g,269,0,67.2,0,0
"Chocolate syrup, light","Jams, syrups, toppings","Guideline amount per fl oz of beverage (5g)",100,g,153,1.4,34.6,1,0
"Simple syrup","Jams, syrups, toppings","1 tablespoon (20g)",100,g,184,0,45.6,0.2,0
"Strawberry drink syrup","Jams, syrups, toppings","1 tablespoon (20g)",100,g,261,0,65.1,0,0
"Pancake syrup, light","Jams, syrups, toppings","1 tablespoon (15g)",100,g,165,0,44.6,0,0
"Honey","Sugars and honey","Quantity not specified (7g)",100,g,304,0.3,82.4,0,0.2
"Agave liquid sweetener","Sugars and honey","Quantity not specified (20g)",100,g,310,0.1,76.4,0.5,0.2
"Molasses","Sugars and honey","1 tablespoon (20g)",100,g,290,0,74.7,0.1,0
"Topping, butterscotch or caramel","Jams, syrups, toppings","1 tablespoon (20g)",100,g,216,1.2,57,0,0
"Topping, chocolate","Jams, syrups, toppings","1 cup (320g)",100,g,350,4.6,62.9,8.9,2.8
"Topping, fruit","Jams, syrups, toppings","1 tablespoon (20g)",100,g,254,0.2,66.3,0.1,0.7
"Topping, marshmallow","Jams, syrups, toppings","Quantity not specified (12g)",100,g,322,0.8,79,0.3,0.1
"Topping, nuts and syrup","Jams, syrups, toppings","1 tablespoon (20g)",100,g,448,4.5,58.1,22,2.3
"Chocolate hazelnut spread","Jams, syrups, toppings","Guideline amount per slice of bread/roll (20g)",100,g,539,5.4,62.4,29.7,5.4
"Icing, chocolate","Jams, syrups, toppings","1 cup (290g)",100,g,397,1.1,63.2,17.6,0.9
"Icing, white","Jams, syrups, toppings","1 cup (290g)",100,g,418,0,67.9,16.2,0
"Caramel dip, regular","Jams, syrups, toppings","1 tablespoon (20g)",100,g,295,1.2,48.5,12.3,0
"Caramel dip, light","Jams, syrups, toppings","1 tablespoon (20g)",100,g,216,1.2,57,0,0
"Chocolate dip","Jams, syrups, toppings","1 individual container (70g)",100,g,393,3.3,65.3,13.2,2
"Dessert dip","Jams, syrups, toppings","1 tablespoon (15g)",100,g,249,6,22.5,15.1,0
"Sweet and sour sauce","Mustard and other condiments","1 tablespoon (16g)",100,g,154,0.3,38.2,0,0.1
"Dessert sauce","Jams, syrups, toppings","1 tablespoon (16g)",100,g,150,0.1,19.5,8,0
"Duck sauce","Mustard and other condiments","Quantity not specified (32g)",100,g,245,0.4,60.7,0.1,0.6
"Jam or jelly, NFS","Jams, syrups, toppings","Quantity not specified (20g)",100,g,261,0.2,67.1,0,1
"Jelly","Jams, syrups, toppings","1 tablespoon (20g)",100,g,266,0.2,70,0,1
"Jam","Jams, syrups, toppings","1 tablespoon (20g)",100,g,278,0.4,68.9,0.1,1.1
"Fruit butter","Jams, syrups, toppings","Quantity not specified (20g)",100,g,173,0.4,42.5,0.3,1.5
"Marmalade","Jams, syrups, toppings","1 tablespoon (20g)",100,g,246,0.3,66.3,0,0.7
"Jam or jelly, sugar free","Jams, syrups, toppings","Guideline amount per slice of bread/roll (10g)",100,g,121,0.6,29.6,0,2.2
"Jam or jelly, reduced sugar","Jams, syrups, toppings","1 tablespoon (20g)",100,g,151,0,37.6,0.1,1.5
"Jam or jelly, fruit juice sweetened","Jams, syrups, toppings","1 individual packet (14g)",100,g,212,0,52.9,0,0.9
"Guava paste","Jams, syrups, toppings","1 tablespoon (20g)",100,g,292,0.1,72.6,0.3,1.1
"Sweet potato paste","Jams, syrups, toppings","Quantity not specified (20g)",100,g,305,0.5,75.1,0.3,0.9
"Bean paste, sweetened","Jams, syrups, toppings","1 tablespoon (20g)",100,g,226,6.2,50,0.5,5.3
"Gelatin dessert","Gelatins, ices, sorbets","Quantity not specified (120g)",100,g,60,1.2,14.2,0,0
"Gelatin dessert with fruit","Gelatins, ices, sorbets","1 cup (240g)",100,g,56,1.1,13.3,0,0.2
"Gelatin salad with vegetables","Gelatins, ices, sorbets","1 cubic inch (17g)",100,g,61,1.5,14,0,0.7
"Gelatin dessert, sugar free","Gelatins, ices, sorbets","1 cubic inch (17g)",100,g,20,0.8,4.2,0,0
"Gelatin dessert, sugar free, with fruit","Gelatins, ices, sorbets","1 cup (240g)",100,g,22,0.8,4.9,0,0.2
"Yokan","Gelatins, ices, sorbets","1 oz (28.4g)",100,g,133,2.4,30.6,0.2,2
"Haupia","Pudding","Quantity not specified (107g)",100,g,274,2,23.5,20.5,2
"Italian Ice","Gelatins, ices, sorbets","Quantity not specified (130g)",100,g,128,0.4,32.6,0,0
"Italian Ice, no sugar added","Gelatins, ices, sorbets","1 cup (130g)",100,g,24,0,5.9,0,0
"Popsicle, NFS","Gelatins, ices, sorbets","1 single stick (50g)",100,g,79,0,19.2,0.2,0
"Popsicle","Gelatins, ices, sorbets","1 fl oz (30g)",100,g,79,0,19.2,0.2,0
"Popsicle, no sugar added","Gelatins, ices, sorbets","1 fl oz (30g)",100,g,24,0,5.9,0,0
"Freezer pop","Gelatins, ices, sorbets","1 fl oz (30g)",100,g,79,0,19.2,0.2,0
"Snow cone","Gelatins, ices, sorbets","1 fl oz (30g)",100,g,128,0.4,32.6,0,0
"Snow cone, no sugar added","Gelatins, ices, sorbets","1 fl oz (30g)",100,g,24,0,5.9,0,0
"Candy, NFS","Candy not containing chocolate","1 large/king size (120g)",100,g,429,2,86.6,8.3,0.9
"Almonds, chocolate covered candy","Candy containing chocolate","Quantity not specified (55g)",100,g,560,13,44,38.8,6.4
"Chocolate candy, other, NFS","Candy containing chocolate","1 fun/snack size (15g)",100,g,535,7.7,59.4,29.7,3.4
"Chocolate candy","Candy containing chocolate","1 pouch/regular size (45g)",100,g,535,7.7,59.4,29.7,3.4
"Chocolate candy with nuts, other, NFS","Candy containing chocolate","1 cup (160g)",100,g,545,11,51.8,33.7,4.4
"Chocolate candy with nuts","Candy containing chocolate","1 piece (8g)",100,g,545,11,51.8,33.7,4.4
"Chocolate candy with cereal","Candy containing chocolate","1 sharing/movie theater size (180g)",100,g,511,7.6,59.7,29.4,3.3
"Chocolate candy, cookie filled","Candy containing chocolate","Quantity not specified (45g)",100,g,510,5.7,64.7,25.4,1
"Chocolate chips","Candy containing chocolate","1 piece (1g)",100,g,480,4.2,63.9,30,5.9
"Candy, sprinkles","Candy not containing chocolate","Quantity not specified (20g)",100,g,473,0,84.7,15.3,0
"Dark chocolate candy, other, NFS","Candy containing chocolate","1 pouch/regular size (45g)",100,g,550,5.1,60,32.2,7.2
"Dark chocolate candy","Candy containing chocolate","Quantity not specified (45g)",100,g,550,5.1,60,32.2,7.2
"Dark chocolate candy with nuts, other, NFS","Candy containing chocolate","1 fun/snack size (15g)",100,g,560,8.3,52.2,36.3,7.9
"Dark chocolate candy with nuts","Candy containing chocolate","1 pouch/regular size (45g)",100,g,560,8.3,52.2,36.3,7.9
"White chocolate candy","Candy not containing chocolate","1 large/king size (90g)",100,g,539,5.9,59.2,32.1,0.2
"Chocolate candy, fudge","Candy containing chocolate","Quantity not specified (30g)",100,g,396,1.7,79.4,7.9,0.8
"Chocolate candy, caramel filled","Candy containing chocolate","1 cup (160g)",100,g,474,6.4,66.4,21,2
"Chocolate candy, caramel filled with nuts","Candy containing chocolate","1 piece (15g)",100,g,484,7.4,63.7,23.1,2.5
"Chocolate candy, coconut filled","Candy containing chocolate","1 sharing/movie theater size (180g)",100,g,500,5.4,56.9,27.8,4.1
"Chocolate candy, cream filled","Candy containing chocolate","1 large/king size (90g)",100,g,366,2.2,80.4,9.3,2.1
"Chocolate candy, nougat filled","Candy containing chocolate","1 miniature/bite size (10g)",100,g,446,3.3,74.5,15,1.2
"Chocolate candy, nougat filled with nuts","Candy containing chocolate","1 cup (160g)",100,g,483,6.5,63.2,22.7,2.2
"Chocolate candy, peanut butter filled","Candy containing chocolate","1 pouch/regular size (45g)",100,g,487,7.8,64.1,24.7,2.8
"Chocolate candy with dried fruit","Candy containing chocolate","1 miniature/bite size (10g)",100,g,390,4.1,68.4,14.8,3.1
"Chocolate candy, sugar free","Candy containing chocolate","Quantity not specified (30g)",100,g,590,12.4,37.7,43.3,3.5
"Candy, non chocolate, other, NFS","Candy not containing chocolate","1 stick (15g)",100,g,394,0.1,95.7,1.1,0
"Ladoo, round ball","Candy not containing chocolate","Quantity not specified (60g)",100,g,411,6.9,46.7,22.3,4
"Candy, licorice","Candy not containing chocolate","1 piece (5g)",100,g,396,0,98.9,0,0.1
"Candy, marshmallow","Candy not containing chocolate","1 piece (8g)",100,g,318,1.8,81.3,0.2,0.1
"Candy, caramel","Candy not containing chocolate","1 fun/snack size (15g)",100,g,384,3.1,82.4,5.7,0
"Candy, nougat with nuts","Candy not containing chocolate","1 pouch/regular size (60g)",100,g,444,8.4,72.6,13.3,3.6
"Peanuts, chocolate covered candy","Candy containing chocolate","1 cup (160g)",100,g,556,14.3,44.1,37.7,5.4
"Candy, peanut brittle","Candy not containing chocolate","1 cup (160g)",100,g,486,7.6,71.2,19,2.5
"Candy, mint","Candy not containing chocolate","Quantity not specified (6g)",100,g,394,0,98.3,0.1,0
"Candy, gummy","Candy not containing chocolate","1 snack size/pouch/regular size (60g)",100,g,396,0,98.9,0,0.1
"Candy, hard","Candy not containing chocolate","1 miniature/bite size (15g)",100,g,394,0,98,0.2,0
"Candy, lollipop","Candy not containing chocolate","Quantity not specified (10g)",100,g,394,0,98,0.2,0
"Cough drops","Candy not containing chocolate","1 piece (5g)",100,g,394,0,98.3,0.1,0
"Candy, cotton","Candy not containing chocolate","1 cup (10g)",100,g,401,0,99.6,0.3,0
"Candy, fruit flavored pieces","Candy not containing chocolate","1 pouch/regular size (60g)",100,g,400,0.1,94.4,2.3,0
"Chocolate candy, candy shell","Candy containing chocolate","1 fun/snack size (15g)",100,g,492,4.3,71.2,21.1,2.8
"Chocolate candy, candy shell with nuts","Candy containing chocolate","Quantity not specified (45g)",100,g,506,11,60.2,25.5,3.4
"Candy, fruit snacks","Candy not containing chocolate","1 snack size/pouch/regular size (30g)",100,g,371,0.1,85.8,3,0
"Candy, fruit leather","Candy not containing chocolate","1 miniature/bite size (10g)",100,g,371,0.1,85.8,3,0
"Candy, taffy","Candy not containing chocolate","1 pouch/regular size (60g)",100,g,390,0.2,87.9,4.1,0
"Candy, non chocolate, sugar free","Candy not containing chocolate","Quantity not specified (15g)",100,g,394,0,98.6,0,0
"Chewing gum","Candy not containing chocolate","1 stick (5g)",100,g,360,0,96.7,0.3,2.4
"Chewing gum, sugar free","Candy not containing chocolate","1 stick (5g)",100,g,268,0,94.8,0.4,2.4
"Coffee, NS as to type","Coffee","1 fl oz (30g)",100,g,1,0.1,0,0,0
"Coffee, NS as to brewed or instant","Coffee","1 large pot (60 FO, 12 servings) (1800g)",100,g,1,0.1,0,0,0
"Coffee, brewed","Coffee","1 fl oz (30g)",100,g,1,0.1,0,0,0
"Coffee, brewed, blend of regular and decaffeinated","Coffee","1 large (600g)",100,g,0,0.1,0,0,0
"Coffee, Turkish","Coffee","1 fl oz (31g)",100,g,27,0.1,6.5,0,0
"Coffee, espresso","Coffee","1 espresso cup (2 fl oz) (60g)",100,g,9,0.1,1.7,0.2,0
"Coffee, espresso, decaffeinated","Coffee","Quantity not specified (60g)",100,g,9,0.1,1.7,0.2,0
"Coffee, brewed, flavored","Coffee","1 small pot (20 FO, 4 servings) (600g)",100,g,1,0.1,0,0,0
"Coffee, Cuban","Coffee","1 cup (8 fl oz) (248g)",100,g,34,0.1,7.8,0.2,0
"Coffee, macchiato","Coffee","1 espresso cup (2 fl oz) (60g)",100,g,23,1.2,2.7,0.8,0
"Coffee, macchiato, sweetened","Coffee","1 espresso cup (2 fl oz) (62g)",100,g,40,1.1,6.9,0.8,0
"Coffee, cafe con leche","Coffee","1 cup (8 fl oz) (248g)",100,g,40,1.7,5.6,1.1,0
"Coffee, cafe con leche, decaffeinated","Coffee","1 fl oz (31g)",100,g,40,1.7,5.7,1.2,0
"Coffee, Latte","Coffee","1 small (360g)",100,g,43,2.8,4.4,1.6,0
"Coffee, Latte, nonfat","Coffee","Quantity not specified (360g)",100,g,30,2.9,4.4,0.1,0
"Coffee, Latte, with non-dairy milk","Coffee","1 cup (8 fl oz) (240g)",100,g,28,1,2.8,1.4,0.1
"Coffee, Latte, flavored","Coffee","1 small (372g)",100,g,55,2.7,7.5,1.6,0
"Coffee, Latte, nonfat, flavored","Coffee","1 medium (496g)",100,g,42,2.8,7.5,0.1,0
"Coffee, Latte, with non-dairy milk, flavored","Coffee","1 fl oz (31g)",100,g,40,0.9,6,1.3,0.1
"Coffee, Latte, decaffeinated","Coffee","1 medium (480g)",100,g,43,2.8,4.4,1.6,0
"Coffee, Latte, decaffeinated, nonfat","Coffee","1 small (360g)",100,g,30,2.9,4.4,0.1,0
"Coffee, Latte, decaffeinated, with non-dairy milk","Coffee","1 large (600g)",100,g,28,1,2.8,1.4,0.1
"Coffee, Latte, decaffeinated, flavored","Coffee","1 cup (8 fl oz) (248g)",100,g,55,2.7,7.5,1.6,0
"Coffee, Latte, decaffeinated, nonfat, flavored","Coffee","1 fl oz (31g)",100,g,42,2.8,7.5,0.1,0
"Coffee, Latte, decaffeinated, with non-dairy milk, flavored","Coffee","1 cup (8 fl oz) (248g)",100,g,40,0.9,6,1.3,0.1
"Frozen coffee drink","Coffee","1 medium (496g)",100,g,68,1.6,13.4,0.9,0
"Frozen coffee drink, nonfat","Coffee","1 fl oz (31g)",100,g,61,1.6,13.4,0.1,0
"Frozen coffee drink, with non-dairy milk","Coffee","1 fl oz (31g)",100,g,60,0.5,12.5,0.8,0
"Frozen coffee drink, with whipped cream","Coffee","1 large (620g)",100,g,83,1.6,12.9,2.8,0
"Frozen coffee drink, nonfat, with whipped cream","Coffee","Quantity not specified (372g)",100,g,76,1.6,12.9,2,0
"Frozen coffee drink, with non-dairy milk and whipped cream","Coffee","1 large (620g)",100,g,75,0.6,12.1,2.6,0
"Frozen coffee drink, decaffeinated","Coffee","1 small (372g)",100,g,68,1.6,13.5,0.9,0
"Frozen coffee drink, decaffeinated, nonfat","Coffee","1 fl oz (31g)",100,g,61,1.6,13.5,0.1,0
"Frozen coffee drink, decaffeinated, with non-dairy milk","Coffee","1 cup (8 fl oz) (248g)",100,g,70,1.6,13.6,1,0
"Frozen coffee drink, decaffeinated, with whipped cream","Coffee","Quantity not specified (372g)",100,g,83,1.6,13,2.8,0
"Frozen coffee drink, decaffeinated, nonfat, with whipped cream","Coffee","1 small (372g)",100,g,76,1.6,13,2,0
"Frozen coffee drink, decaffeinated, with non-dairy milk and whipped cream","Coffee","1 fl oz (31g)",100,g,80,1.3,12.9,2.6,0.1
"Coffee, Cafe Mocha","Coffee","1 fl oz (31g)",100,g,64,2.6,10.2,1.5,0
"Coffee, Cafe Mocha, nonfat","Coffee","Quantity not specified (372g)",100,g,52,2.6,10.2,0.1,0
"Coffee, Cafe Mocha, with non-dairy milk","Coffee","1 small (372g)",100,g,50,0.9,8.8,1.2,0.1
"Coffee, Cafe Mocha, decaffeinated","Coffee","Quantity not specified (372g)",100,g,64,2.6,10.2,1.5,0
"Coffee, Cafe Mocha, decaffeinated, nonfat","Coffee","1 medium (496g)",100,g,52,2.6,10.2,0.1,0
"Coffee, Cafe Mocha, decaffeinated, with non-dairy milk","Coffee","1 large (620g)",100,g,50,0.9,8.8,1.2,0.1
"Frozen mocha coffee drink","Coffee","1 fl oz (31g)",100,g,66,1.5,13.1,0.9,0
"Frozen mocha coffee drink, nonfat","Coffee","Quantity not specified (372g)",100,g,59,1.5,13.1,0.1,0
"Frozen mocha coffee drink, with non-dairy milk","Coffee","1 large (620g)",100,g,58,0.5,12.2,0.8,0
"Frozen mocha coffee drink, with whipped cream","Coffee","1 small (372g)",100,g,81,1.5,12.6,2.7,0
"Frozen mocha coffee drink, nonfat, with whipped cream","Coffee","Quantity not specified (372g)",100,g,74,1.6,12.6,1.9,0
"Frozen mocha coffee drink, with non-dairy milk and whipped cream","Coffee","1 cup (8 fl oz) (248g)",100,g,73,0.6,11.8,2.5,0
"Frozen mocha coffee drink, decaffeinated","Coffee","1 fl oz (31g)",100,g,67,1.5,13.1,0.9,0
"Frozen mocha coffee drink, decaffeinated, nonfat","Coffee","1 medium (496g)",100,g,59,1.5,13.1,0.1,0
"Frozen mocha coffee drink, decaffeinated, with non-dairy milk","Coffee","1 large (620g)",100,g,58,0.5,12.3,0.8,0
"Frozen mocha coffee drink, decaffeinated, with whipped cream","Coffee","Quantity not specified (372g)",100,g,81,1.5,12.6,2.7,0
"Frozen mocha coffee drink, decaffeinated, nonfat, with whipped cream","Coffee","1 cup (8 fl oz) (248g)",100,g,74,1.6,12.7,1.9,0
"Frozen mocha coffee drink, decaffeinated, with non-dairy milk and whipped cream","Coffee","1 cup (8 fl oz) (248g)",100,g,73,0.6,11.8,2.6,0
"Iced Coffee, brewed","Coffee","1 fl oz (30g)",100,g,1,0.1,0,0,0
"Iced Coffee, brewed, decaffeinated","Coffee","1 large (600g)",100,g,0,0.1,0,0,0
"Iced Coffee, pre-lightened and pre-sweetened","Coffee","1 large (620g)",100,g,31,0.3,4.9,1.1,0
"Coffee, Iced Latte","Coffee","1 fl oz (30g)",100,g,27,1.8,2.8,1,0
"Coffee, Iced Latte, nonfat","Coffee","Quantity not specified (360g)",100,g,19,1.8,2.8,0.1,0
"Coffee, Iced Latte, with non-dairy milk","Coffee","1 medium (480g)",100,g,24,1.4,2.8,0.8,0.1
"Coffee, Iced Latte, flavored","Coffee","1 cup (8 fl oz) (248g)",100,g,40,1.7,6.1,1,0
"Coffee, Iced Latte, nonfat, flavored","Coffee","1 large (620g)",100,g,32,1.7,6.1,0.1,0
"Coffee, Iced Latte, with non-dairy milk, flavored","Coffee","1 medium (496g)",100,g,31,0.6,5.2,0.8,0
"Coffee, Iced Latte, decaffeinated","Coffee","1 medium (480g)",100,g,27,1.8,2.8,1,0
"Coffee, Iced Latte, decaffeinated, nonfat","Coffee","1 cup (8 fl oz) (240g)",100,g,19,1.8,2.8,0.1,0
"Coffee, Iced Latte, decaffeinated, with non-dairy milk","Coffee","Quantity not specified (360g)",100,g,18,0.6,1.9,0.9,0.1
"Coffee, Iced Latte, decaffeinated, flavored","Coffee","1 fl oz (31g)",100,g,40,1.7,6.1,1,0
"Coffee, Iced Latte, decaffeinated, nonfat, flavored","Coffee","1 small (372g)",100,g,32,1.7,6.1,0.1,0
"Coffee, Iced Latte, decaffeinated, with non-dairy milk, flavored","Coffee","1 medium (496g)",100,g,31,0.6,5.2,0.8,0.1
"Coffee, Iced Cafe Mocha","Coffee","1 medium (496g)",100,g,50,1.6,9,0.9,0
"Coffee, Iced Cafe Mocha, nonfat","Coffee","1 fl oz (31g)",100,g,43,1.6,9,0.1,0
"Coffee, Iced Cafe Mocha, with non-dairy milk","Coffee","1 small (372g)",100,g,42,0.6,8.1,0.8,0
"Coffee, Iced Cafe Mocha, decaffeinated","Coffee","Quantity not specified (372g)",100,g,51,1.6,9,0.9,0
"Coffee, Iced Cafe Mocha, decaffeinated, nonfat","Coffee","Quantity not specified (372g)",100,g,43,1.6,9,0.1,0
"Coffee, Iced Cafe Mocha, decaffeinated, with non-dairy milk","Coffee","1 large (620g)",100,g,42,0.6,8.1,0.8,0
"Coffee, instant, reconstituted","Coffee","1 cup (8 fl oz) (240g)",100,g,3,0.1,0.6,0,0
"Coffee, instant, 50% less caffeine, reconstituted","Coffee","1 cup (8 fl oz) (240g)",100,g,3,0.1,0.6,0,0
"Coffee, NS as to brewed or instant, decaffeinated","Coffee","1 large (600g)",100,g,0,0.1,0,0,0
"Coffee, brewed, decaffeinated","Coffee","1 large pot (60 FO, 12 servings) (1800g)",100,g,0,0.1,0,0,0
"Coffee, instant, decaffeinated, reconstituted","Coffee","1 cup (8 fl oz) (240g)",100,g,3,0.1,0.6,0,0
"Coffee, instant, pre-lightened and pre-sweetened with sugar, reconstituted","Coffee","1 fl oz (31g)",100,g,27,0.2,5.1,0.7,0
"Coffee, instant, decaffeinated, pre-lightened and pre-sweetened with sugar, reconsitituted","Coffee","1 cup (8 fl oz) (248g)",100,g,27,0.1,5.1,0.7,0
"Coffee, instant, pre-sweetened with sugar, reconstituted","Coffee","1 cup (8 fl oz) (248g)",100,g,16,0.1,4,0,0
"Coffee, mocha, instant, pre-lightened and pre-sweetened with low calorie sweetener, reconstituted","Coffee","Quantity not specified (360g)",100,g,15,0.3,2.5,0.4,0.2
"Coffee, instant, pre-lightened and pre-sweetened with low calorie sweetener, reconstituted","Coffee","1 cup (8 fl oz) (240g)",100,g,16,0.2,2.4,0.7,0
"Coffee, instant, decaffeinated, pre-lightened and pre-sweetened with low calorie sweetener, reconstituted","Coffee","1 fl oz (30g)",100,g,16,0.2,2.4,0.7,0
"Coffee, pre-lightened and pre-sweetened with sugar","Coffee","1 cup (8 fl oz) (248g)",100,g,27,0.2,5.1,0.7,0
"Coffee, decaffeinated, pre-lightened and pre-sweetened with sugar","Coffee","1 fl oz (31g)",100,g,27,0.1,5.1,0.7,0
"Coffee, pre-lightened and pre-sweetened with low calorie sweetener","Coffee","1 cup (8 fl oz) (240g)",100,g,16,0.2,2.4,0.7,0
"Coffee, decaffeinated, pre-lightened and pre-sweetened with low calorie sweetener","Coffee","Quantity not specified (360g)",100,g,16,0.2,2.4,0.7,0
"Coffee, pre-lightened","Coffee","Quantity not specified (360g)",100,g,14,0.2,1.9,0.7,0
"Coffee, decaffeinated, pre-lightened","Coffee","Quantity not specified (360g)",100,g,14,0.2,1.9,0.7,0
"Coffee, pre-sweetened with sugar","Coffee","1 fl oz (31g)",100,g,16,0.1,4,0,0
"Coffee, decaffeinated, pre-sweetened with sugar","Coffee","1 cup (8 fl oz) (248g)",100,g,16,0.1,4,0,0
"Coffee, pre-sweetened with low calorie sweetener","Coffee","Quantity not specified (360g)",100,g,5,0.1,1.1,0,0
"Coffee, decaffeinated, pre-sweetened with low calorie sweetener","Coffee","1 fl oz (30g)",100,g,5,0.1,1.1,0,0
"Coffee and chicory, brewed","Coffee","Quantity not specified (360g)",100,g,1,0.1,0,0,0
"Coffee and chicory, brewed, decaffeinated","Coffee","1 fl oz (30g)",100,g,0,0.1,0,0,0
"Coffee, Cappuccino","Coffee","1 small (360g)",100,g,27,1.7,2.8,1,0
"Coffee, Cappuccino, nonfat","Coffee","1 fl oz (30g)",100,g,19,1.8,2.8,0.1,0
"Coffee, Cappuccino, with non-dairy milk","Coffee","Quantity not specified (360g)",100,g,17,0.6,1.8,0.8,0.1
"Coffee, Cappuccino, decaffeinated","Coffee","1 medium (480g)",100,g,27,1.7,2.8,1,0
"Coffee, Cappuccino, decaffeinated, nonfat","Coffee","1 medium (480g)",100,g,19,1.8,2.8,0.1,0
"Coffee, Cappuccino, decaffeinated, with non-dairy milk","Coffee","1 small (360g)",100,g,17,0.6,1.8,0.9,0.1
"Coffee, bottled/canned","Coffee","1 bottle/can (11 fl oz) (341g)",100,g,71,2,12.6,1.4,0
"Coffee, bottled/canned, light","Coffee","Quantity not specified (330g)",100,g,35,1.3,5.9,0.7,0
"Coffee, instant, not reconstituted","Not included in a food category","1 teaspoon, dry (0.9g)",100,g,353,12.2,75.4,0.5,0
"Coffee, instant, decaffeinated, not reconstituted","Not included in a food category","Quantity not specified (1.5g)",100,g,351,11.6,76,0.2,0
"Coffee, instant, pre-sweetened with sugar, not reconstituted","Not included in a food category","Quantity not specified (12.8g)",100,g,392,2.4,94.9,0.4,0
"Coffee, instant, pre-lightened and pre-sweetened with sugar, not reconstituted","Not included in a food category","1 teaspoon, dry (3.4g)",100,g,438,2.4,83,11.3,0
"Coffee, instant, decaffeinated, pre-lightened and pre-sweetened with sugar, not reconstituted","Not included in a food category","1 teaspoon, dry (3.4g)",100,g,465,0,86.3,13.3,0
"Coffee, instant, decaffeinated, pre-lightened and pre-sweetened with low calorie sweetener, not reconstituted","Not included in a food category","1 teaspoon, dry (1.7g)",100,g,457,4.2,68.2,20.1,0
"Coffee substitute","Coffee","1 fl oz (30g)",100,g,6,0.1,1.3,0,0.4
"Chicory beverage","Coffee","Quantity not specified (360g)",100,g,7,0.2,1.4,0,0
"Tea, hot, leaf, black","Tea","1 small (360g)",100,g,1,0,0.3,0,0
"Tea, hot, leaf, black, decaffeinated","Tea","1 small (360g)",100,g,1,0,0.3,0,0
"Tea, hot, leaf, green","Tea","1 medium (480g)",100,g,1,0.2,0,0,0
"Tea, hot, leaf, green, decaffeinated","Tea","1 cup (240g)",100,g,0,0,0,0,0
"Tea, hot, leaf, oolong","Tea","1 cup (240g)",100,g,1,0,0.2,0,0
"Tea, iced, instant, black, unsweetened","Tea","1 fl oz (no ice) (30g)",100,g,1,0,0.2,0,0
"Tea, iced, instant, black, pre-sweetened with sugar","Tea","1 fl oz (NFS) (31g)",100,g,30,0,7.3,0.1,0.1
"Tea, iced, instant, black, decaffeinated, pre-sweetened with sugar","Tea","1 fl oz (no ice) (31g)",100,g,32,0.1,7.9,0,0
"Tea, iced, instant, black, pre-sweetened with low calorie sweetener","Tea","Quantity not specified (360g)",100,g,2,0,0.4,0,0
"Tea, iced, instant, black, decaffeinated, pre-sweetened with low calorie sweetener","Tea","1 fl oz (NFS) (30g)",100,g,3,0,0.7,0,0
"Tea, iced, instant, black, decaffeinated, unsweetened","Tea","1 fl oz (no ice) (30g)",100,g,1,0.1,0.2,0,0
"Tea, iced, instant, green, unsweetened","Tea","1 fl oz (NFS) (30g)",100,g,0,0,0,0,0
"Tea, iced, instant, green, pre-sweetened with sugar","Tea","1 fl oz (NFS) (31g)",100,g,27,0,6.2,0.2,0
"Tea, iced, instant, green, pre-sweetened with low calorie sweetener","Tea","Quantity not specified (360g)",100,g,4,0,0.9,0,0
"Tea, hot, herbal","Tea","Quantity not specified (360g)",100,g,1,0,0.2,0,0
"Tea, hot, hibiscus","Tea","1 medium (480g)",100,g,0,0,0,0,0
"Corn beverage","Smoothies and grain drinks","1 fl oz (30g)",100,g,44,0.8,9.4,0.2,0.5
"Tea, hot, chamomile","Tea","1 fl oz (30g)",100,g,1,0,0.2,0,0
"Tea, hot, with milk","Tea","1 small (360g)",100,g,51,1.6,9,1.1,0.1
"Tea, ginger","Tea","1 medium (480g)",100,g,1,0,0.2,0,0
"Tea, bubble","Tea","Quantity not specified (435g)",100,g,55,0.4,10.4,1.4,0.1
"Tea, kombucha","Tea","1 fl oz (no ice) (31g)",100,g,16,0.1,4,0,0
"Tea, iced, instant, black, unsweetened, dry","Not included in a food category","1 teaspoon, dry (0.2g)",100,g,315,20.2,58.7,0,8.5
"Tea, iced, instant, black, pre-sweetened, dry","Not included in a food category","1 teaspoon, dry (4.8g)",100,g,401,0.1,98.6,0.7,0.7
"Iced Tea / Lemonade juice drink","Tea","1 fl oz (with ice) (23g)",100,g,34,0.2,9.2,0.1,0.3
"Iced Tea / Lemonade juice drink, light","Tea","1 fl oz (NFS) (30g)",100,g,21,0.2,6.1,0,0.3
"Iced Tea / Lemonade juice drink, diet","Tea","Quantity not specified (240g)",100,g,2,0,0.6,0,0
"Tea, iced, brewed, black, pre-sweetened with sugar","Tea","Quantity not specified (372g)",100,g,32,0,7.9,0,0
"Tea, iced, brewed, black, pre-sweetened with low calorie sweetener","Tea","1 fl oz (no ice) (30g)",100,g,2,0,0.7,0,0
"Tea, iced, brewed, black, unsweetened","Tea","1 medium drink (495g)",100,g,1,0,0.3,0,0
"Tea, iced, brewed, black, decaffeinated, pre-sweetened with sugar","Tea","1 fl oz (NFS) (31g)",100,g,32,0,7.9,0,0
"Tea, iced, brewed, black, decaffeinated, pre-sweetened with low calorie sweetener","Tea","1 child/senior drink (270g)",100,g,2,0,0.7,0,0
"Tea, iced, brewed, black, decaffeinated, unsweetened","Tea","1 fl oz (no ice) (30g)",100,g,1,0,0.3,0,0
"Tea, iced, brewed, green, pre-sweetened with sugar","Tea","Quantity not specified (372g)",100,g,32,0.2,7.7,0,0
"Tea, iced, brewed, green, pre-sweetened with low calorie sweetener","Tea","1 medium drink (495g)",100,g,2,0.2,0.4,0,0
"Tea, iced, brewed, green, unsweetened","Tea","1 child/senior drink (270g)",100,g,1,0.2,0,0,0
"Tea, iced, brewed, green, decaffeinated, pre-sweetened with sugar","Tea","1 medium drink (512g)",100,g,31,0,7.7,0,0
"Tea, iced, brewed, green, decaffeinated, pre-sweetened with low calorie sweetener","Tea","1 fl oz (NFS) (30g)",100,g,1,0,0.4,0,0
"Tea, iced, brewed, green, decaffeinated, unsweetened","Tea","Quantity not specified (360g)",100,g,0,0,0,0,0
"Tea, iced, bottled, black","Tea","1 medium drink (512g)",100,g,45,0,10.8,0.2,0
"Tea, iced, bottled, black, decaffeinated","Tea","1 medium drink (512g)",100,g,38,0,8.8,0,0
"Tea, iced, bottled, black, diet","Tea","1 Snapple bottle (16 fl oz) (480g)",100,g,1,0,0.2,0,0
"Tea, iced, bottled, black, decaffeinated, diet","Tea","1 Snapple bottle (16 fl oz) (480g)",100,g,0,0,0.8,0,0
"Tea, iced, bottled, black, unsweetened","Tea","1 can or bottle (16.9 fl oz) (507g)",100,g,0,0,0,0,0
"Tea, iced, bottled, black, decaffeinated, unsweetened","Tea","1 extra large drink (979g)",100,g,1,0,0.3,0,0
"Tea, iced, bottled, green","Tea","1 fl oz (NFS) (31g)",100,g,27,0,6.2,0.2,0
"Tea, iced, bottled, green, diet","Tea","1 fl oz (no ice) (31g)",100,g,4,0,0.9,0,0
"Tea, iced, bottled, green, unsweetened","Tea","Quantity not specified (360g)",100,g,0,0,0,0,0
"Soft drink, NFS","Soft drinks","1 fl oz (NFS) (31g)",100,g,42,0,10.4,0.3,0
"Soft drink, NFS, diet","Diet soft drinks","1 bottle (16.9 fl oz or 500 ml) (507g)",100,g,2,0.1,0.3,0,0
"Water, tonic","Flavored or carbonated water","Quantity not specified (480g)",100,g,34,0,8.8,0,0
"Water, carbonated, plain","Flavored or carbonated water","1 fl oz (30g)",100,g,0,0,0,0,0
"Water, carbonated, flavored","Flavored or carbonated water","Quantity not specified (480g)",100,g,0,0.1,0,0,0
"Soft drink, cola","Soft drinks","1 fl oz (NFS) (31g)",100,g,42,0,10.4,0.3,0
"Soft drink, cola, diet","Diet soft drinks","Quantity not specified (360g)",100,g,2,0.1,0.3,0,0
"Soft drink, cola, decaffeinated","Soft drinks","1 can (12 fl oz) (372g)",100,g,41,0,10.6,0,0
"Soft drink, cola, decaffeinated, diet","Diet soft drinks","1 large drink (720g)",100,g,1,0.1,0.1,0,0
"Soft drink, pepper type","Soft drinks","1 large drink (744g)",100,g,42,0,10.4,0.3,0
"Soft drink, pepper type, diet","Diet soft drinks","1 bottle (20 fl oz) (600g)",100,g,2,0.1,0.3,0,0
"Soft drink, pepper type, decaffeinated","Soft drinks","1 fl oz (with ice) (23g)",100,g,41,0,10.6,0,0
"Soft drink, pepper type, decaffeinated, diet","Diet soft drinks","1 fl oz (NFS) (30g)",100,g,1,0.1,0.1,0,0
"Soft drink, cream soda","Soft drinks","1 extra large drink (1023g)",100,g,51,0,13.3,0,0
"Soft drink, cream soda, diet","Diet soft drinks","1 large drink (720g)",100,g,0,0.1,0,0,0
"Soft drink, fruit flavored, caffeine free","Soft drinks","1 fl oz (with ice) (23g)",100,g,40,0.1,10.1,0,0
"Soft drink, fruit flavored, diet, caffeine free","Diet soft drinks","1 large drink (720g)",100,g,0,0.1,0,0,0
"Soft drink, fruit flavored, caffeine containing","Soft drinks","1 bottle (20 fl oz) (620g)",100,g,49,0,12.8,0,0
"Soft drink, fruit flavored, caffeine containing, diet","Diet soft drinks","1 fl oz (no ice) (30g)",100,g,0,0.1,0,0,0
"Soft drink, ginger ale","Soft drinks","1 small drink (372g)",100,g,34,0,8.8,0,0
"Soft drink, ginger ale, diet","Diet soft drinks","1 fl oz (no ice) (30g)",100,g,0,0.1,0,0,0
"Soft drink, root beer","Soft drinks","1 large drink (744g)",100,g,41,0,10.6,0,0
"Soft drink, root beer, diet","Diet soft drinks","1 can (12 fl oz) (360g)",100,g,0,0.1,0,0,0
"Soft drink, chocolate flavored","Soft drinks","1 fl oz (NFS) (31g)",100,g,42,0,10.7,0,0
"Soft drink, chocolate flavored, diet","Diet soft drinks","1 can (12 fl oz) (360g)",100,g,2,0.1,0.3,0,0
"Soft drink, cola, fruit or vanilla flavored","Soft drinks","1 medium drink (512g)",100,g,42,0,10.4,0.3,0
"Soft drink, cola, chocolate flavored","Soft drinks","1 extra large drink (1023g)",100,g,42,0,10.4,0.3,0
"Soft drink, cola, fruit or vanilla flavored, diet","Diet soft drinks","1 fl oz (with ice) (23g)",100,g,2,0.1,0.3,0,0
"Soft drink, cola, chocolate flavored, diet","Diet soft drinks","1 large drink (720g)",100,g,2,0.1,0.3,0,0
"Fruit juice drink, citrus, carbonated","Fruit drinks","Quantity not specified (372g)",100,g,32,0.5,7.2,0.2,0.2
"Fruit juice drink, noncitrus, carbonated","Fruit drinks","1 bottle (12 fl oz) (372g)",100,g,33,0.1,7.7,0.2,0.1
"Fruit juice drink","Fruit drinks","1 fl oz (no ice) (31g)",100,g,10,0,2.5,0,0
"Tamarind drink","Fruit drinks","Quantity not specified (248g)",100,g,109,0.6,27.7,0.2,1.2
"Fruit punch, made with fruit juice and soda","Fruit drinks","1 fl oz (with ice) (23g)",100,g,44,0.2,10.8,0.1,0.1
"Lemonade, fruit juice drink","Fruit drinks","Quantity not specified (248g)",100,g,46,0,12.1,0,0
"Lemonade, fruit flavored drink","Fruit drinks","1 fl oz (with ice) (23g)",100,g,25,0,6.6,0.1,0
"Lemonade, frozen concentrate, not reconstituted","Fruit drinks","1 can (6 fl oz) (219g)",100,g,196,0.2,49.9,0.7,0.3
"Fruit flavored drink","Fruit drinks","Quantity not specified (248g)",100,g,64,0,16,0,0
"Pina Colada, nonalcoholic","Fruit drinks","1 fl oz (30g)",100,g,128,0.5,25.6,2.8,0.2
"Margarita mix, nonalcoholic","Fruit drinks","Quantity not specified (225g)",100,g,87,0.1,21.4,0.1,0
"Slush frozen drink","Fruit drinks","1 small (360g)",100,g,28,0,7.7,0,0
"Slush frozen drink, no sugar added","Other diet drinks","1 small (360g)",100,g,11,0,3.1,0,0
"Fruit flavored drink, with high vitamin C","Fruit drinks","1 fl oz (with ice) (23g)",100,g,27,0,6.7,0,0
"Cranberry juice drink, with high vitamin C","Fruit drinks","1 fl oz (with ice) (23g)",100,g,54,0,13.5,0.1,0
"Fruit juice drink, with high vitamin C","Fruit drinks","Quantity not specified (248g)",100,g,46,0.1,11.4,0.1,0.1
"Vegetable and fruit juice drink, with high vitamin C","Fruit drinks","1 fl oz (no ice) (31g)",100,g,29,0,7.5,0,0
"Fruit juice drink (Sunny D)","Fruit drinks","1 bottle (10 fl oz) (310g)",100,g,54,0.1,13.2,0,0.1
"Fruit flavored drink, powdered, reconstituted","Fruit drinks","1 fl oz (no ice) (31g)",100,g,25,0,6.6,0.1,0
"Fruit flavored drink, with high vitamin C, powdered, reconstituted","Fruit drinks","1 tablespoon dry yields 8 fl oz (248g)",100,g,41,0,10.5,0,0
"Fruit juice drink, with high vitamin C, light","Fruit drinks","1 bottle (10 fl oz) (300g)",100,g,19,0.1,4.7,0,0.1
"Fruit juice drink, light","Fruit drinks","1 fl oz (no ice) (30g)",100,g,39,0,10,0.1,0
"Fruit juice drink, diet","Fruit drinks","1 fl oz (with ice) (23g)",100,g,1,0,0.5,0,0
"Cranberry juice drink, with high vitamin C, light","Fruit drinks","1 fl oz (NFS) (30g)",100,g,19,0.1,4.7,0,0.1
"Grape juice drink, light","Fruit drinks","Quantity not specified (240g)",100,g,23,0.1,5.5,0.1,0.1
"Orange juice beverage, 40-50% juice, light","Fruit drinks","1 fl oz (with ice) (23g)",100,g,21,0.2,5.4,0,0
"Apple juice beverage, 40-50% juice, light","Fruit drinks","1 fl oz (no ice) (31g)",100,g,22,0,5.1,0.1,0
"Lemonade, fruit juice drink, light","Fruit drinks","1 fl oz (with ice) (23g)",100,g,21,0,5,0,0
"Pomegranate juice beverage, 40-50% juice, light","Fruit drinks","Quantity not specified (240g)",100,g,27,0.1,6.6,0.1,0
"Vegetable and fruit juice drink, with high vitamin C, diet","Other diet drinks","1 fl oz (NFS) (30g)",100,g,4,0,1.1,0,0
"Vegetable and fruit juice drink, with high vitamin C, light","Fruit drinks","1 fl oz (no ice) (30g)",100,g,4,0,1.1,0,0
"Fruit flavored drink, with high vitamin C, diet","Other diet drinks","1 fl oz (NFS) (30g)",100,g,2,0,0.9,0,0
"Fruit flavored drink, diet","Other diet drinks","1 fl oz (with ice) (23g)",100,g,4,0,1.5,0,0
"Fruit flavored drink, with high vitamin C, powdered, reconstituted, diet","Other diet drinks","1 fl oz (no ice) (30g)",100,g,2,0,0.9,0,0
"Fruit flavored drink, powdered, reconstituted, diet","Other diet drinks","1 fl oz (no ice) (30g)",100,g,2,0,0.7,0,0
"Fruit juice drink (Capri Sun)","Fruit drinks","1 fl oz (with ice) (23g)",100,g,39,0,10,0.1,0
"Fruit juice drink, added calcium (Sunny D)","Fruit drinks","Quantity not specified (248g)",100,g,53,0,13.2,0,0.1
"Horchata, made with water","Smoothies and grain drinks","1 fl oz (31g)",100,g,88,1.1,20.5,0.1,0.5
"Horchata, made with milk","Smoothies and grain drinks","1 cup (248g)",100,g,91,1.4,19.7,0.6,0.4
"Frescavena","Smoothies and grain drinks","1 cup (248g)",100,g,45,0.3,10.6,0.2,0.2
"Atole de avena","Smoothies and grain drinks","1 fl oz (31g)",100,g,83,1.7,15.5,1.6,0.2
"Sugar cane beverage","Fruit drinks","1 fl oz (with ice) (23g)",100,g,74,0,20.2,0,0
"Atole","Smoothies and grain drinks","Quantity not specified (248g)",100,g,86,1.7,16.3,1.5,0.2
"Atole de chocolate","Smoothies and grain drinks","1 cup (248g)",100,g,103,1.8,20.3,1.8,0.6
"Wine, nonalcoholic","Fruit drinks","1 glass (180g)",100,g,6,0.5,1.1,0,0
"Beer, nonalcoholic","Fruit drinks","1 can or bottle (12 fl oz) (360g)",100,g,37,0.2,8.1,0.1,0
"Shirley Temple","Fruit drinks","1 drink (225g)",100,g,56,0,14.2,0,0.1
"Fruit flavored drink, with high vitamin C, powdered, not reconstituted","Not included in a food category","1 tablespoon (14g)",100,g,386,0,98.9,0,0.4
"Fruit flavored drink, powdered, not reconstituted","Not included in a food category","1 tablespoon (13g)",100,g,380,0,97.9,1,0
"Fruit flavored drink, powdered, not reconstituted, diet","Not included in a food category","1 tablespoon (12g)",100,g,218,0.5,87.4,0,0.1
"Sports drink, dry concentrate, not reconstituted","Not included in a food category","Quantity not specified (36g)",100,g,380,0,97.9,1,0
"Beer","Beer","1 bottle (40 fl oz) (1200g)",100,g,43,0.5,3.6,0,0
"Beer, light","Beer","1 can or bottle (16 fl oz) (480g)",100,g,29,0.2,1.6,0,0
"Beer, higher alcohol","Beer","1 can or bottle (16 fl oz) (480g)",100,g,58,0.9,0.3,0,0
"Alcoholic malt beverage, sweetened","Beer","Quantity not specified (360g)",100,g,68,0,10.1,0,0
"Alcoholic malt beverage","Beer","1 fl oz (30g)",100,g,58,0.9,0.3,0,0
"Hard cider","Beer","1 can or bottle (16 fl oz) (480g)",100,g,56,0,5.9,0,0
"Hard seltzer","Beer","1 can or bottle (12 fl oz) (360g)",100,g,24,0.1,0.6,0,0
"Liqueur","Liquor and cocktails","Quantity not specified (45g)",100,g,279,0,33.2,0.1,0
"Liqueur, cream","Liquor and cocktails","1 drink (68g)",100,g,296,0.2,33.5,2.7,0
"Liqueur, coffee flavored","Liquor and cocktails","1 shot (45g)",100,g,336,0.1,46.8,0.3,0
"Cocktail, NFS","Liquor and cocktails","1 drink (225g)",100,g,89,0,7.8,0.2,0
"Brandy Alexander","Liquor and cocktails","Quantity not specified (90g)",100,g,238,1.1,18.9,3.8,0
"Bloody Mary","Liquor and cocktails","Quantity not specified (225g)",100,g,73,0.7,3.8,0.2,0.4
"Cape Cod","Liquor and cocktails","Quantity not specified (225g)",100,g,98,0,10.2,0.1,0
"Daiquiri","Liquor and cocktails","1 fl oz (30g)",100,g,119,0.1,15.6,0.1,0.1
"Gelatin shot, alcoholic","Liquor and cocktails","1 shot (42g)",100,g,102,0.2,2.8,0,0
"Gimlet","Liquor and cocktails","1 fl oz (30g)",100,g,188,0.1,5.1,0,0.1
"Gin and tonic","Liquor and cocktails","1 fl oz (30g)",100,g,84,0,6.6,0,0
"Greyhound","Liquor and cocktails","1 fl oz (30g)",100,g,87,0.4,6.3,0.4,0.2
"Jagerbomb","Liquor and cocktails","1 shot (180g)",100,g,102,0.3,16,0,0
"Kamikaze","Liquor and cocktails","1 fl oz (30g)",100,g,187,0.1,6.9,0.1,0.1
"Manhattan","Liquor and cocktails","1 drink (120g)",100,g,222,0,1.8,0,0
"Margarita","Liquor and cocktails","1 fl oz (30g)",100,g,122,0.1,16.1,0.1,0
"Martini","Liquor and cocktails","1 drink (120g)",100,g,201,0.1,0.2,0,0
"Martini, flavored","Liquor and cocktails","Quantity not specified (120g)",100,g,187,0.1,6.4,0,0.1
"Michelada","Beer","Quantity not specified (225g)",100,g,33,0.7,4.1,0.2,0.2
"Mimosa","Wine","1 fl oz (30g)",100,g,64,0.4,6.5,0.2,0.2
"Mint julep","Liquor and cocktails","1 fl oz (30g)",100,g,187,0,5.8,0,0
"Mojito","Liquor and cocktails","1 drink (225g)",100,g,61,0.1,2.5,0,0.2
"Moscow mule","Liquor and cocktails","Quantity not specified (225g)",100,g,91,0,8.6,0,0
"Old fashioned","Liquor and cocktails","1 drink (180g)",100,g,164,0.2,6.1,0,0.5
"Orange Blossom","Liquor and cocktails","1 drink (225g)",100,g,98,0.6,9.3,0.3,0.2
"Rob Roy","Liquor and cocktails","Quantity not specified (90g)",100,g,212,0.1,3.6,0,0
"Rusty Nail","Liquor and cocktails","Quantity not specified (60g)",100,g,244,0,8.7,0,0
"Screwdriver","Liquor and cocktails","Quantity not specified (225g)",100,g,92,0.6,7.7,0.3,0.2
"Seabreeze","Liquor and cocktails","1 drink (225g)",100,g,92,0.2,8.2,0.2,0.1
"Seven and Seven","Liquor and cocktails","1 fl oz (30g)",100,g,87,0,7.6,0,0
"Tom Collins","Liquor and cocktails","1 fl oz (30g)",100,g,123,0.1,16.1,0.1,0
"Whiskey sour","Liquor and cocktails","1 drink (225g)",100,g,123,0.1,16.1,0.1,0
"Whiskey and soda","Liquor and cocktails","1 fl oz (30g)",100,g,59,0,0,0,0
"Whiskey and water","Liquor and cocktails","1 drink (225g)",100,g,59,0,0,0,0
"Whiskey and cola","Liquor and cocktails","1 drink (225g)",100,g,89,0,7.8,0.2,0
"Whiskey and diet cola","Liquor and cocktails","Quantity not specified (225g)",100,g,60,0.1,0.2,0,0
"Whiskey and ginger ale","Liquor and cocktails","Quantity not specified (225g)",100,g,83,0,6.6,0,0
"Rum and cola","Liquor and cocktails","1 fl oz (30g)",100,g,89,0,7.8,0.2,0
"Rum and diet cola","Liquor and cocktails","1 fl oz (30g)",100,g,60,0.1,0.2,0,0
"Pina Colada","Liquor and cocktails","1 fl oz (30g)",100,g,151,0.4,19.5,2.1,0.1
"Brandy and cola","Liquor and cocktails","Quantity not specified (225g)",100,g,89,0,7.8,0.2,0
"Vodka and soda","Liquor and cocktails","Quantity not specified (225g)",100,g,59,0,0,0,0
"Vodka and lemonade","Liquor and cocktails","1 drink (225g)",100,g,93,0,9,0,0
"Vodka and cola","Liquor and cocktails","1 drink (225g)",100,g,89,0,7.8,0.2,0
"Vodka and diet cola","Liquor and cocktails","1 drink (225g)",100,g,60,0.1,0.2,0,0
"Vodka and energy drink","Liquor and cocktails","Quantity not specified (225g)",100,g,90,0.4,7.7,0,0
"Vodka and water","Liquor and cocktails","1 fl oz (30g)",100,g,59,0,0,0,0
"Vodka and tonic","Liquor and cocktails","1 fl oz (30g)",100,g,84,0,6.6,0,0
"Sloe gin fizz","Liquor and cocktails","1 drink (225g)",100,g,66,0,2.2,0,0
"Black Russian","Liquor and cocktails","Quantity not specified (75g)",100,g,279,0,21.2,0.1,0
"White Russian","Liquor and cocktails","1 fl oz (30g)",100,g,181,2.2,11.2,7.9,0
"Fruit punch, alcoholic","Liquor and cocktails","1 fl oz (30g)",100,g,90,0.1,8.1,0,0.1
"Champagne punch","Wine","Quantity not specified (180g)",100,g,120,0.2,11.5,0.1,0.1
"Singapore Sling","Liquor and cocktails","Quantity not specified (225g)",100,g,93,0.1,7.3,0,0.2
"Mai Tai","Liquor and cocktails","Quantity not specified (180g)",100,g,149,0.2,16.5,0.1,0.1
"Tequila Sunrise","Liquor and cocktails","Quantity not specified (225g)",100,g,111,0.5,12.6,0.2,0.2
"Long Island iced tea","Liquor and cocktails","Quantity not specified (225g)",100,g,107,0,8.7,0.2,0
"Fuzzy Navel","Liquor and cocktails","1 drink (225g)",100,g,107,0.6,16.2,0.3,0.2
"Alcoholic coffee drink","Liquor and cocktails","Quantity not specified (240g)",100,g,88,0.2,2.1,2.4,0
"Frozen daiquiri","Liquor and cocktails","Quantity not specified (225g)",100,g,127,0.1,17.7,0.1,0
"Frozen margarita","Liquor and cocktails","1 drink (225g)",100,g,122,0.1,16.1,0.1,0
"Eggnog, alcoholic","Liquor and cocktails","Quantity not specified (240g)",100,g,113,3.7,6.6,3.5,0
"Gin fizz","Liquor and cocktails","Quantity not specified (225g)",100,g,66,0,2.2,0,0
"Rum, hot buttered","Liquor and cocktails","Quantity not specified (90g)",100,g,160,0.1,5,4.5,0.1
"Wine, sparkling","Wine","1 glass (180g)",100,g,75,0.1,2.3,0,0
"Wine, red","Wine","1/2 bottle (375g)",100,g,85,0.1,2.6,0,0
"Wine, white","Wine","Quantity not specified (180g)",100,g,82,0.1,2.6,0,0
"Wine, rose","Wine","1 fl oz (30g)",100,g,83,0.4,3.8,0,0
"Wine, rice","Wine","1 fl oz (30g)",100,g,134,0.5,5,0,0
"Wine, dessert, sweet","Wine","1 fl oz (30g)",100,g,160,0.2,13.7,0,0
"Wine, light","Wine","1 fl oz (30g)",100,g,49,0.1,1.2,0,0
"Wine cooler","Wine","1 glass (135g)",100,g,68,0,10.1,0,0
"Sangria, red","Wine","Quantity not specified (228g)",100,g,85,0,7.2,0,0
"Sangria, white","Wine","Quantity not specified (228g)",100,g,83,0,7.2,0,0
"Wine spritzer","Wine","1 fl oz (30g)",100,g,49,0,1.6,0,0
"Glug","Liquor and cocktails","1 glass (150g)",100,g,96,0.1,6.2,0.1,0.1
"Brandy","Liquor and cocktails","1 jigger (42g)",100,g,231,0,0,0,0
"Whiskey","Liquor and cocktails","1 fl oz (no ice) (28g)",100,g,231,0,0,0,0
"Scotch","Liquor and cocktails","1 jigger (42g)",100,g,231,0,0,0,0
"Gin","Liquor and cocktails","1 shot (42g)",100,g,231,0,0,0,0
"Rum","Liquor and cocktails","1 fl oz (no ice) (28g)",100,g,231,0,0,0,0
"Vodka","Liquor and cocktails","1 shot (42g)",100,g,231,0,0,0,0
"Tequila","Liquor and cocktails","1 jigger (42g)",100,g,231,0,0,0,0
"Water, NFS","Tap water","Quantity not specified (360g)",100,g,0,0,0,0,0
"Water, tap","Tap water","1 cup ice (110g)",100,g,0,0,0,0,0
"Water, bottled, plain","Bottled water","1 fl oz (30g)",100,g,0,0,0,0,0
"Water, non-carbonated, flavored","Flavored or carbonated water","1 cup (240g)",100,g,1,0,0.1,0,0
"Water beverage, fruit flavored","Flavored or carbonated water","Quantity not specified (180g)",100,g,18,0,4.5,0,0
"Water, enhanced, regular","Enhanced water","Quantity not specified (480g)",100,g,22,0,5.5,0,0
"Water, enhanced, diet","Enhanced water","1 bottle (20 fl oz) (600g)",100,g,0,0,0,0,0
"Water, baby","Baby water","1 cup (240g)",100,g,0,0,0,0,0
"Nutritional drink or shake, ready-to-drink (Boost)","Nutritional beverages","1 bottle (8 fl oz) (256g)",100,g,101,4.2,17.3,1.7,1.3
"Nutritional drink or shake, ready-to-drink (Boost Plus)","Nutritional beverages","1 fl oz (32g)",100,g,138,5.4,17.3,5.4,1.2
"Nutritional drink or shake, ready-to-drink (Carnation Instant Breakfast)","Nutritional beverages","Quantity not specified (341g)",100,g,92,5.5,12.9,2,0.1
"Nutritional drink or shake, ready-to-drink (Ensure)","Nutritional beverages","1 cup (252g)",100,g,105,3.8,16.9,2.5,0
"Nutritional drink or shake, ready-to-drink (Ensure Plus)","Nutritional beverages","1 can (252g)",100,g,141,5.2,19.9,4.5,0
"Nutritional drink or shake, ready-to-drink, sugar free (Glucerna)","Nutritional beverages","1 bottle (8 fl oz) (248g)",100,g,88,4.4,11.9,3.1,2.2
"Nutritional drink or shake, ready-to-drink (Muscle Milk)","Nutritional beverages","1 fl oz (32g)",100,g,52,5.9,2.3,2.2,0.2
"Nutritional drink or shake, ready-to-drink, light (Muscle Milk)","Nutritional beverages","1 bottle (14 fl oz) (448g)",100,g,38,4.8,2.1,1.2,0.2
"Nutritional drink or shake, ready-to-drink (Slim Fast)","Nutritional beverages","1 can (11 fl oz) (341g)",100,g,57,3.3,7.7,1.9,1.6
"Nutritional drink or shake, ready-to-drink, sugar free (Slim Fast)","Nutritional beverages","1 cup (248g)",100,g,57,3.3,7.7,1.9,1.6
"Nutritional drink or shake, high protein, ready-to-drink (Slim Fast)","Nutritional beverages","Quantity not specified (341g)",100,g,61,6.6,0.9,3.4,0.4
"Nutritional drink or shake, ready-to-drink, NFS","Nutritional beverages","1 fl oz (31g)",100,g,105,3.8,16.9,2.5,0
"Nutritional drink or shake, high protein, ready-to-drink, NFS","Nutritional beverages","1 single serving box (17 fl oz) Myoplex (544g)",100,g,61,6.6,0.9,3.4,0.4
"Nutritional drink or shake, high protein, light, ready-to-drink, NFS","Nutritional beverages","Quantity not specified (248g)",100,g,138,5.4,17.3,5.4,1.2
"Nutritional drink or shake, liquid, soy-based","Nutritional beverages","Quantity not specified (247g)",100,g,138,5.4,17.3,5.4,1.2
"Nutritional powder mix (Carnation Instant Breakfast)","Protein and nutritional powders","Quantity not specified (37g)",100,g,353,19.9,66.2,1.4,0.4
"Nutritional powder mix, sugar free (Carnation Instant Breakfast)","Protein and nutritional powders","1 envelope (20g)",100,g,358,35.8,41,5.1,2
"Nutritional powder mix (EAS Whey Protein Powder)","Protein and nutritional powders","1 scoop EAS Whey (19.5g)",100,g,385,66.7,18,5.1,0
"Nutritional powder mix (EAS Soy Protein Powder)","Protein and nutritional powders","1 scoop EAS Whey (44g)",100,g,405,47.6,43.9,3.6,0
"Nutritional powder mix, high protein (Herbalife)","Protein and nutritional powders","1 scoop (12.5g)",100,g,392,53.6,20.4,10.7,0
"Nutritional powder mix (Isopure)","Protein and nutritional powders","1 scoop, NFS (26g)",100,g,359,58.1,29.1,1.2,0
"Nutritional powder mix (Muscle Milk)","Protein and nutritional powders","1 scoop (35g)",100,g,411,45.7,18.5,17.1,7.1
"Nutritional powder mix, light (Muscle Milk)","Protein and nutritional powders","Quantity not specified (50g)",100,g,396,50,22,12,2
"Nutritional powder mix (Slim Fast)","Protein and nutritional powders","Quantity not specified (26g)",100,g,448,8.1,73.9,13.3,18.1
"Nutritional powder mix, sugar free (Slim Fast)","Protein and nutritional powders","1 scoop (14g)",100,g,448,8.1,73.9,13.3,18.1
"Nutritional powder mix, high protein (Slim Fast)","Protein and nutritional powders","Quantity not specified (26g)",100,g,433,27.9,50,13.5,18.2
"Nutritional powder mix, NFS","Protein and nutritional powders","Quantity not specified (34g)",100,g,353,19.9,66.2,1.4,0.4
"Nutritional powder mix, high protein, NFS","Protein and nutritional powders","1 scoop Joe Weider's (45g)",100,g,392,53.6,20.4,10.7,0
"Nutritional powder mix, whey based, NFS","Protein and nutritional powders","1 scoop NOW Foods (32g)",100,g,352,78.1,6.3,1.6,3.1
"Nutritional powder mix, protein, soy based, NFS","Protein and nutritional powders","Quantity not specified (36g)",100,g,388,55.6,28.9,5.6,6.7
"Nutritional powder mix, protein, light, NFS","Protein and nutritional powders","1 tablespoon (4g)",100,g,396,50,22,12,2
"Nutritional powder mix, protein, NFS","Protein and nutritional powders","1 scoop (31g)",100,g,352,78.1,6.3,1.6,3.1
"Energy drink (Full Throttle)","Sport and energy drinks","Quantity not specified (496g)",100,g,46,0.3,12.1,0.1,0
"Energy drink (Monster)","Sport and energy drinks","1 can (20 fl oz) (620g)",100,g,47,0.5,11.3,0,0
"Energy drink (Mountain Dew AMP)","Sport and energy drinks","1 fl oz (31g)",100,g,46,0.3,12.1,0.1,0
"Energy drink (No Fear)","Sport and energy drinks","1 fl oz (31g)",100,g,62,0.4,15,0,0
"Energy drink (No Fear Motherload)","Sport and energy drinks","1 can or bottle (16 fl oz) (496g)",100,g,62,0.4,15,0,0
"Energy drink (NOS)","Sport and energy drinks","1 bottle (22 fl oz) (682g)",100,g,44,0,11.3,0,0
"Energy drink (Red Bull)","Sport and energy drinks","1 can (8.4 fl oz) (260g)",100,g,43,0.5,10.2,0,0
"Energy drink (Rockstar)","Sport and energy drinks","1 cup (248g)",100,g,58,0.3,12.7,0.2,0
"Energy drink (SoBe Energize Energy Juice Drink)","Sport and energy drinks","1 bottle (8 fl oz) (248g)",100,g,45,0,11.3,0,0
"Energy drink (Vault)","Sport and energy drinks","1 fl oz (31g)",100,g,49,0,13,0,0
"Energy Drink","Sport and energy drinks","1 can or bottle (32 fl oz) (992g)",100,g,43,0.5,10.2,0,0
"Energy drink, low calorie (Monster)","Diet sport and energy drinks","1 fl oz (30g)",100,g,5,0,1.4,0,0
"Energy drink, sugar free (Monster)","Diet sport and energy drinks","Quantity not specified (30g)",100,g,5,0,1.4,0,0
"Energy drink, sugar free (Mountain Dew AMP)","Diet sport and energy drinks","1 can (24 fl oz) (720g)",100,g,2,0,1,0,0
"Energy drink, sugar free (No Fear)","Diet sport and energy drinks","1 can (8 fl oz) (240g)",100,g,4,0.4,0.4,0,0
"Energy drink, sugar-free (NOS)","Diet sport and energy drinks","Quantity not specified (480g)",100,g,4,0,1,0,0
"Energy drink (Ocean Spray Cran-Energy Juice Drink)","Sport and energy drinks","Quantity not specified (248g)",100,g,15,0,3.8,0,0
"Energy drink, sugar-free (Red Bull)","Diet sport and energy drinks","1 can (16.9 fl oz) (507g)",100,g,5,0.3,0.7,0.1,0
"Energy drink, sugar free (Rockstar)","Diet sport and energy drinks","1 fl oz (30g)",100,g,4,0.3,0.7,0.1,0
"Energy drink, sugar free (Vault)","Diet sport and energy drinks","1 can (12 fl oz) (360g)",100,g,1,0.3,0.7,0.1,0
"Energy drink (XS)","Sport and energy drinks","Quantity not specified (260g)",100,g,5,0.3,0.7,0.1,0
"Energy drink (XS Gold Plus)","Sport and energy drinks","1 cup (248g)",100,g,5,0.3,0.7,0.1,0
"Energy drink, sugar free","Diet sport and energy drinks","1 can or bottle (8 fl oz) (240g)",100,g,4,0.3,0.7,0.1,0
"Sports drink (Gatorade G)","Sport and energy drinks","Quantity not specified (496g)",100,g,26,0,6.4,0,0
"Sports drink (Powerade)","Sport and energy drinks","Quantity not specified (496g)",100,g,32,0,7.8,0.1,0
"Sports drink, NFS","Sport and energy drinks","1 cup (248g)",100,g,26,0,6.4,0,0
"Sports drink, low calorie (Gatorade G2)","Diet sport and energy drinks","1 bottle (20 fl oz) (600g)",100,g,8,0.1,1.9,0,0
"Sports drink, low calorie (Powerade Zero)","Diet sport and energy drinks","1 cup (240g)",100,g,0,0,0.1,0,0
"Sports drink, low calorie","Diet sport and energy drinks","1 cup (240g)",100,g,8,0.1,1.9,0,0
"Fluid replacement, electrolyte solution","Sport and energy drinks","1 fl oz (NFS) (31g)",100,g,10,0,2.5,0,0
"Fluid replacement, 5% glucose in water","Sport and energy drinks","1 bottle (4 oz) (120g)",100,g,0,0,0.1,0,0
"Fruit juice, acai blend","Fruit drinks","Quantity not specified (248g)",100,g,62,0.8,12.8,0.8,1.2
"Cheese as ingredient in sandwiches","Not included in a food category","100g serving",100,g,358,20.4,5,28.4,0
"Cheese and Queso as ingredient","Not included in a food category","100g serving",100,g,362,21.9,2.4,29.3,0
"Beef as ingredient in recipes","Not included in a food category","100g serving",100,g,261,26.4,0,16.5,0
"Breakfast meat as ingredient in omelet","Not included in a food category","100g serving",100,g,252,20.8,1.6,17.9,0
"Chicken as ingredient in recipes","Not included in a food category","100g serving",100,g,182,28.1,0,7.3,0
"Fish, cooked, as ingredient","Not included in a food category","100g serving",100,g,82,19.4,0,0.6,0
"Fish fillet, fried as ingredient in sandwiches","Not included in a food category","100g serving",100,g,195,18.2,8.3,10.1,0.3
"Breading or batter as ingredient in food","Not included in a food category","100g serving",100,g,201,6.6,40.1,1.6,1.6
"Wheat bread as ingredient in sandwiches","Not included in a food category","100g serving",100,g,264,11.4,45.4,4,5.4
"Wheat bun as ingredient in sandwiches","Not included in a food category","100g serving",100,g,264,11.4,45.4,4,5.4
"Rice, white, cooked, as ingredient","Not included in a food category","100g serving",100,g,130,2.5,29,0.4,0
"Rice, brown, cooked, as ingredient","Not included in a food category","100g serving",100,g,124,2.5,25.9,1.1,1
"Potato, cooked, as ingredient","Not included in a food category","100g serving",100,g,81,2.1,17.4,0.3,2.2
"Spinach, cooked, as ingredient","Not included in a food category","100g serving",100,g,33,3.4,3.1,0.7,1.9
"Broccoli, cooked, as ingredient","Not included in a food category","100g serving",100,g,41,2.7,6.5,0.4,2.5
"Carrots, cooked, as ingredient","Not included in a food category","100g serving",100,g,50,1,10.7,0.4,3.2
"Sweet potato, cooked, as ingredient","Not included in a food category","100g serving",100,g,82,1.7,18.1,0.4,3.1
"Tomatoes, cooked, as ingredient","Not included in a food category","100g serving",100,g,22,1.1,4.9,0.3,1.5
"Onions, cooked, as ingredient","Not included in a food category","100g serving",100,g,47,1.3,11,0.1,2
"Mushrooms, cooked, as ingredient","Not included in a food category","100g serving",100,g,39,3.6,5.2,0.4,2.2
"Green pepper, cooked, as ingredient","Not included in a food category","100g serving",100,g,25,0.8,5.1,0.1,1
"Red pepper, cooked, as ingredient","Not included in a food category","100g serving",100,g,33,1,7.2,0.1,1.3
"Cabbage, cooked, as ingredient","Not included in a food category","100g serving",100,g,32,1,6.7,0.2,2.6
"Cauliflower, cooked, as ingredient","Not included in a food category","100g serving",100,g,26,2,5.2,0.3,2.1
"Eggplant, cooked, as ingredient","Not included in a food category","100g serving",100,g,27,1.1,6.3,0.2,3.2
"Green beans, cooked, as ingredient","Not included in a food category","100g serving",100,g,42,2.1,7.7,0.3,3.1
"Summer squash, cooked, as ingredient","Not included in a food category","100g serving",100,g,21,1.3,4.1,0.4,1.2
"Celery, cooked, as ingredient","Not included in a food category","100g serving",100,g,18,0.5,3.6,0.2,1.7
"Dark green vegetables as ingredient in omelet","Not included in a food category","100g serving",100,g,35,3,4.5,0.6,1.9
"Tomatoes as ingredient in omelet","Not included in a food category","100g serving",100,g,25,1.1,5.5,0.2,1.5
"Other vegetables as ingredient in omelet","Not included in a food category","100g serving",100,g,39,3.2,5.7,0.4,2.1
"Mirepoix, cooked, as ingredient","Not included in a food category","100g serving",100,g,41,1,9.1,0.2,2.2
"Vegetables as ingredient in curry","Not included in a food category","100g serving",100,g,53,1.8,11.7,0.2,2.2
"Vegetables as ingredient in soups","Not included in a food category","100g serving",100,g,50,1.9,10.6,0.3,2
"Vegetables as ingredient in stews","Not included in a food category","100g serving",100,g,59,1.8,12.7,0.3,2.6
"Sauce as ingredient in hamburgers","Not included in a food category","100g serving",100,g,272,1.3,17.1,22.9,0.6
"Industrial oil as ingredient in food","Not included in a food category","100g serving",100,g,892,0,0,100,0
"Hummus","Legumes and Legume Products","100g serving",100,g,0,0,0,19,0
"Milk, 2%","Dairy and Egg Products","100g serving",100,g,0,0,0,1.8,0
"Proximates, Beef, Eye of Round roast/steak, lean only, raw, animal 5, select","Beef Products","100g serving",100,g,0,23.4,0,3.5,0
"Proximates, Beef, Eye of Round roast/steak, lean only, raw, animal 10, select","Beef Products","100g serving",100,g,0,23.9,0,1.9,0
"Proximates, Beef, Eye of Round roast/steak, lean only, raw, animal 11, select","Beef Products","100g serving",100,g,0,23.5,0,2.8,0
"Proximates, Beef, Eye of Round roast/steak, lean only, raw, animal 16, select","Beef Products","100g serving",100,g,0,23.8,0,2.1,0
"Proximates, Beef, Eye of Round roast/steak, lean only, raw, animal 17, select","Beef Products","100g serving",100,g,0,23.8,0,3.3,0
"Proximates, Beef, Eye of Round roast/steak, lean only, raw, animal 18, select","Beef Products","100g serving",100,g,0,24,0,2.2,0
"Proximates, Beef, Eye of Round roast/steak, lean only, raw, animal 22, select","Beef Products","100g serving",100,g,0,23.9,0,3,0
"Proximates, Beef, Eye of Round roast/steak, lean only, raw, animal 23, select","Beef Products","100g serving",100,g,0,23.3,0,3.5,0
"Proximates, Beef, Eye of Round roast/steak, lean only, raw, animal 28, select","Beef Products","100g serving",100,g,0,22.9,0,2,0
"Proximates, Beef, Eye of Round roast/steak, lean only, raw, animal 29, select","Beef Products","100g serving",100,g,0,23.3,0,2.3,0
"Proximates, Beef, Eye of Round roast/steak, lean only, raw, animal 35, select","Beef Products","100g serving",100,g,0,22.7,0,1.5,0
"Proximates, Beef, Eye of Round roast/steak, lean only, raw, animal 36, select","Beef Products","100g serving",100,g,0,22.6,0,1.7,0
"Tomatoes, Grape","Vegetables and Vegetable Products","100g serving",100,g,0,0,0,0.7,0
"Hummus, commercial","Legumes and Legume Products","1 serving (33.9g)",100,g,229,7.4,14.9,17.1,5.4
"Milk, reduced fat, fluid, 2% milkfat, with added vitamin A and vitamin D","Dairy and Egg Products","1 serving (227g)",100,g,50,3.4,4.9,1.9,0
"Tomatoes, grape, raw","Vegetables and Vegetable Products","1 serving (49.7g)",100,g,27,0.8,5.5,0.6,2.1
"Beans, snap, canned, drained - NFY1211Z9","Vegetables and Vegetable Products","100g serving",100,g,0,0,0,0.4,0
"Beans, snap, canned, drained - NFY1211ZM","Vegetables and Vegetable Products","100g serving",100,g,0,0,0,0.4,0
"Beans, snap, canned, drained - NFY1211Z2","Vegetables and Vegetable Products","100g serving",100,g,0,0,0,0.4,0
"Beans, snap, canned, drained - NFY1211YP","Vegetables and Vegetable Products","100g serving",100,g,0,0,0,0.3,0
"Beans, snap, canned, drained - NFY1211YW","Vegetables and Vegetable Products","100g serving",100,g,0,0,0,0.4,0
"Beans, snap, canned, drained - NFY1211ZF","Vegetables and Vegetable Products","100g serving",100,g,0,0,0,0.4,0
"Beans, snap, canned, drained - NFY1211ZZ","Vegetables and Vegetable Products","100g serving",100,g,0,0,0,0.4,0
"Beans, snap, canned, drained - NFY12120I","Vegetables and Vegetable Products","100g serving",100,g,0,0,0,0.4,0
"Beans, snap, canned, drained - NFY12120C","Vegetables and Vegetable Products","100g serving",100,g,0,0,0,0.5,0
"Beans, snap, canned, drained - NFY12120P","Vegetables and Vegetable Products","100g serving",100,g,0,0,0,0.4,0
"Beans, snap, canned, drained - NFY121205","Vegetables and Vegetable Products","100g serving",100,g,0,0,0,0.4,0
"Beans, snap, canned, drained - NFY1211ZS","Vegetables and Vegetable Products","100g serving",100,g,0,0,0,0.4,0
"Beans, snap, green, canned, regular pack, drained solids","Vegetables and Vegetable Products","drained (129g)",100,g,20,1,4.1,0.4,0
"Broccoli, Region 1, n/a, Yes, Proximates - NFY01047M","Vegetables and Vegetable Products","100g serving",100,g,0,0,0,0.4,0
"Broccoli, Region 1, n/a, Yes, Proximates - NFY01048F","Vegetables and Vegetable Products","100g serving",100,g,0,0,0,0.4,0
"Broccoli, Pass 2, Region 1, n/a, Yes, Proximates - NFY010CUE","Vegetables and Vegetable Products","100g serving",100,g,0,0,0,0.4,0
"Broccoli, Region 3, n/a, Yes, Proximates - NFY0104BP","Vegetables and Vegetable Products","100g serving",100,g,0,0,0,0.4,0
"Broccoli, Region 3, n/a, Yes, Proximates - NFY0104AU","Vegetables and Vegetable Products","100g serving",100,g,0,0,0,0.2,0
"Broccoli, Region 4, n/a, Yes, Proximates - NFY0104BX","Vegetables and Vegetable Products","100g serving",100,g,0,0,0,0.3,0
"Broccoli, Region 4, n/a, Yes, Proximates - NFY0104CS","Vegetables and Vegetable Products","100g serving",100,g,0,0,0,0.4,0
"Broccoli, Cooked, Region 4, n/a, Yes, Proximates - NFY0104CY","Vegetables and Vegetable Products","100g serving",100,g,0,0,0,0.5,0
"Broccoli, Cooked, Region 4, n/a, Yes, Proximates - NFY0104DY","Vegetables and Vegetable Products","100g serving",100,g,0,0,0,0.5,0
"Broccoli, Region 2, n/a, Yes, Proximates - NFY01048K","Vegetables and Vegetable Products","100g serving",100,g,0,0,0,0.3,0
"Broccoli, Region 2, n/a, Yes, Proximates - NFY01049F","Vegetables and Vegetable Products","100g serving",100,g,0,0,0,0.3,0
"Broccoli, Cooked, Region 2, n/a, Yes, Proximates - NFY01049N","Vegetables and Vegetable Products","100g serving",100,g,0,0,0,0.3,0
"Broccoli, Cooked, Region 2, n/a, Yes, Proximates - NFY0104AN","Vegetables and Vegetable Products","100g serving",100,g,0,0,0,0.5,0
"Broccoli, Pass 2, Region 2, n/a, Yes, Proximates - NFY010D7D","Vegetables and Vegetable Products","100g serving",100,g,0,0,0,0.3,0
"Broccoli, steamed, Pass 2, Region 2, n/a, Yes, Proximates - NFY010D8W","Vegetables and Vegetable Products","100g serving",100,g,0,0,0,0.4,0
"Broccoli, Pass 2, Region 4, n/a, Yes, Proximates - NFY010CV8","Vegetables and Vegetable Products","100g serving",100,g,0,0,0,0.2,0
"Broccoli, steamed, Pass 2, Region 4, n/a, Yes, Proximates - NFY010CW4","Vegetables and Vegetable Products","100g serving",100,g,0,0,0,0.4,0
"Broccoli, Pass 2, Region 3, n/a, Yes, Proximates - NFY010D84","Vegetables and Vegetable Products","100g serving",100,g,0,0,0,0.4,0
"Milk, 1%","Dairy and Egg Products","100g serving",100,g,0,0,0,1.1,0
"Milk, Skim","Dairy and Egg Products","100g serving",100,g,0,0,0,1.1,0
"Milk, lowfat, fluid, 1% milkfat, with added vitamin A and vitamin D","Dairy and Egg Products","1 serving (233g)",100,g,43,3.4,5.2,1,0
"Milk, nonfat, fluid, with added vitamin A and vitamin D (fat free or skim)","Dairy and Egg Products","1 serving (229g)",100,g,34,3.4,4.9,0.1,0
"Milk, whole, 3.25% milkfat, with added vitamin D","Dairy and Egg Products","1 serving (229g)",100,g,60,3.3,4.7,3.2,0
"Hot dogs beef","Sausages and Luncheon Meats","100g serving",100,g,0,0,0,26.9,0
"Frankfurter, beef, unheated","Sausages and Luncheon Meats","1 serving (48.6g)",100,g,314,11.7,2.9,28,0
"Almonds dry roasted salted","Nut and Seed Products","100g serving",100,g,0,0,0,59.6,0
"Nuts, almonds, dry roasted, with salt added","Nut and Seed Products","whole (135g)",100,g,621,20.4,16.2,57.8,11
"Cheese, Ricotta, Whole Milk, Galbani","Dairy and Egg Products","100g serving",100,g,0,0,0,11.2,0
"Cheese, Ricotta, Whole Milk, Sorrento","Dairy and Egg Products","100g serving",100,g,0,0,0,8.2,0
"Cheese, Ricotta, Whole Milk, Polly-o","Dairy and Egg Products","100g serving",100,g,0,0,0,11.5,0
"Cheese, Ricotta, Whole Milk, Store/other","Dairy and Egg Products","100g serving",100,g,0,0,0,11.5,0
"Cheese, Ricotta, Whole Milk, Lucerne","Dairy and Egg Products","100g serving",100,g,0,0,0,11.9,0
"Cheese, ricotta, whole milk","Dairy and Egg Products","1 serving (64.6g)",100,g,157,7.8,6.9,11,0
"Kale - NFY1212EC","Vegetables and Vegetable Products","100g serving",100,g,0,0,0,1.5,0
"Kale - NFY1212CI","Vegetables and Vegetable Products","100g serving",100,g,0,0,0,1.6,0
"Kale - NFY1212DW","Vegetables and Vegetable Products","100g serving",100,g,0,0,0,1.5,0
"Kale - NFY1212CY","Vegetables and Vegetable Products","100g serving",100,g,0,0,0,1.4,0
"Kale - NFY1212ES","Vegetables and Vegetable Products","100g serving",100,g,0,0,0,1.5,0
"Whole eggs","Dairy and Egg Products","100g serving",100,g,0,0,0,11.5,0
"Egg, whole, raw, frozen, pasteurized","Dairy and Egg Products","1 serving (28.4g)",100,g,150,12.3,0.9,10.3,0
"Egg whites","Dairy and Egg Products","100g serving",100,g,0,0,0,0.1,0
"Egg, white, raw, frozen, pasteurized","Dairy and Egg Products","1 serving (28.4g)",100,g,48,10.1,0.7,0.2,0
"Egg whites, dried","Dairy and Egg Products","100g serving",100,g,0,0,0,0.3,0
"Egg, white, dried","Dairy and Egg Products","1 serving (7g)",100,g,376,79.9,6,0.7,0
"Salsa","Soups, Sauces, and Gravies","100g serving",100,g,0,0,0,0.3,0
"Proximates, Salsa, TOSTITOS CHUNKY, MEDIUM (FL,MO) - NFY090KVT","Soups, Sauces, and Gravies","100g serving",100,g,0,0,0,0.1,0
"Proximates, Salsa, TOSTITOS CHUNKY, MEDIUM (CO,CT) - NFY090KVK","Soups, Sauces, and Gravies","100g serving",100,g,0,0,0,0.2,0
"Proximates, Salsa, TOSTITOS CHUNKY, MEDIUM (AL,CA1) - NFY090KUN","Soups, Sauces, and Gravies","100g serving",100,g,0,0,0,0.1,0
"Proximates, Salsa, TOSTITOS CHUNKY, MEDIUM (IN,NY) - NFY090KU1","Soups, Sauces, and Gravies","100g serving",100,g,0,0,0,0.2,0
"Proximates, Salsa, TOSTITOS CHUNKY, MEDIUM (CA2,NC) - NFY090KUZ","Soups, Sauces, and Gravies","100g serving",100,g,0,0,0,0.2,0
"Proximates, Salsa, TOSTITOS CHUNKY, MEDIUM (MI,OK) - NFY090KW5","Soups, Sauces, and Gravies","100g serving",100,g,0,0,0,0.2,0
"Proximates, Salsa, PACE CHUNKY, MEDIUM (AL,CA1) - NFY090KXG","Soups, Sauces, and Gravies","100g serving",100,g,0,0,0,0.1,0
"Proximates, Salsa, PACE CHUNKY, MEDIUM (IN,NY) - NFY090KWU","Soups, Sauces, and Gravies","100g serving",100,g,0,0,0,0.2,0
"Proximates, Salsa, PACE CHUNKY, MEDIUM (CA2,NC) - NFY090KXS","Soups, Sauces, and Gravies","100g serving",100,g,0,0,0,0.2,0
"Proximates, Salsa, PACE CHUNKY, MEDIUM (CO,CT) - NFY090KYD","Soups, Sauces, and Gravies","100g serving",100,g,0,0,0,0.1,0
"Proximates, Salsa, PACE CHUNKY, MEDIUM (FL,MO) - NFY090KYM","Soups, Sauces, and Gravies","100g serving",100,g,0,0,0,0.2,0
"Proximates, Salsa, PACE CHUNKY, MEDIUM (MI,OK) - NFY090KYY","Soups, Sauces, and Gravies","100g serving",100,g,0,0,0,0.2,0
"Sauce, salsa, ready-to-serve","Soups, Sauces, and Gravies","1 serving (35.7g)",100,g,29,1.4,6.7,0.2,1.8
"Beef Breakfast Sausage, Banquet Brown N Serve Sausage Links","Sausages and Luncheon Meats","100g serving",100,g,0,0,0,29.7,0
"Beef Breakfast Sausage, Eckrich Sausage Links","Sausages and Luncheon Meats","100g serving",100,g,0,0,0,25.4,0
"Beef Breakfast Sausage, Banquet Brown N Serve Sausage Links, Maple Flavor","Sausages and Luncheon Meats","100g serving",100,g,0,0,0,32.5,0
"Sausage, breakfast sausage, beef, pre-cooked, unprepared","Sausages and Luncheon Meats","1 serving (18.6g)",100,g,329,13.3,3.4,28.7,0
"Proximates, Onion rings, frozen, ALEXIA (CA2,NC) - NFY120675","Vegetables and Vegetable Products","100g serving",100,g,0,0,0,15,0
"Proximates, Onion rings, frozen, Store brand/other (AL,MI) - NFY12068R","Vegetables and Vegetable Products","100g serving",100,g,0,0,0,15.7,0
"Proximates, Onion rings, frozen, ORE-IDA (CA2,NC) - NFY12069K","Vegetables and Vegetable Products","100g serving",100,g,0,0,0,12.8,0
"Proximates, Onion rings, frozen, ALEXIA (FL,MO) - NFY12068D","Vegetables and Vegetable Products","100g serving",100,g,0,0,0,15.8,0
"Proximates, Onion rings, frozen, ORE-IDA (CA1,CT) - NFY120696","Vegetables and Vegetable Products","100g serving",100,g,0,0,0,12.6,0
"Proximates, Onion rings, frozen, ALEXIA (CO,CT) - NFY12067K","Vegetables and Vegetable Products","100g serving",100,g,0,0,0,14.8,0
"Proximates, Onion rings, frozen, ORE-IDA (NY,OK) - NFY1206AS","Vegetables and Vegetable Products","100g serving",100,g,0,0,0,13.7,0
"Proximates, Onion rings, frozen, ALEXIA (IN,NY) - NFY12066A","Vegetables and Vegetable Products","100g serving",100,g,0,0,0,15.8,0
"Proximates, Onion rings, frozen, Store brand/other (CO,IN) - NFY12069Z","Vegetables and Vegetable Products","100g serving",100,g,0,0,0,13.9,0
"Proximates, Onion rings, frozen, ORE-IDA (FL,MO) - NFY1206AE","Vegetables and Vegetable Products","100g serving",100,g,0,0,0,12.6,0
"Proximates, Onion rings, frozen, ALEXIA (AL,OK) - NFY12066P","Vegetables and Vegetable Products","100g serving",100,g,0,0,0,15.4,0
"Onion rings, breaded, par fried, frozen, prepared, heated in oven","Vegetables and Vegetable Products","1 serving (20.2g)",100,g,289,4.5,36.3,14.4,2.4
"Proximates, Pickles, kosher dill, spears, VLASIC (FL,MO) - NFY120HMY","Vegetables and Vegetable Products","100g serving",100,g,0,0,0,0.2,0
"Proximates, Pickles, kosher dill, spears, VLASIC (CA2,NC) - NFY120HMD","Vegetables and Vegetable Products","100g serving",100,g,0,0,0,0.4,0
"Proximates, Pickles, kosher dill, spears, VLASIC (IN,NY) - NFY120HLM","Vegetables and Vegetable Products","100g serving",100,g,0,0,0,0.3,0
"Proximates, Pickles, kosher dill, spears, VLASIC (CO,CT) - NFY120HMM","Vegetables and Vegetable Products","100g serving",100,g,0,0,0,0.4,0
"Proximates, Pickles, kosher dill, spears, CLAUSEN (IN,NY) - NFY120HNO","Vegetables and Vegetable Products","100g serving",100,g,0,0,0,0.3,0
"Proximates, Pickles, kosher dill, spears, CLAUSEN (CA2,NC) - NFY120HOC","Vegetables and Vegetable Products","100g serving",100,g,0,0,0,0.2,0
"Proximates, Pickles, kosher dill, spears, VLASIC (MI,OK) - NFY120HN9","Vegetables and Vegetable Products","100g serving",100,g,0,0,0,0.2,0
"Proximates, Pickles, kosher dill, spears, VLASIC (AL,CA1) - NFY120HLX","Vegetables and Vegetable Products","100g serving",100,g,0,0,0,0.3,0
"Proximates, Pickles, kosher dill, spears, CLAUSEN (CO,CT) - NFY120HOK","Vegetables and Vegetable Products","100g serving",100,g,0,0,0,0.2,0
"Proximates, Pickles, kosher dill, spears, CLAUSEN (MI,OK) - NFY120HOV","Vegetables and Vegetable Products","100g serving",100,g,0,0,0,0.4,0
"Proximates, Pickles, kosher dill, spears, CLAUSEN (AL,CA1) - NFY120HNX","Vegetables and Vegetable Products","100g serving",100,g,0,0,0,0.4,0
"Proximates, Pickles, kosher dill, spears, store brand, AMERICAS CHOICE & SHOP RITE (NY,CT1) - NFY120HPJ","Vegetables and Vegetable Products","100g serving",100,g,0,0,0,0.3,0
"Proximates, Pickles, kosher dill, spears, store brand, HY VEE & PUBLIX (MO1,FL) - NFY120HQO","Vegetables and Vegetable Products","100g serving",100,g,0,0,0,0.3,0
"Proximates, Pickles, kosher dill, spears, store brand, FOOD LION & SUNNY SELECT (NC1,CA2) - NFY120HQ5","Vegetables and Vegetable Products","100g serving",100,g,0,0,0,0.3,0
"Proximates, Pickles, kosher dill, spears, store brand, SAFEWAY (CA1,CO1) - NFY120HPR","Vegetables and Vegetable Products","100g serving",100,g,0,0,0,0.3,0
"Proximates, Pickles, kosher dill, spears, store brand, GREAT VALUE & GREAT VALUE (AL1,OK1) - NFY120HQD","Vegetables and Vegetable Products","100g serving",100,g,0,0,0,0.4,0
"Proximates, Pickles, kosher dill, spears, CLAUSEN (FL,MO) - NFY120HP5","Vegetables and Vegetable Products","100g serving",100,g,0,0,0,0.3,0
"Pickles, kosher dill","Vegetables and Vegetable Products","100g serving",100,g,0,0,0,0.4,0
"Proximates, Pickles, kosher dill, spears, store brand, KROGER (IN1,MI1) - NFY120HQX","Vegetables and Vegetable Products","100g serving",100,g,0,0,0,0.4,0
"Pickles, cucumber, dill or kosher dill","Vegetables and Vegetable Products","1 serving (40.4g)",100,g,12,0.5,2,0.4,1
"Proximates, Peanut butter, creamy, SKIPPY (MI) - NFY120C7Y","Legumes and Legume Products","100g serving",100,g,0,0,0,50.2,0
"Proximates, Peanut butter, creamy, SKIPPY (IN,NY) - NFY120C6F","Legumes and Legume Products","100g serving",100,g,0,0,0,50.4,0
"Proximates, Peanut butter, creamy, SKIPPY (CO,CT) - NFY120C7L","Legumes and Legume Products","100g serving",100,g,0,0,0,50.3,0
"Proximates, Peanut butter, creamy, JIF (IN,NY) - NFY120C8R","Legumes and Legume Products","100g serving",100,g,0,0,0,52,0
"Proximates, Peanut butter, creamy, SKIPPY (FL,MO) - NFY120C8D","Legumes and Legume Products","100g serving",100,g,0,0,0,49.7,0
"Proximates, Peanut butter, creamy, SKIPPY (AL,CA1) - NFY120C6T","Legumes and Legume Products","100g serving",100,g,0,0,0,50.8,0
"Proximates, Peanut butter, creamy, JIF (CA2,NC) - NFY120C9J","Legumes and Legume Products","100g serving",100,g,0,0,0,51.8,0
"Proximates, Peanut butter, creamy, JIF (AL,CA1) - NFY120C96","Legumes and Legume Products","100g serving",100,g,0,0,0,52.2,0
"Proximates, Peanut butter, creamy, JIF (FL,MO) - NFY120CAA","Legumes and Legume Products","100g serving",100,g,0,0,0,51.4,0
"Proximates, Peanut butter, creamy, store brand/other brand, AMERICAS CHOICE & GREAT VALUE (NY) - NFY120CB3","Legumes and Legume Products","100g serving",100,g,0,0,0,52.5,0
"Proximates, Peanut butter, creamy, store brand/other brand, MY ESSENTIALS & SUNNY SELECT (CA2,NC) - NFY120CBW","Legumes and Legume Products","100g serving",100,g,0,0,0,50,0
"Proximates, Peanut butter, creamy, JIF (CO,CT) - NFY120C9W","Legumes and Legume Products","100g serving",100,g,0,0,0,51.7,0
"Proximates, Peanut butter, creamy, JIF (MI,OK) - NFY120CAP","Legumes and Legume Products","100g serving",100,g,0,0,0,52.7,0
"Proximates, Peanut butter, creamy, store brand/other brand, HYVEE & PUBLIX (FL,MO) - NFY120CCO","Legumes and Legume Products","100g serving",100,g,0,0,0,51,0
"Proximates, Peanut butter, creamy, store brand/other brand, GREAT VALUE (AL,OK) - NFY120CBI","Legumes and Legume Products","100g serving",100,g,0,0,0,50.2,0
"Proximates, Peanut butter, creamy, store brand/other brand, KROGER (IN,MI) - NFY120CCA","Legumes and Legume Products","100g serving",100,g,0,0,0,51.2,0
"Proximates, Peanut butter, creamy, store brand/other brand, SAFEWAY KITCHENS & SHOP RITE (CO,CT) - NFY120CD2","Legumes and Legume Products","100g serving",100,g,0,0,0,51.8,0
"Proximates, Peanut butter, creamy, SKIPPY (CA2,NC) - NFY120C77","Legumes and Legume Products","100g serving",100,g,0,0,0,50.1,0
"Peanut butter, smooth style, with salt","Legumes and Legume Products","1 serving (32g)",100,g,597,22.5,22.3,51.1,4.8
"Proximates, Parmesan cheese, grated, KRAFT 100% (FL,MO) - NFY120DS3","Dairy and Egg Products","100g serving",100,g,0,0,0,28.7,0
"Proximates, Parmesan cheese, grated, KRAFT 100% (IN,NY) - NFY120DQH","Dairy and Egg Products","100g serving",100,g,0,0,0,28.7,0
"Proximates, Parmesan cheese, grated, KRAFT 100% (CA2,NC) - NFY120DRC","Dairy and Egg Products","100g serving",100,g,0,0,0,30.4,0
"Proximates, Parmesan cheese, grated, KRAFT 100% (AL,CA1) - NFY120DR5","Dairy and Egg Products","100g serving",100,g,0,0,0,28.8,0
"Proximates, Parmesan cheese, grated, store brand/other brand, PRICE CHOPPER (CT) - NFY120DSY","Dairy and Egg Products","100g serving",100,g,0,0,0,23.8,0
"Proximates, Parmesan cheese, grated, KRAFT 100% (CO,CT) - NFY120DRR","Dairy and Egg Products","100g serving",100,g,0,0,0,29.6,0
"Proximates, Parmesan cheese, grated, KRAFT 100% (MI,OK) - NFY120DSK","Dairy and Egg Products","100g serving",100,g,0,0,0,27.9,0
"Proximates, Parmesan cheese, grated, store brand/other brand, MY ESSENTIALS & SUNNYSIDE FARMS (CA2,NC) - NFY120DTQ","Dairy and Egg Products","100g serving",100,g,0,0,0,26.6,0
"Proximates, Parmesan cheese, grated, store brand/other brand, GREAT VALUE (AL,OK) - NFY120DTF","Dairy and Egg Products","100g serving",100,g,0,0,0,26,0
"Proximates, Parmesan cheese, grated, store brand/other brand, SAFEWAY KITCHENS (CO,CA1) - NFY120DU4","Dairy and Egg Products","100g serving",100,g,0,0,0,22.3,0
"Proximates, Parmesan cheese, grated, store brand/other brand, FLORA & HYVEE (FL,MO) - NFY120DUE","Dairy and Egg Products","100g serving",100,g,0,0,0,28.4,0
"Proximates, Parmesan cheese, grated, store brand/other brand, KROGER (MI,IN) - NFY120DUT","Dairy and Egg Products","100g serving",100,g,0,0,0,35.2,0
"Cheese, parmesan, grated","Dairy and Egg Products","1 serving (7.6g)",100,g,420,29.6,12.4,28,0
"Proximates, American cheese, pasteurized process, mixed store brand - NFY090HPC","Dairy and Egg Products","100g serving",100,g,0,0,0,30.2,0
"Proximates, American cheese, pasteurized process, KRAFT - NFY090HJO","Dairy and Egg Products","100g serving",100,g,0,0,0,31,0
"Proximates, American cheese, pasteurized process, KRAFT - NFY090HKD","Dairy and Egg Products","100g serving",100,g,0,0,0,31.2,0
"Proximates, American cheese, pasteurized process, LAND-O-LAKES - NFY090HMG","Dairy and Egg Products","100g serving",100,g,0,0,0,31,0
"Proximates, American cheese, pasteurized process, mixed store brand - NFY090HP4","Dairy and Egg Products","100g serving",100,g,0,0,0,30,0
"Proximates, American cheese, pasteurized process, KRAFT DELI DELUXE - NFY090HKO","Dairy and Egg Products","100g serving",100,g,0,0,0,30.8,0
"Proximates, American cheese, pasteurized process, KRAFT - NFY090HKW","Dairy and Egg Products","100g serving",100,g,0,0,0,31,0
"Proximates, American cheese, pasteurized process, mixed store brand - NFY090HPK","Dairy and Egg Products","100g serving",100,g,0,0,0,30.6,0
"Proximates, American cheese, pasteurized process, KRAFT - NFY090HK2","Dairy and Egg Products","100g serving",100,g,0,0,0,30.9,0
"Proximates, American cheese, pasteurized process, LUCERNE - NFY090HPQ","Dairy and Egg Products","100g serving",100,g,0,0,0,30.1,0
"Proximates, American cheese, pasteurized process, KRAFT DELI DELUXE - NFY090HMZ","Dairy and Egg Products","100g serving",100,g,0,0,0,30.7,0
"Proximates, American cheese, pasteurized process, KROGER DELUXE - NFY090HQ4","Dairy and Egg Products","100g serving",100,g,0,0,0,29.8,0
"Proximates, American cheese, pasteurized process, mixed store brand - NFY090HPY","Dairy and Egg Products","100g serving",100,g,0,0,0,30.1,0
"Cheese, pasteurized process, American, vitamin D fortified","Dairy and Egg Products","1 serving (20.6g)",100,g,366,18,5.3,30.6,0
"Grapefruit juice, white, shelf stable - NFY1213V5","Fruits and Fruit Juices","100g serving",100,g,0,0,0,0.9,0
"Grapefruit juice, white, shelf stable - NFY1213U4","Fruits and Fruit Juices","100g serving",100,g,0,0,0,0.9,0
"Grapefruit juice, white, shelf stable - NFY1213US","Fruits and Fruit Juices","100g serving",100,g,0,0,0,0.5,0
"Grapefruit juice, white, shelf stable - NFY1213SW","Fruits and Fruit Juices","100g serving",100,g,0,0,0,0.7,0
"Grapefruit juice, white, shelf stable - NFY1213VF","Fruits and Fruit Juices","100g serving",100,g,0,0,0,0.8,0
"Grapefruit juice, white, shelf stable - NFY1213SH","Fruits and Fruit Juices","100g serving",100,g,0,0,0,0.7,0
"Grapefruit juice, white, shelf stable - NFY1213TH","Fruits and Fruit Juices","100g serving",100,g,0,0,0,0.7,0
"Grapefruit juice, white, shelf stable - NFY1213T5","Fruits and Fruit Juices","100g serving",100,g,0,0,0,0.4,0
"Grapefruit juice, white, shelf stable - NFY1213UD","Fruits and Fruit Juices","100g serving",100,g,0,0,0,0.7,0
"Grapefruit juice, white, shelf stable - NFY1213TQ","Fruits and Fruit Juices","100g serving",100,g,0,0,0,0.7,0
"Grapefruit juice, white, canned or bottled, unsweetened","Fruits and Fruit Juices","1 serving (257g)",100,g,37,0.6,7.6,0.7,0.2
"Peaches, raw, Region 2, n/a, Yes - Proximates, NF00095B, NF00095Y","Fruits and Fruit Juices","100g serving",100,g,0,0,0,0.1,0
"Peaches, raw, Region 4, n/a, Yes - Proximates, NF0009EH, NF0009F4","Fruits and Fruit Juices","100g serving",100,g,0,0,0,0.3,0
"Peaches, raw, Region 1, n/a, Yes - Proximates, NF00094C; NF000956","Fruits and Fruit Juices","100g serving",100,g,0,0,0,0.2,0
"Peaches, raw, Region 3, n/a, Yes - Proximates","Fruits and Fruit Juices","100g serving",100,g,0,0,0,0.2,0
"Peaches, Raw, Pass 2, Region 2, n/a, Yes, Proximates - NFY010BRV","Fruits and Fruit Juices","100g serving",100,g,0,0,0,0.5,0
"Peaches, Raw, Pass 2, Region 4, n/a, Yes, Proximates - NFY010BTH","Fruits and Fruit Juices","100g serving",100,g,0,0,0,0.4,0
"Peaches, Raw, Pass 2, Region 3, n/a, Yes, Proximates - NFY010BSN","Fruits and Fruit Juices","100g serving",100,g,0,0,0,0.2,0
"Peaches, Raw, Pass 2, Region 1, n/a, Yes, Proximates - NFY010BR1","Fruits and Fruit Juices","100g serving",100,g,0,0,0,0.4,0
"Peaches, yellow, raw","Fruits and Fruit Juices","slices with skin (154g)",100,g,42,0.9,10.1,0.3,1.5
"Sunflower seeds dry roasted salted","Nut and Seed Products","100g serving",100,g,0,0,0,58.3,0
"Seeds, sunflower seed kernels, dry roasted, with salt added","Nut and Seed Products","1 serving (127g)",100,g,612,21,17.1,56.1,10.3
"Italian Pork Sausage, Store/other, Cooked","Sausages and Luncheon Meats","100g serving",100,g,0,0,0,29.2,0
"Italian Pork Sausage, Kroger, Cooked","Sausages and Luncheon Meats","100g serving",100,g,0,0,0,24.3,0
"Italian Pork Sausage, Johnsonville Hot, Cooked","Sausages and Luncheon Meats","100g serving",100,g,0,0,0,26.8,0
"Italian Pork Sausage, Great Value, Cooked","Sausages and Luncheon Meats","100g serving",100,g,0,0,0,28.7,0
"Italian Pork Sausage, Johnsonville Mild, Cooked","Sausages and Luncheon Meats","100g serving",100,g,0,0,0,25.8,0
"Sausage, Italian, pork, mild, cooked, pan-fried","Sausages and Luncheon Meats","medium (86.6g)",100,g,322,18.2,2.2,26.2,0
"Proximates, White bread, store brand, FOOD WORLD SANDWICH BREAD (AL1) - NFY0907IT","Baked Products","100g serving",100,g,0,0,0,2.9,0
"Proximates, White bread, store brand, AMERICAS CHOICE LARGE WHITE (NY1) - NFY0907II","Baked Products","100g serving",100,g,0,0,0,2.4,0
"Proximates, White bread, store brand, SUNNYSIDE FARMS BREAD (CA2) - NFY0907JF","Baked Products","100g serving",100,g,0,0,0,4.3,0
"Proximates, White bread, store brand, SAFEWAY PREMIUM WHITE (CA1) - NFY0907J4","Baked Products","100g serving",100,g,0,0,0,3.3,0
"Proximates, White bread, store brand, KROGER BREAD (IN1) - NFY0907I7","Baked Products","100g serving",100,g,0,0,0,2.3,0
"Proximates, White bread, store brand, LOWES FOOD STORE (NC1) - NFY0907JQ","Baked Products","100g serving",100,g,0,0,0,3.2,0
"Proximates, White bread, store brand, SHOP RITE ROUND TOP WHITE (CT1) - NFY0907KC","Baked Products","100g serving",100,g,0,0,0,2.6,0
"Proximates, White bread, store brand, KROGER BREAD (MI1) - NFY0907L9","Baked Products","100g serving",100,g,0,0,0,3.2,0
"Proximates, White bread, store brand, PUBLIX BREAD (FL1) - NFY0907KN","Baked Products","100g serving",100,g,0,0,0,3.3,0
"Proximates, White bread, store brand, GREAT VALUE WHITE (OK1) - NFY0907LK","Baked Products","100g serving",100,g,0,0,0,3.4,0
"Proximates, White bread, store brand, SAFEWAY PREMIUM WHITE (CO1) - NFY0907K1","Baked Products","100g serving",100,g,0,0,0,3.1,0
"Proximates, White bread, PEPPERIDGE FARMS (FL1,MO1) - NFY0907NU","Baked Products","100g serving",100,g,0,0,0,5.2,0
"Proximates, White bread, PEPPERIDGE FARMS (CO1,CT1) - NFY0907N6","Baked Products","100g serving",100,g,0,0,0,5.4,0
"Proximates, White bread, PEPPERIDGE FARMS (NC1,NY1,MI1) - NFY0907OU","Baked Products","100g serving",100,g,0,0,0,5.3,0
"Proximates, White bread, SARA LEE SOFT AND SMOOTH CLASSIC WHOLE (IN1,MO1) - NFY0907PE","Baked Products","100g serving",100,g,0,0,0,4,0
"Proximates, White bread, SARA LEE SOFT AND SMOOTH CLASSIC WHOLE (AL1,CA1) - NFY0907PY","Baked Products","100g serving",100,g,0,0,0,3.6,0
"Bread, white, commercially prepared","Baked Products","1 serving (27.3g)",100,g,270,9.4,49.2,3.6,2.3
"Turkey Breakfast Sausage, Honeysuckle White","Sausages and Luncheon Meats","100g serving",100,g,0,0,0,10.4,0
"Turkey Breakfast Sausage, Hillshire Smoked","Sausages and Luncheon Meats","100g serving",100,g,0,0,0,9.4,0
"Turkey Breakfast Sausage, Jimmy Dean","Sausages and Luncheon Meats","100g serving",100,g,0,0,0,11.2,0
"Turkey Breakfast Sausage, Jennie O - Mild","Sausages and Luncheon Meats","100g serving",100,g,0,0,0,9.7,0
"Turkey Breakfast Sausage, Honeysuckle Fresh","Sausages and Luncheon Meats","100g serving",100,g,0,0,0,11.2,0
"Turkey Breakfast Sausage, Butterball","Sausages and Luncheon Meats","100g serving",100,g,0,0,0,11.9,0
"Sausage, turkey, breakfast links, mild, raw","Sausages and Luncheon Meats","1 serving (27.9g)",100,g,169,16.7,0.9,10.4,0
"Proximates, Cheese, swiss, slices (FL) - 18c-16-04-Prox","Dairy and Egg Products","100g serving",100,g,0,0,0,31,0
"Proximates, Cheese, swiss, slices (MI, OK) - 18c-16-06-Prox","Dairy and Egg Products","100g serving",100,g,0,0,0,31.4,0
"Proximates, Cheese, swiss, slices (AL, CA1) - 18c-16-02-Prox","Dairy and Egg Products","100g serving",100,g,0,0,0,30.9,0
"Cholesterol, Cheese, swiss, slices (CO, CT) - 18c-16-05-Chol","Dairy and Egg Products","100g serving",100,g,0,0,0,30.4,0
"Proximates, Cheese, swiss, slices (CO, CT) - 18c-16-05-Prox","Dairy and Egg Products","100g serving",100,g,0,0,0,31.3,0
"Proximates, Cheese, swiss, slices (NY, NC) - 18c-17-06-Prox","Dairy and Egg Products","100g serving",100,g,0,0,0,30.7,0
"Cholesterol, Cheese, swiss, slices (CA2, NC) - 18c-16-03-Chol","Dairy and Egg Products","100g serving",100,g,0,0,0,30.7,0
"Proximates, Cheese, swiss, slices (CA2, NC) - 18c-16-03-Prox","Dairy and Egg Products","100g serving",100,g,0,0,0,31.3,0
"Proximates, Cheese, swiss, slices (AL, CA1) - 18c-17-02-Prox","Dairy and Egg Products","100g serving",100,g,0,0,0,30.3,0
"Cholesterol, Cheese, swiss, slices (IN, NY) - 18c-16-01-Chol","Dairy and Egg Products","100g serving",100,g,0,0,0,30.2,0
"Proximates, Cheese, swiss, slices (IN, NY) - 18c-16-01-Prox","Dairy and Egg Products","100g serving",100,g,0,0,0,30.5,0
"Proximates, Cheese, swiss, slices (CT, OK) - 18c-17-04-Prox","Dairy and Egg Products","100g serving",100,g,0,0,0,32.1,0
"Cholesterol, Cheese, swiss, slices (IN, MI) - 18c-17-01-Chol","Dairy and Egg Products","100g serving",100,g,0,0,0,29.4,0
"Proximates, Cheese, swiss, slices (IN, MI) - 18c-17-01-Prox","Dairy and Egg Products","100g serving",100,g,0,0,0,29.9,0
"Cholesterol, Cheese, swiss, slices (FL, MO) - 18c-17-05-Chol","Dairy and Egg Products","100g serving",100,g,0,0,0,31.1,0
"Proximates, Cheese, swiss, slices (FL, MO) - 18c-17-05-Prox","Dairy and Egg Products","100g serving",100,g,0,0,0,32,0
"Cholesterol, Cheese, swiss, slices (CA2, CO) - 18c-17-03-Chol","Dairy and Egg Products","100g serving",100,g,0,0,0,31.7,0
"Proximates, Cheese, swiss, slices (CA2, CO) - 18c-17-03-Prox","Dairy and Egg Products","100g serving",100,g,0,0,0,32.2,0
"Kale - NFY1214RQ","Vegetables and Vegetable Products","100g serving",100,g,0,0,0,1.3,0
"Kale - NFY1214T3","Vegetables and Vegetable Products","100g serving",100,g,0,0,0,1.3,0
"Kale - NFY1214SF","Vegetables and Vegetable Products","100g serving",100,g,0,0,0,0.9,0
"Kale - NFY1214SR","Vegetables and Vegetable Products","100g serving",100,g,0,0,0,1.3,0
"Kale - NFY1214S2","Vegetables and Vegetable Products","100g serving",100,g,0,0,0,1.3,0
"Kale - NFY1214RD","Vegetables and Vegetable Products","100g serving",100,g,0,0,0,1.2,0
"Kale, frozen, cooked, boiled, drained, without salt","Vegetables and Vegetable Products","cooked (118g)",100,g,36,2.9,5.3,1.2,0
"Carrots, sliced or crinkle cut, frozen, unprepared - Proximates - NF9913SR","Vegetables and Vegetable Products","100g serving",100,g,0,0,0,0.3,0
"Carrots, sliced or crinkle cut, frozen, unprepared - Proximates - NF9913VW","Vegetables and Vegetable Products","100g serving",100,g,0,0,0,0.3,0
"Carrots, sliced or crinkle cut, frozen, unprepared - Proximates - NF9913WD","Vegetables and Vegetable Products","100g serving",100,g,0,0,0,1.2,0
"Carrots, sliced or crinkle cut, frozen, unprepared - Proximates - NF9913WG","Vegetables and Vegetable Products","100g serving",100,g,0,0,0,0.2,0
"Carrots, sliced or crinkle cut, frozen, unprepared - Proximates - NF9913X5","Vegetables and Vegetable Products","100g serving",100,g,0,0,0,0.5,0
"Carrots, sliced or crinkle cut, frozen, unprepared - Proximates - NF9913Z7","Vegetables and Vegetable Products","100g serving",100,g,0,0,0,0.3,0
"Carrots, sliced or crinkle cut, frozen, unprepared - Proximates - NF9913T8","Vegetables and Vegetable Products","100g serving",100,g,0,0,0,1.1,0
"Carrots, sliced or crinkle cut, frozen, unprepared - Proximates - NF9913TB","Vegetables and Vegetable Products","100g serving",100,g,0,0,0,0.2,0
"Carrots, sliced or crinkle cut, frozen, unprepared - Proximates - NF9913U0","Vegetables and Vegetable Products","100g serving",100,g,0,0,0,0.4,0
"Carrots, whole, unprepared - Proximates - NF99143A","Vegetables and Vegetable Products","100g serving",100,g,0,0,0,0.4,0
"Carrots, whole, unprepared - Proximates - NF99146P","Vegetables and Vegetable Products","100g serving",100,g,0,0,0,0.3,0
"Carrots, sliced or crinkle cut, frozen, unprepared - Proximates - NF9913QG","Vegetables and Vegetable Products","100g serving",100,g,0,0,0,0.9,0
"Carrots, sliced or crinkle cut, frozen, unprepared - Proximates - NF9913QM","Vegetables and Vegetable Products","100g serving",100,g,0,0,0,0.3,0
"Carrots, sliced or crinkle cut, frozen, unprepared - Proximates - NF9913QP","Vegetables and Vegetable Products","100g serving",100,g,0,0,0,0.5,0
"Carrots, whole, unprepared - Proximates - NF9914EH","Vegetables and Vegetable Products","100g serving",100,g,0,0,0,0.4,0
"Carrots, whole, unprepared - Proximates - NF99143S","Vegetables and Vegetable Products","100g serving",100,g,0,0,0,1.4,0
"Carrots, whole, unprepared - Proximates - NF99143U","Vegetables and Vegetable Products","100g serving",100,g,0,0,0,0.4,0
"Carrots, whole, unprepared - Proximates - NF99140C","Vegetables and Vegetable Products","100g serving",100,g,0,0,0,1.5,0
"Carrots, whole, unprepared - Proximates - NF99140F","Vegetables and Vegetable Products","100g serving",100,g,0,0,0,0.4,0
"Carrots, whole, unprepared - Proximates - NF991414","Vegetables and Vegetable Products","100g serving",100,g,0,0,0,0.4,0
"Carrots, frozen, unprepared (Includes foods for USDA's Food Distribution Program)","Vegetables and Vegetable Products","100g serving",100,g,37,0.8,7.9,0.5,3.2
"Proximates, Mustard, yellow, FRENCHS CLASSIC (CA2,NC) - NFY120HZ4","Spices and Herbs","100g serving",100,g,0,0,0,3.6,0
"Proximates, Mustard, yellow, FRENCHS CLASSIC (FL,MO) - NFY120HZT","Spices and Herbs","100g serving",100,g,0,0,0,3.7,0
"Proximates, Mustard, yellow, FRENCHS CLASSIC (IN,NY) - NFY120HY9","Spices and Herbs","100g serving",100,g,0,0,0,3.2,0
"Proximates, Mustard, yellow, store brand, AMERICAS CHOICE YELLOW MUSTARD & SHOP RITE YELLOW MUSTARD (NY,CT1) - NFY120I0M","Spices and Herbs","100g serving",100,g,0,0,0,3.2,0
"Proximates, Mustard, yellow, store brand, MY ESSENTIALS YELLOW MUSTARD & SUNNY SELECT YELLOW MUSTARD (NC1,CA2) - NFY120I1D","Spices and Herbs","100g serving",100,g,0,0,0,2.9,0
"Proximates, Mustard, yellow, FRENCHS CLASSIC (CO,CT) - NFY120HZG","Spices and Herbs","100g serving",100,g,0,0,0,2.7,0
"Proximates, Mustard, yellow, FRENCHS CLASSIC (MI,OK) - NFY120I04","Spices and Herbs","100g serving",100,g,0,0,0,3.6,0
"Proximates, Mustard, yellow, store brand, HY VEE YELLOW MUSTARD & PUBLIX YELLOW MUSTARD (MO1,FL) - NFY120I1X","Spices and Herbs","100g serving",100,g,0,0,0,3.2,0
"Proximates, Mustard, yellow, FRENCHS CLASSIC (AL,CA1) - NFY120HYM","Spices and Herbs","100g serving",100,g,0,0,0,3.4,0
"Proximates, Mustard, yellow, store brand, SAFEWAY & SAFEWAY (CA1,CO1) - NFY120I1M","Spices and Herbs","100g serving",100,g,0,0,0,3.1,0
"Proximates, Mustard, yellow, store brand, GREAT VALUE & GREAT VALUE (AL1,OK1) - NFY120I0W","Spices and Herbs","100g serving",100,g,0,0,0,2.8,0
"Proximates, Mustard, yellow, store brand, KROGER & KROGER (IN1,MI1) - NFY120I26","Spices and Herbs","100g serving",100,g,0,0,0,3.3,0
"Mustard, Yellow, Prepared, French's Classic Yellow Mustard, Proximates - NFY0210KB","Spices and Herbs","100g serving",100,g,0,0,0,4,0
"Mustard, Yellow, Prepared, Store Brand, Proximates - NFY0210ME","Spices and Herbs","100g serving",100,g,0,0,0,4.1,0
"Mustard, Yellow, Prepared, Store Brand, Proximates - NFY0210NF","Spices and Herbs","100g serving",100,g,0,0,0,4,0
"Mustard, prepared, yellow","Spices and Herbs","1 serving (6g)",100,g,61,4.3,5.3,3.4,4.3
"Mission Figs, Dried, Region 3, n/a, Yes, Proximates - NF","Fruits and Fruit Juices","100g serving",100,g,0,0,0,0.6,0
"Mission Figs, Dried, Region 2, n/a, Yes, Proximates - NF","Fruits and Fruit Juices","100g serving",100,g,0,0,0,0.7,0
"Figs, Dried, Pass 2, Region 1, n/a, No, Proximates - NFY010CDB","Fruits and Fruit Juices","100g serving",100,g,0,0,0,1.4,0
"Figs, Dried, Pass 2, Region 1, n/a, No, Proximates - NFY010CE6","Fruits and Fruit Juices","100g serving",100,g,0,0,0,1.2,0
"Figs, Dried, Pass 2, Region 2, n/a, Yes, Proximates - NFY010CEH","Fruits and Fruit Juices","100g serving",100,g,0,0,0,1.1,0
"Figs, Dried, Pass 2, Region 2, n/a, Yes, Proximates - NFY010CFB","Fruits and Fruit Juices","100g serving",100,g,0,0,0,1.1,0
"Mission Figs, Dried, Region 4, n/a, No, Proximates - NFY","Fruits and Fruit Juices","100g serving",100,g,0,0,0,0.7,0
"Figs, Dried, Pass 2, Region 4, n/a, Yes, Proximates - NFY010CGO","Fruits and Fruit Juices","100g serving",100,g,0,0,0,1.1,0
"Figs, Dried, Pass 2, Region 4, n/a, Yes, Proximates - NFY010CHH","Fruits and Fruit Juices","100g serving",100,g,0,0,0,1.2,0
"Figs, Dried, Pass 2, Region 3, n/a, Yes, Proximates - NFY010CFL","Fruits and Fruit Juices","100g serving",100,g,0,0,0,1.6,0
"Figs, Dried, Pass 2, Region 3, n/a, Yes, Proximates - NFY010CGE","Fruits and Fruit Juices","100g serving",100,g,0,0,0,1,0
"Mission Figs, Dried, Region 1, n/a, No, Proximates - NFY","Fruits and Fruit Juices","100g serving",100,g,0,0,0,0.6,0
"Figs, dried, uncooked","Fruits and Fruit Juices","1 serving (149g)",100,g,249,3.3,63.9,0.9,9.8
"Kiwi, Pass 2, Region 2, n/a, Yes, Proximates - NFY010BYV","Fruits and Fruit Juices","100g serving",100,g,0,0,0,1.1,0
"Kiwi, Region 4, n/a, Yes, Proximates - NFY0100U2","Fruits and Fruit Juices","100g serving",100,g,0,0,0,0.4,0
"Kiwi, Region 2, n/a, Yes, Proximates - NFY0100S6","Fruits and Fruit Juices","100g serving",100,g,0,0,0,0.3,0
"Kiwi, Pass 2, Region 1, n/a, Yes, Proximates - NFY010BY1","Fruits and Fruit Juices","100g serving",100,g,0,0,0,0.9,0
"Kiwi, Region 3, n/a, Yes, Proximates - NFY0100T4","Fruits and Fruit Juices","100g serving",100,g,0,0,0,0.1,0
"Kiwi, Region 1, n/a, Yes, Proximates - NFY0100RA","Fruits and Fruit Juices","100g serving",100,g,0,0,0,0.3,0
"Kiwi, Pass 2, Region 3, n/a, Yes, Proximates - NFY010BZD","Fruits and Fruit Juices","100g serving",100,g,0,0,0,0.2,0
"Kiwi, Pass 2, Region 4, n/a, Yes, Proximates - NFY010BZU","Fruits and Fruit Juices","100g serving",100,g,0,0,0,0.3,0
"Kiwifruit, green, raw","Fruits and Fruit Juices","100g serving",100,g,58,1.1,14,0.4,3
"Cantaloupe, raw, Region 3, n/a, Yes - Proximates, NF0009H6, NF0009I0","Fruits and Fruit Juices","100g serving",100,g,0,0,0,0.2,0
"Cantaloupe, raw, Region 1, n/a, Yes - Proximates, NF000980, NF00098U","Fruits and Fruit Juices","100g serving",100,g,0,0,0,0.2,0
"Cantaloupe, raw, Region 1, n/a, Yes - Fiber, NF000987","Fruits and Fruit Juices","100g serving",100,g,0,0,0,0.2,0
"Cantaloupe, raw, Region 4, n/a, Yes - Proximates, NF0009I5, NF0009IS","Fruits and Fruit Juices","100g serving",100,g,0,0,0,0.2,0
"Cantaloupe, Raw, Pass 2, Region 4, n/a, Yes, Proximates - NFY010CYB","Fruits and Fruit Juices","100g serving",100,g,0,0,0,0.3,0
"Cantaloupe, Raw, Pass 2, Region 2, n/a, Yes, Proximates - NFY010DA7","Fruits and Fruit Juices","100g serving",100,g,0,0,0,0.3,0
"Cantaloupe, Raw, Pass 2, Region 3, n/a, Yes, Proximates - NFY010DAX","Fruits and Fruit Juices","100g serving",100,g,0,0,0,0,0
"Cantaloupe, Raw, Pass 2, Region 1, n/a, Yes, Proximates - NFY010CXG","Fruits and Fruit Juices","100g serving",100,g,0,0,0,0.1,0
"Melons, cantaloupe, raw","Fruits and Fruit Juices","cubes (160g)",100,g,34,0.8,8.2,0.2,0.8
"Nectarines, Raw, Pass 2, Region 2, n/a, Yes, Proximates - NFY010BV5","Fruits and Fruit Juices","100g serving",100,g,0,0,0,0.7,0
"Nectarines, fresh, Region 2, n/a, Yes - Proximates, NF0008MO","Fruits and Fruit Juices","100g serving",100,g,0,0,0,0.1,0
"Nectarines, fresh, Region 4, n/a, Yes - Proximates, NF0008OC","Fruits and Fruit Juices","100g serving",100,g,0,0,0,0.2,0
"Nectarines, Raw, Pass 2, Region 1, n/a, Yes, Proximates - NFY010BU9","Fruits and Fruit Juices","100g serving",100,g,0,0,0,0.4,0
"Nectarines, fresh, Region 3, n/a, Yes - Proximates, NF0008NF","Fruits and Fruit Juices","100g serving",100,g,0,0,0,0.2,0
"Nectarines, Raw, Pass 2, Region 3, n/a, Yes, Proximates - NFY010BVY","Fruits and Fruit Juices","100g serving",100,g,0,0,0,0.4,0
"Nectarines, Raw, Pass 2, Region 4, n/a, Yes, Proximates - NFY010BWR","Fruits and Fruit Juices","100g serving",100,g,0,0,0,0,0
"Nectarines, fresh, Region 1, n/a, Yes - Proximates, NF0008LR","Fruits and Fruit Juices","100g serving",100,g,0,0,0,0.1,0
"Nectarines, raw","Fruits and Fruit Juices","slices (143g)",100,g,39,1.1,9.2,0.3,1.5
"Oranges, Navel, Pass 2, Region 2, n/a, Yes - Proximates, NFY01074V","Fruits and Fruit Juices","100g serving",100,g,0,0,0,0.3,0
"Oranges, Navel, Pass 2, Region 4, n/a, Yes - Proximates, NFY01076C","Fruits and Fruit Juices","100g serving",100,g,0,0,0,0.2,0
"Oranges, Navel, Pass 2, Region 3, n/a, Yes - Proximates, NFY01075M","Fruits and Fruit Juices","100g serving",100,g,0,0,0,0.1,0
"Oranges, Navel, Raw, Region 1, n/a, Yes, Proximates - NFY0103ZP","Fruits and Fruit Juices","100g serving",100,g,0,0,0,0.1,0
"Oranges, Navel, Raw, Region 1, n/a, Yes, Proximates - NFY01040J","Fruits and Fruit Juices","100g serving",100,g,0,0,0,0.2,0
"Oranges, Navel, Raw, Region 2, n/a, Yes, Proximates - NFY01040Q","Fruits and Fruit Juices","100g serving",100,g,0,0,0,0.1,0
"Oranges, Navel, Raw, Region 2, n/a, Yes, Proximates - NFY01041J","Fruits and Fruit Juices","100g serving",100,g,0,0,0,0.1,0
"Oranges, Navel, Raw, Region 4, n/a, Yes, Proximates - NFY01043D","Fruits and Fruit Juices","100g serving",100,g,0,0,0,0.1,0
"Oranges, Navel, Raw, Region 4, n/a, Yes, Proximates - NFY01042O","Fruits and Fruit Juices","100g serving",100,g,0,0,0,0.1,0
"Oranges, Navel, Raw, Region 3, n/a, Yes, Proximates - NFY01041O","Fruits and Fruit Juices","100g serving",100,g,0,0,0,0.2,0
"Oranges, Navel, Raw, Region 3, n/a, Yes, Proximates - NFY01042H","Fruits and Fruit Juices","100g serving",100,g,0,0,0,0.2,0
"Oranges, Navel, Pass 2, Region 1, n/a, Yes - Proximates, NFY010743","Fruits and Fruit Juices","100g serving",100,g,0,0,0,0.1,0
"Oranges, raw, navels (Includes foods for USDA's Food Distribution Program)","Fruits and Fruit Juices","sections no membranes (165g)",100,g,47,0.9,11.8,0.2,2
"Strawberries, Fresh, Pass 2, Region 2, n/a, Yes - Proximates, NFY010906","Fruits and Fruit Juices","100g serving",100,g,0,0,0,0.3,0
"Strawberries, fresh, Region 4, n/a, Yes - Proximates, NF0008L0","Fruits and Fruit Juices","100g serving",100,g,0,0,0,0.2,0
"Strawberries, fresh, Region 3, n/a, Yes - Proximates, NF0008K3","Fruits and Fruit Juices","100g serving",100,g,0,0,0,0.3,0
"Strawberries, fresh, Region 2, n/a, Yes - Proximates, NF0008JC","Fruits and Fruit Juices","100g serving",100,g,0,0,0,0.1,0
"Strawberries, Fresh, Pass 2, Region 1, n/a, Yes - Proximates, NFY0108ZB","Fruits and Fruit Juices","100g serving",100,g,0,0,0,0.3,0
"Strawberries, fresh, Region 1, n/a, Yes - Proximates, NF0008IF","Fruits and Fruit Juices","100g serving",100,g,0,0,0,0.3,0
"Strawberries, Fresh, Pass 2, Region 4, n/a, Yes - Proximates, NFY01091W","Fruits and Fruit Juices","100g serving",100,g,0,0,0,0.3,0
"Strawberries, Fresh, Pass 2, Region 3, n/a, Yes - Proximates, NFY010911","Fruits and Fruit Juices","100g serving",100,g,0,0,0,0,0
"Romaine Lettuce, Pass 2, Region 4 - Proximates - NFY0105I4","Vegetables and Vegetable Products","100g serving",100,g,0,0,0,0.3,0
"Romaine Lettuce, Pass 2, Region 3 - Proximates - NFY0105HB","Vegetables and Vegetable Products","100g serving",100,g,0,0,0,0.2,0
"Romaine Lettuce, Pass 2, Region 1 - Proximates - NFY0105FO","Vegetables and Vegetable Products","100g serving",100,g,0,0,0,0.3,1.8
"Romaine Lettuce, Pass 2, Region 2 - Proximates - NFY0105GK","Vegetables and Vegetable Products","100g serving",100,g,0,0,0,0.2,0
"Romaine Lettuce, Region 1, n/a, Yes - Proximates - NFY0101Q8","Vegetables and Vegetable Products","100g serving",100,g,0,0,0,0.3,0
"Romaine Lettuce, Region 2, n/a, Yes - Proximates - NFY0101R5","Vegetables and Vegetable Products","100g serving",100,g,0,0,0,0.3,0
"Romaine Lettuce, Region 3, n/a, Yes - Proximates - NFY0101S5","Vegetables and Vegetable Products","100g serving",100,g,0,0,0,0.2,0
"Romaine Lettuce, Region 4, n/a, Yes - Proximates - NFY0101T5","Vegetables and Vegetable Products","100g serving",100,g,0,0,0,0.3,0
"Lettuce, cos or romaine, raw","Vegetables and Vegetable Products","1 serving (581g)",100,g,17,1.2,3.2,0.3,1.8
"Proximates, Cheddar cheese, sliced, CRACKER BARREL (NY,NC) - NFY120DA7","Dairy and Egg Products","100g serving",100,g,0,0,0,35.9,0
"Proximates, Cheddar cheese, sliced, TILLAMOOK (CO,CA1) - NFY120D9B","Dairy and Egg Products","100g serving",100,g,0,0,0,36.2,0
"Proximates, Cheddar cheese, sliced, CRACKER BARREL (FL,MO) - NFY120DAX","Dairy and Egg Products","100g serving",100,g,0,0,0,37.6,0
"Proximates, Cheddar cheese, sliced, CRACKER BARREL (AL,CT) - NFY120DAM","Dairy and Egg Products","100g serving",100,g,0,0,0,36.6,0
"Proximates, Cheddar cheese, sliced, CRACKER BARREL (MI) - NFY120DBE","Dairy and Egg Products","100g serving",100,g,0,0,0,36,0
"Proximates, Cheddar cheese, sliced, SARGENTO SHARP (NY) - NFY120DBP","Dairy and Egg Products","100g serving",100,g,0,0,0,33.6,0
"Proximates, Cheddar cheese, sliced, SARGENTO NATURAL SHARP CHEDDAR DELI STYLE (CA2,IN) - NFY120DCK","Dairy and Egg Products","100g serving",100,g,0,0,0,33.7,0
"Proximates, Cheddar cheese, sliced, TILLAMOOK (CA2,IN) - NFY120D9U","Dairy and Egg Products","100g serving",100,g,0,0,0,37.3,0
"Proximates, Cheddar cheese, sliced, storebrand, KROGER (IN,MI) - NFY120DDA","Dairy and Egg Products","100g serving",100,g,0,0,0,34.6,0
"Proximates, Cheddar cheese, sliced, store brand, CRYSTAL FARMS & SHULLSBURG WISCONSIN (MO,NY) - NFY120DE3","Dairy and Egg Products","100g serving",100,g,0,0,0,33.4,0
"Proximates, Cheddar cheese, sliced, SARGENTO SHARP (AL,CA1) - NFY120DC8","Dairy and Egg Products","100g serving",100,g,0,0,0,33.7,0
"Proximates, Cheddar cheese, sliced, SARGENTO SHARP (CT,MI) - NFY120DCZ","Dairy and Egg Products","100g serving",100,g,0,0,0,33.3,0
"Proximates, Cheddar cheese, sliced, store brand, SUNNYSIDE FARMS DELI STYLE SLICED MEDIUM (CA2) - NFY120DEV","Dairy and Egg Products","100g serving",100,g,0,0,0,34.9,0
"Proximates, Cheddar cheese, sliced, store brand, HYVEE CRACKER CUTS & PUBLIX (FL,MO) - NFY120DFJ","Dairy and Egg Products","100g serving",100,g,0,0,0,32.9,0
"Proximates, Cheddar cheese, sliced, store brand, LUCERNE SLICED SHARP CHEDDAR NATURAL CHEESE (CO,CA1) - NFY120DDQ","Dairy and Egg Products","100g serving",100,g,0,0,0,32.8,0
"Proximates, Cheddar cheese, sliced, store brand, GREAT VALUE DELI STYLE SLICED SHARP (AL,OK) - NFY120DEK","Dairy and Egg Products","100g serving",100,g,0,0,0,33.5,0
"Proximates, Cheddar cheese, sliced, store brand, PUBLIX & SHOPRITE (CT,FL) - NFY120DF9","Dairy and Egg Products","100g serving",100,g,0,0,0,32.9,0
"Proximates, Cheddar cheese, sliced, store brand, FOOD LION (NC) - NFY120DFY","Dairy and Egg Products","100g serving",100,g,0,0,0,33.3,0
"Proximates, Cheese, cheddar, natural shredded sharp, store brand, GREAT VALUE (CA1,NE) - NFY120WVQ","Dairy and Egg Products","100g serving",100,g,0,0,0,33.1,0
"Proximates, Cheese, cheddar, natural shredded mild, KRAFT (KY,NE,NC) - NFY120WPK","Dairy and Egg Products","100g serving",100,g,0,0,0,32.7,0
"Proximates, Cheese, cheddar, natural shredded sharp, KRAFT (AZ,IN,GA) - NFY120WTS","Dairy and Egg Products","100g serving",100,g,0,0,0,34.1,0
"Proximates, Cheese, cheddar, natural shredded sharp, store brand, MY ESSENTIALS (AZ,GA,NC,PA) - NFY120WV6","Dairy and Egg Products","100g serving",100,g,0,0,0,32.7,0
"Proximates, Cheese, cheddar, natural shredded sharp, store brand, sKROGER (CA2,KY,TX) - NFY120WUL","Dairy and Egg Products","100g serving",100,g,0,0,0,32.9,0
"Proximates, Cheese, cheddar, natural shredded sharp, KRAFT (KY,NE,NC) - NFY120WT5","Dairy and Egg Products","100g serving",100,g,0,0,0,35.1,0
"Proximates, Cheese, cheddar, natural shredded mild, KRAFT (PA,IA) - NFY120WP9","Dairy and Egg Products","100g serving",100,g,0,0,0,33.6,0
"Proximates, Cheese, cheddar, natural shredded mild, store brand, ESSENTIAL EVERYDAY (GA,IA,PA) - NFY120WQT","Dairy and Egg Products","100g serving",100,g,0,0,0,33.7,0
"Proximates, Cheese, cheddar, natural shredded sharp, KRAFT (PA,CA1,IA,TX) - NFY120WSU","Dairy and Egg Products","100g serving",100,g,0,0,0,34.6,0
"Proximates, Cheese, cheddar, natural shredded sharp, store brand, SHOP RITE (IA,IN,NJ) - NFY120WUA","Dairy and Egg Products","100g serving",100,g,0,0,0,33.9,0
"Proximates, Cheese, cheddar, natural shredded mild, KRAFT (IN,GA) - NFY120WQB","Dairy and Egg Products","100g serving",100,g,0,0,0,32.5,0
"Proximates, Cheese, cheddar, natural shredded mild, store brand, WEGMANS (AZ,IN,NJ,NC) - NFY120WRT","Dairy and Egg Products","100g serving",100,g,0,0,0,32.1,0
"Proximates, Cheese, cheddar, natural shredded mild, store brand, sKROGER (CA2,TX) - NFY120WSD","Dairy and Egg Products","100g serving",100,g,0,0,0,32.8,0
"Proximates, Cheese, cheddar, mild, block/chunk KRAFT (PA,CA1,VA) - NFY120WW9","Dairy and Egg Products","100g serving",100,g,0,0,0,33.1,0
"Proximates, Cheese, cheddar, sharp, block/chunk KRAFT (PA,CA1,IA) - NFY120WZD","Dairy and Egg Products","100g serving",100,g,0,0,0,35,0
"Proximates, Cheese, cheddar, mild, block/chunk KRAFT (IN,GA,TX) - NFY120WXC","Dairy and Egg Products","100g serving",100,g,0,0,0,34.9,0
"Proximates, Cheese, cheddar, mild, block/chunk, store brand, GREAT VALUE (CA1,KY,NE) - NFY120WY5","Dairy and Egg Products","100g serving",100,g,0,0,0,33.5,0
"Proximates, Cheese, cheddar, mild, block/chunk, store brand, FOOD CLUB (AZ,IN,GA) - NFY120WYY","Dairy and Egg Products","100g serving",100,g,0,0,0,34.8,0
"Proximates, Cheese, cheddar, mild, block/chunk KRAFT (KY,NE,NC) - NFY120WWQ","Dairy and Egg Products","100g serving",100,g,0,0,0,33,0
"Proximates, Cheese, cheddar, sharp, block/chunk KRAFT (IN,GA) - NFY120X0A","Dairy and Egg Products","100g serving",100,g,0,0,0,34.1,0
"Proximates, Cheese, cheddar, mild, block/chunk, store brand, SHOPRITE (NC,NJ,TX) - NFY120WXO","Dairy and Egg Products","100g serving",100,g,0,0,0,33.6,0
"Proximates, Cheese, cheddar, sharp, block/chunk, store brand, sKROGER (CA2,TX) - NFY120X35","Dairy and Egg Products","100g serving",100,g,0,0,0,33.1,0
"Proximates, Cheese, cheddar, sharp, block/chunk KRAFT (KY,NE) - NFY120WZS","Dairy and Egg Products","100g serving",100,g,0,0,0,34.7,0
"Proximates, Cheese, cheddar, sharp, block/chunk, store brand, ESSENTIAL EVERYDAY (NC,PA) - NFY120X2Q","Dairy and Egg Products","100g serving",100,g,0,0,0,34.2,0
"Proximates, Cheese, cheddar, sharp, block/chunk CABOT, SERIOUSLY SHARP (GA,NJ) - NFY120X0Y","Dairy and Egg Products","100g serving",100,g,0,0,0,34,0
"Proximates, Cheese, cheddar, sharp, block/chunk, store brand, GREAT VALUE (CA1,KY,NE) - NFY120X2C","Dairy and Egg Products","100g serving",100,g,0,0,0,33.6,0
"Proximates, Cottage cheese, 2% milkfat, BREAKSTONE (CT,NC) - NFY120BN6","Dairy and Egg Products","100g serving",100,g,0,0,0,1.9,0
"Proximates, Cottage cheese, 2% milkfat, BREAKSTONE (FL) - NFY120BNW","Dairy and Egg Products","100g serving",100,g,0,0,0,2.2,0
"Proximates, Cottage cheese, 2% milkfat, store brand/other brand, HY VEE & DAISY (CA2,MO) - NFY120BMD","Dairy and Egg Products","100g serving",100,g,0,0,0,2.5,0
"Proximates, Cottage cheese, 2% milkfat, DAISY (CA1,CO) - NFY120BMU","Dairy and Egg Products","100g serving",100,g,0,0,0,2.3,0
"Proximates, Cottage cheese, 2% milkfat, BREAKSTONE (AL,IN) - NFY120BNL","Dairy and Egg Products","100g serving",100,g,0,0,0,2.2,0
"Proximates, Cottage cheese, 2% milkfat, BREAKSTONE (MI,OK) - NFY120BOD","Dairy and Egg Products","100g serving",100,g,0,0,0,2.1,0
"Proximates, Cottage cheese, 2% milkfat, store brand/other brand, KRAFT SIMPLY & MEADOW GOLD VIVA (AL,CO) - NFY120BOP","Dairy and Egg Products","100g serving",100,g,0,0,0,2.6,0
"Proximates, Cottage cheese, 2% milkfat, store brand/other brand, FRIENDSHIP & HORIZON ORGANIC (FL,IN) - NFY120BPV","Dairy and Egg Products","100g serving",100,g,0,0,0,2.1,0
"Proximates, Cottage cheese, 2% milkfat, store brand/other brand, FRIENDSHIP ALL NATURAL & HYVEE (MO,NY) - NFY120BQK","Dairy and Egg Products","100g serving",100,g,0,0,0,2.3,0
"Cholesterol & moisture, Cottage cheese, 2% milkfat, DAISY (MO,CT) - NFY120BPD","Dairy and Egg Products","100g serving",100,g,0,0,0,2.4,0
"Proximates, Cottage cheese, 2% milkfat, DAISY (MO,CT) - NFY120BPL","Dairy and Egg Products","100g serving",100,g,0,0,0,2.1,0
"Proximates, Cottage cheese, 2% milkfat, KNUDSEN (CA1,CA2) - NFY120BP5","Dairy and Egg Products","100g serving",100,g,0,0,0,2.4,0
"Proximates, Cottage cheese, 2% milkfat, DAISY (MI,NY) - NFY120BQ9","Dairy and Egg Products","100g serving",100,g,0,0,0,2.2,0
"Proximates, Cottage cheese, 2% milkfat, store brand/other brand, KING SOOPERS & KRAFT (CO,CT) - NFY120BR7","Dairy and Egg Products","100g serving",100,g,0,0,0,2.2,0
"Proximates, Cottage cheese, 2% milkfat, store brand/other brand, KROGER & SAFEWAY (CA1,MI) - NFY120BQX","Dairy and Egg Products","100g serving",100,g,0,0,0,2.7,0
"Proximates, Cottage cheese, 2% milkfat, DAISY (FL,IN) - NFY120BRK","Dairy and Egg Products","100g serving",100,g,0,0,0,2.3,0
"Proximates, Cottage cheese, 2% milkfat, store brand/other brand, SUNNYSIDE FARMS & DAISY (CA2,NC) - NFY120BS1","Dairy and Egg Products","100g serving",100,g,0,0,0,2.6,0
"Cheese, cottage, lowfat, 2% milkfat","Dairy and Egg Products","1 serving (220g)",100,g,84,11,4.3,2.3,0
"Proximates, Mozzarella cheese, low-moisture, part-skim, SARGENTO (MI) - NFY120DHM","Dairy and Egg Products","100g serving",100,g,0,0,0,20.9,0
"Proximates, Mozzarella cheese, low-moisture, part-skim, KRAFT (CA1) - NFY120DIE","Dairy and Egg Products","100g serving",100,g,0,0,0,21.5,0
"Proximates, Mozzarella cheese, low-moisture, part-skim, SARGENTO (CA2,NC) - NFY120DGV","Dairy and Egg Products","100g serving",100,g,0,0,0,20.3,0
"Proximates, Mozzarella cheese, low-moisture, part-skim, KRAFT (CA2,NC) - NFY120DJA","Dairy and Egg Products","100g serving",100,g,0,0,0,21.4,0
"Proximates, Mozzarella cheese, low-moisture, part-skim, SARGENTO (CO,CT) - NFY120DHA","Dairy and Egg Products","100g serving",100,g,0,0,0,20.6,0
"Proximates, Mozzarella cheese, low-moisture, part-skim, SARGENTO (FL,MO) - NFY120DI3","Dairy and Egg Products","100g serving",100,g,0,0,0,20.7,0
"Proximates, Mozzarella cheese, low-moisture, part-skim, SARGENTO (AL,CA1) - NFY120DGJ","Dairy and Egg Products","100g serving",100,g,0,0,0,21.6,0
"Proximates, Mozzarella cheese, low-moisture, part-skim, KRAFT (FL,MO) - NFY120DJP","Dairy and Egg Products","100g serving",100,g,0,0,0,20.2,0
"Proximates, Mozzarella cheese, low-moisture, part-skim, store brand, AMERICAS CHOICE (NY) - NFY120DKR","Dairy and Egg Products","100g serving",100,g,0,0,0,17.8,0
"Proximates, Mozzarella cheese, low-moisture, part-skim, KRAFT (IN,NY) - NFY120DIX","Dairy and Egg Products","100g serving",100,g,0,0,0,21.1,0
"Proximates, Mozzarella cheese, low-moisture, part-skim, store brand/other brand, CRYSTAL FARMS & KROGER (CO,CT) - NFY120DJZ","Dairy and Egg Products","100g serving",100,g,0,0,0,19.2,0
"Proximates, Mozzarella cheese, low-moisture, part-skim, store brand, MY ESSENTIALS & SUNNYSIDE FARMS (CA2,NC) - NFY120DLK","Dairy and Egg Products","100g serving",100,g,0,0,0,20.5,0
"Proximates, Mozzarella cheese, low-moisture, part-skim, store brand, HYVEE & PUBLIX (FL,MO) - NFY120DM8","Dairy and Egg Products","100g serving",100,g,0,0,0,19.1,0
"Proximates, Mozzarella cheese, low-moisture, part-skim, KRAFT (MI,OK) - NFY120DKG","Dairy and Egg Products","100g serving",100,g,0,0,0,20.5,0
"Proximates, Mozzarella cheese, low-moisture, part-skim, store brand, GREAT VALUE & SHOP RITE (AL,CT) - NFY120DLY","Dairy and Egg Products","100g serving",100,g,0,0,0,19.4,0
"Proximates, Mozzarella cheese, low-moisture, part-skim, store brand, LUCERNE (CA1,CO) - NFY120DL8","Dairy and Egg Products","100g serving",100,g,0,0,0,21.1,0
"Proximates, Mozzarella cheese, low-moisture, part-skim, store brand, KROGER (MI,IN) - NFY120DMN","Dairy and Egg Products","100g serving",100,g,0,0,0,20,0
"Proximates, Mozzarella cheese, low-moisture, part-skim, SARGENTO (IN,NY) - NFY120E88","Dairy and Egg Products","100g serving",100,g,0,0,0,19.8,0
"Proximates, Cheese, string (low-moisture, part-skim mozzarella), KRAFT (IA) - NFY120X52","Dairy and Egg Products","100g serving",100,g,0,0,0,20.3,0
"Proximates, Cheese, string (low-moisture, part-skim mozzarella), SARGENTO (PA,CA1) - NFY120X5C","Dairy and Egg Products","100g serving",100,g,0,0,0,21.4,0
"Proximates, Cheese, string (low-moisture, part-skim mozzarella), SARGENTO (KY,CA2) - NFY120X5N","Dairy and Egg Products","100g serving",100,g,0,0,0,21.8,0
"Proximates, Cheese, string (low-moisture, part-skim mozzarella), KRAFT (NE) - NFY120X42","Dairy and Egg Products","100g serving",100,g,0,0,0,20.5,0
"Proximates, Cheese, string (low-moisture, part-skim mozzarella), KRAFT (CA1) - NFY120X3I","Dairy and Egg Products","100g serving",100,g,0,0,0,19.8,0
"Proximates, Cheese, string (low-moisture, part-skim mozzarella), SARGENTO (NE,NC) - NFY120X61","Dairy and Egg Products","100g serving",100,g,0,0,0,21.6,0
"Proximates, Cheese, string (low-moisture, part-skim mozzarella), KRAFT (IN,TX) - NFY120X4K","Dairy and Egg Products","100g serving",100,g,0,0,0,19.7,0
"Proximates, Cheese, string (low-moisture, part-skim mozzarella), SARGENTO (IA,TX) - NFY120X6R","Dairy and Egg Products","100g serving",100,g,0,0,0,20.9,0
"Proximates, Cheese, string (low-moisture, part-skim mozzarella), FRIGO (PA,CA1) - NFY120X7K","Dairy and Egg Products","100g serving",100,g,0,0,0,20,0
"Proximates, Cheese, string (low-moisture, part-skim mozzarella), FRIGO (NE,NC) - NFY120X8B","Dairy and Egg Products","100g serving",100,g,0,0,0,19.7,0
"Proximates, Cheese, string (low-moisture, part-skim mozzarella), SARGENTO (AZ,IN) - NFY120X6F","Dairy and Egg Products","100g serving",100,g,0,0,0,21,0
"Proximates, Cheese, string (low-moisture, part-skim mozzarella), SARGENTO (GA,NJ) - NFY120X75","Dairy and Egg Products","100g serving",100,g,0,0,0,20.4,0
"Proximates, Cheese, string (low-moisture, part-skim mozzarella), FRIGO (IA,TX) - NFY120X8Z","Dairy and Egg Products","100g serving",100,g,0,0,0,20.2,0
"Proximates, Cheese, string (low-moisture, part-skim mozzarella), FRIGO (KY,CA2) - NFY120X7S","Dairy and Egg Products","100g serving",100,g,0,0,0,20.4,0
"Proximates, Cheese, string (low-moisture, part-skim mozzarella), FRIGO (AZ,VA) - NFY120X8K","Dairy and Egg Products","100g serving",100,g,0,0,0,20.3,0
"Proximates, Cheese, string (low-moisture, part-skim mozzarella), store brand, MY ESSENTIALS (CA2,NC) - NFY120XAA","Dairy and Egg Products","100g serving",100,g,0,0,0,19.1,0
"Proximates, Cheese, string (low-moisture, part-skim mozzarella), FRIGO (GA,NJ) - NFY120X99","Dairy and Egg Products","100g serving",100,g,0,0,0,20.5,0
"Proximates, Cheese, string (low-moisture, part-skim mozzarella), store brand, sKROGER (KY,TX) - NFY120X9W","Dairy and Egg Products","100g serving",100,g,0,0,0,19,0
"Proximates, Cheese, string (low-moisture, part-skim mozzarella), BORDEN (CA1,NE,PA) - NFY120XAN","Dairy and Egg Products","100g serving",100,g,0,0,0,20.8,0
"Proximates, Cheese, string (low-moisture, part-skim mozzarella), store brand, FOOD CLUB (AZ,IN,NJ) - NFY120XB6","Dairy and Egg Products","100g serving",100,g,0,0,0,21.5,0
"Cheese, mozzarella, low moisture, part-skim","Dairy and Egg Products","1 serving (86.2g)",100,g,298,23.7,4.4,20.4,0
"Whole eggs, dried","Dairy and Egg Products","100g serving",100,g,0,0,0,39.1,0
"Egg, whole, dried","Dairy and Egg Products","1 serving (28.4g)",100,g,576,48.1,1.9,39.8,0
"Egg yolk","Dairy and Egg Products","100g serving",100,g,0,0,0,25.6,0
"Egg, yolk, raw, frozen, pasteurized","Dairy and Egg Products","1 serving (28.4g)",100,g,297,15.6,0.6,25.1,0
"Egg yolks, dried","Dairy and Egg Products","100g serving",100,g,0,0,0,55.6,0
"Egg, yolk, dried","Dairy and Egg Products","1 serving (28.4g)",100,g,654,34.2,1.1,55.5,0
"Proximates, Cheese, dry white, Queso seco, mixed composite (CA-LA, CA-SD) - NFY0900B6","Dairy and Egg Products","100g serving",100,g,0,0,0,23.8,0
"Proximates, Cheese, dry white, Queso seco, mixed composite (FL, CA-SB) - NFY090099","Dairy and Egg Products","100g serving",100,g,0,0,0,23.6,0
"Proximates, Cheese, dry white, Queso seco, mixed composite (TX-HA, NV) - NFY0900AJ","Dairy and Egg Products","100g serving",100,g,0,0,0,24.8,0
"Proximates, Cheese, dry white, Queso seco, EL MEXICANO BRAND (CA-AL) - NFY09007Z","Dairy and Egg Products","100g serving",100,g,0,0,0,23.6,0
"Proximates, Cheese, dry white, Queso seco, mixed composite (MD, NM) - NFY09009W","Dairy and Egg Products","100g serving",100,g,0,0,0,24,0
"Proximates, Cheese, dry white, Queso seco, mixed composite (NY, TX-TR) - NFY09008M","Dairy and Egg Products","100g serving",100,g,0,0,0,26.3,0
"Cheese, dry white, queso seco","Dairy and Egg Products","grated (97.3g)",100,g,326,24.5,2.1,24.3,0
"Proximates, Greek yogurt, CHOBANI PLAIN NON-FAT (NY1) - NFY0910ZX","Dairy and Egg Products","100g serving",100,g,0,0,0,0.6,0
"Proximates, Greek yogurt, CHOBANI PLAIN NON-FAT (FL1,MO1) - NFY09111G","Dairy and Egg Products","100g serving",100,g,0,0,0,0.4,0
"Proximates, Greek yogurt, FAGE PLAIN NONFAT (IN1,NY1) - NFY09112A","Dairy and Egg Products","100g serving",100,g,0,0,0,0.2,0
"Proximates, Greek yogurt, CHOBANI PLAIN NON-FAT (CA2,NC1) - NFY09110R","Dairy and Egg Products","100g serving",100,g,0,0,0,0.5,0
"Proximates, Greek yogurt, FAGE PLAIN NONFAT (OK1) - NFY091131","Dairy and Egg Products","100g serving",100,g,0,0,0,0.3,0
"Proximates, Greek yogurt, FAGE PLAIN NONFAT (FL1) - NFY09113Q","Dairy and Egg Products","100g serving",100,g,0,0,0,0.4,0
"Proximates, Greek yogurt, CHOBANI PLAIN NON-FAT (AL1,CA1) - NFY09110F","Dairy and Egg Products","100g serving",100,g,0,0,0,0.3,0
"Proximates, Greek yogurt, CHOBANI PLAIN NON-FAT (CO1,CT1) - NFY091116","Dairy and Egg Products","100g serving",100,g,0,0,0,0.3,0
"Proximates, Greek yogurt, FAGE PLAIN NONFAT (CO1,CT1) - NFY09113G","Dairy and Egg Products","100g serving",100,g,0,0,0,0.3,0
"Proximates, Greek yogurt, CHOBANI PLAIN NON-FAT (MI1,OK1) - NFY09111Y","Dairy and Egg Products","100g serving",100,g,0,0,0,0.4,0
"Proximates, Greek yogurt, FAGE PLAIN NONFAT (AL1,CA1) - NFY09112Q","Dairy and Egg Products","100g serving",100,g,0,0,0,0.4,0
"Proximates, Greek yogurt, DANNON OIKOS PLAIN NON-FAT (IN1,NY1) - NFY09114L","Dairy and Egg Products","100g serving",100,g,0,0,0,0.6,0
"Proximates, Greek yogurt, DANNON OIKOS PLAIN NON-FAT (MI1) - NFY091161","Dairy and Egg Products","100g serving",100,g,0,0,0,0.4,0
"Proximates, Greek yogurt, DANNON OIKOS PLAIN NON-FAT (CA2,NC1) - NFY09115C","Dairy and Egg Products","100g serving",100,g,0,0,0,0.5,0
"Proximates, Greek yogurt, DANNON OIKOS PLAIN NON-FAT (AL1,CA1) - NFY091150","Dairy and Egg Products","100g serving",100,g,0,0,0,0.2,0
"Proximates, Greek yogurt, FAGE PLAIN NONFAT (CA2,NC1) - NFY091149","Dairy and Egg Products","100g serving",100,g,0,0,0,0.3,0
"Proximates, Greek yogurt, DANNON OIKOS PLAIN NON-FAT (FL1,MO1) - NFY09116J","Dairy and Egg Products","100g serving",100,g,0,0,0,0.3,0
"Proximates, Greek yogurt, DANNON OIKOS PLAIN NON-FAT (CO1,CT1) - NFY09115R","Dairy and Egg Products","100g serving",100,g,0,0,0,0.3,0
"Yogurt, Greek, plain, nonfat","Dairy and Egg Products","1 serving (156g)",100,g,61,10.3,3.6,0.4,0
"Proximates, Yogurt, Greek, strawberry, non-fat, DANNON OIKOS (CO,CT) - NFY120OO0","Dairy and Egg Products","100g serving",100,g,0,8,0,0.2,0
"Proximates, Yogurt, Greek, strawberry, non-fat, DANNON OIKOS (AL,CA1) - NFY120ON9","Dairy and Egg Products","100g serving",100,g,0,8.2,0,0.2,0
"Proximates, Yogurt, Greek, strawberry, non-fat, DANNON OIKOS (MI,OK) - NFY120OOL","Dairy and Egg Products","100g serving",100,g,0,8,0,0.2,0
"Proximates, Yogurt, Greek, strawberry, non-fat, DANNON OIKOS (FL,MO) - NFY120OO8","Dairy and Egg Products","100g serving",100,g,0,7.9,0,0.2,0
"Proximates, Yogurt, Greek, strawberry, non-fat, FAGE TOTAL (FL,CT) - NFY120PA7","Dairy and Egg Products","100g serving",100,g,0,8.3,0,0.1,0
"Proximates, Yogurt, Greek, strawberry, non-fat, DANNON OIKOS (CA2,NC) - NFY120ONI","Dairy and Egg Products","100g serving",100,g,0,7.9,0,0.3,0
"Proximates, Yogurt, Greek, strawberry, non-fat, CHOBANI (AL,CA1) - NFY120OP9","Dairy and Egg Products","100g serving",100,g,0,7.7,0,0.1,0
"Proximates, Yogurt, Greek, strawberry, non-fat, DANNON OIKOS (IN,NY) - NFY120OMR","Dairy and Egg Products","100g serving",100,g,0,8.3,0,0.2,0
"Proximates, Yogurt, Greek, strawberry, non-fat, CHOBANI (IN,NY) - NFY120OOV","Dairy and Egg Products","100g serving",100,g,0,8.1,0,0.2,0
"Proximates, Yogurt, Greek, strawberry, non-fat, CHOBANI (CO,CT) - NFY120OPV","Dairy and Egg Products","100g serving",100,g,0,7.9,0,0.2,0
"Proximates, Yogurt, Greek, strawberry, non-fat, CHOBANI (MI,OK) - NFY120OQI","Dairy and Egg Products","100g serving",100,g,0,8.4,0,0.1,0
"Proximates, Yogurt, Greek, strawberry, non-fat, FAGE TOTAL (NY,NC) - NFY120ORF","Dairy and Egg Products","100g serving",100,g,0,8.1,0,0.1,0
"Proximates, Yogurt, Greek, strawberry, non-fat, FAGE TOTAL (CA2,CO) - NFY120OS1","Dairy and Egg Products","100g serving",100,g,0,8.1,0,0.1,0
"Proximates, Yogurt, Greek, strawberry, non-fat, CHOBANI (FL,MO) - NFY120OQ2","Dairy and Egg Products","100g serving",100,g,0,8.2,0,0.1,0
"Proximates, Yogurt, Greek, strawberry, non-fat, FAGE TOTAL (CA1,OK) - NFY120OQS","Dairy and Egg Products","100g serving",100,g,0,8.2,0,0.1,0
"Proximates, Yogurt, Greek, strawberry, non-fat, CHOBANI (CA2,NC) - NFY120OPG","Dairy and Egg Products","100g serving",100,g,0,8,0,0.1,0
"Yogurt, Greek, strawberry, nonfat","Dairy and Egg Products","5.3 oz (150g)",100,g,83,8.1,12.2,0.2,0.6
"Proximates, Oil, coconut, LOU ANA (NC) - NFY120PDN","Fats and Oils","100g serving",100,g,0,0,0,99.2,0
"Proximates, Oil, coconut, LOU ANA (IN,AL) - NFY120PDT","Fats and Oils","100g serving",100,g,0,0,0,99.2,0
"Proximates, Oil, coconut, LOU ANA (MI,OK) - NFY120PE9","Fats and Oils","100g serving",100,g,0,0,0,99.4,0
"Proximates, Oil, coconut, LOU ANA (FL,MO) - NFY120PE1","Fats and Oils","100g serving",100,g,0,0,0,98.6,0
"Proximates, Oil, coconut, LOU ANA (CO,CT) - NFY120PD6","Fats and Oils","100g serving",100,g,0,0,0,98.9,0
"Proximates, Oil, coconut, BETTER BODY ORGANIC (CA2) - NFY120PDG","Fats and Oils","100g serving",100,g,0,0,0,99,0
"Oil, coconut","Fats and Oils","liquid oil (11.6g)",100,g,833,0,0.8,99.1,0
"Total Fat, Ground turkey, 93% lean, 7% fat, pan-broiled crumbles (AL1)","Poultry Products","100g serving",100,g,0,0,0,12.2,0
"Protein, ash,& moisture, Ground turkey, 93% lean, 7% fat, pan-broiled crumbles (AL1)","Poultry Products","100g serving",100,g,0,26.5,0,0,0
"Total Fat, Ground turkey, 93% lean, 7% fat, raw (National)","Poultry Products","100g serving",100,g,0,0,0,8.6,0
"Protein, ash,& moisture, Ground turkey, 93% lean, 7% fat, raw (National)","Poultry Products","100g serving",100,g,0,18.8,0,0,0
"Total Fat, Ground turkey, 93% lean, 7% fat, raw (FL1,MO1,NY1)","Poultry Products","100g serving",100,g,0,0,0,8.1,0
"Protein, ash,& moisture, Ground turkey, 93% lean, 7% fat, raw (FL1,MO1,NY1)","Poultry Products","100g serving",100,g,0,18,0,0,0
"Total Fat, Ground turkey, 93% lean, 7% fat, raw (MI1)","Poultry Products","100g serving",100,g,0,0,0,8.4,0
"Protein, ash,& moisture, Ground turkey, 93% lean, 7% fat, raw (MI1)","Poultry Products","100g serving",100,g,0,18.5,0,0,0
"Total Fat, Ground turkey, 93% lean, 7% fat, pan-broiled crumbles (MI1)","Poultry Products","100g serving",100,g,0,0,0,12.2,0
"Protein, ash,& moisture, Ground turkey, 93% lean, 7% fat, pan-broiled crumbles (MI1)","Poultry Products","100g serving",100,g,0,27.3,0,0,0
"Total Fat, Ground turkey, 93% lean, 7% fat, patties, broiled (National)","Poultry Products","100g serving",100,g,0,0,0,11.8,0
"Protein, ash,& moisture, Ground turkey, 93% lean, 7% fat, patties, broiled (National)","Poultry Products","100g serving",100,g,0,26.6,0,0,0
"Total Fat, Ground turkey, 93% lean, 7% fat, patties, broiled (FL1,MO1,NY1)","Poultry Products","100g serving",100,g,0,0,0,12.1,0
"Protein, ash,& moisture, Ground turkey, 93% lean, 7% fat, patties, broiled (FL1,MO1,NY1)","Poultry Products","100g serving",100,g,0,27,0,0,0
"Total Fat, Ground turkey, 93% lean, 7% fat, patties, broiled (MI1)","Poultry Products","100g serving",100,g,0,0,0,13,0
"Protein, ash,& moisture, Ground turkey, 93% lean, 7% fat, patties, broiled (MI1)","Poultry Products","100g serving",100,g,0,28.5,0,0,0
"Total Fat, Ground turkey, 93% lean, 7% fat, raw (CA2,NC1)","Poultry Products","100g serving",100,g,0,0,0,9.1,0
"Protein, ash,& moisture, Ground turkey, 93% lean, 7% fat, raw (CA2,NC1)","Poultry Products","100g serving",100,g,0,18.9,0,0,0
"Total Fat, Ground turkey, 93% lean, 7% fat, raw (NC1)","Poultry Products","100g serving",100,g,0,0,0,10.1,0
"Protein, ash,& moisture, Ground turkey, 93% lean, 7% fat, raw (NC1)","Poultry Products","100g serving",100,g,0,18.5,0,0,0
"Total Fat, Ground turkey, 93% lean, 7% fat, pan-broiled crumbles (NC1)","Poultry Products","100g serving",100,g,0,0,0,13.1,0
"Protein, ash,& moisture, Ground turkey, 93% lean, 7% fat, pan-broiled crumbles (NC1)","Poultry Products","100g serving",100,g,0,25.6,0,0,0
"Total Fat, Ground turkey, 93% lean, 7% fat, patties, broiled (CA2,NC1)","Poultry Products","100g serving",100,g,0,0,0,12,0
"Protein, ash,& moisture, Ground turkey, 93% lean, 7% fat, patties, broiled (CA2,NC1)","Poultry Products","100g serving",100,g,0,26.4,0,0,0
"Total Fat, Ground turkey, 93% lean, 7% fat, patties, broiled (NC1)","Poultry Products","100g serving",100,g,0,0,0,13,0
"Protein, ash,& moisture, Ground turkey, 93% lean, 7% fat, patties, broiled (NC1)","Poultry Products","100g serving",100,g,0,25.3,0,0,0
"Total Fat, Ground turkey, 93% lean, 7% fat, raw (CO1,CT1,IN1)","Poultry Products","100g serving",100,g,0,0,0,8.2,0
"Protein, ash,& moisture, Ground turkey, 93% lean, 7% fat, raw (CO1,CT1,IN1)","Poultry Products","100g serving",100,g,0,18.8,0,0,0
"Total Fat, Ground turkey, 93% lean, 7% fat, raw (CO1)","Poultry Products","100g serving",100,g,0,0,0,6.9,0
"Protein, ash,& moisture, Ground turkey, 93% lean, 7% fat, raw (CO1)","Poultry Products","100g serving",100,g,0,20.4,0,0,0
"Total Fat, Ground turkey, 93% lean, 7% fat, pan-broiled crumbles (CO1)","Poultry Products","100g serving",100,g,0,0,0,9.5,0
"Protein, ash,& moisture, Ground turkey, 93% lean, 7% fat, pan-broiled crumbles (CO1)","Poultry Products","100g serving",100,g,0,29,0,0,0
"Total Fat, Ground turkey, 93% lean, 7% fat, patties, broiled (CO1,CT1,IN1)","Poultry Products","100g serving",100,g,0,0,0,11,0
"Protein, ash,& moisture, Ground turkey, 93% lean, 7% fat, patties, broiled (CO1,CT1,IN1)","Poultry Products","100g serving",100,g,0,25.7,0,0,0
"Total Fat, Ground turkey, 93% lean, 7% fat, patties, broiled (CO1)","Poultry Products","100g serving",100,g,0,0,0,8.9,0
"Protein, ash,& moisture, Ground turkey, 93% lean, 7% fat, patties, broiled (CO1)","Poultry Products","100g serving",100,g,0,25.6,0,0,0
"Total Fat, Ground turkey, 93% lean, 7% fat, raw (AL1,CA1,MI1)","Poultry Products","100g serving",100,g,0,0,0,8.4,0
"Protein, ash,& moisture, Ground turkey, 93% lean, 7% fat, raw (AL1,CA1,MI1)","Poultry Products","100g serving",100,g,0,19.2,0,0,0
"Total Fat, Ground turkey, 93% lean, 7% fat, raw (NY1)","Poultry Products","100g serving",100,g,0,0,0,8.7,0
"Protein, ash,& moisture, Ground turkey, 93% lean, 7% fat, raw (NY1)","Poultry Products","100g serving",100,g,0,18.8,0,0,0
"Total Fat, Ground turkey, 93% lean, 7% fat, pan-broiled crumbles (NY1)","Poultry Products","100g serving",100,g,0,0,0,12.2,0
"Protein, ash,& moisture, Ground turkey, 93% lean, 7% fat, pan-broiled crumbles (NY1)","Poultry Products","100g serving",100,g,0,26.2,0,0,0
"Total Fat, Ground turkey, 93% lean, 7% fat, patties, broiled (AL1,CA1,MI1)","Poultry Products","100g serving",100,g,0,0,0,11.5,0
"Protein, ash,& moisture, Ground turkey, 93% lean, 7% fat, patties, broiled (AL1,CA1,MI1)","Poultry Products","100g serving",100,g,0,26.2,0,0,0
"Total Fat, Ground turkey, 93% lean, 7% fat, patties, broiled (NY1)","Poultry Products","100g serving",100,g,0,0,0,11,0
"Protein, ash,& moisture, Ground turkey, 93% lean, 7% fat, patties, broiled (NY1)","Poultry Products","100g serving",100,g,0,23.6,0,0,0
"Total Fat, Ground turkey, 93% lean, 7% fat, raw (FL1)","Poultry Products","100g serving",100,g,0,0,0,8.2,0
"Protein, ash,& moisture, Ground turkey, 93% lean, 7% fat, raw (FL1)","Poultry Products","100g serving",100,g,0,20.1,0,0,0
"Total Fat, Ground turkey, 93% lean, 7% fat, pan-broiled crumbles (FL1)","Poultry Products","100g serving",100,g,0,0,0,11.3,0
"Protein, ash,& moisture, Ground turkey, 93% lean, 7% fat, pan-broiled crumbles (FL1)","Poultry Products","100g serving",100,g,0,28.5,0,0,0
"Total Fat, Ground turkey, 93% lean, 7% fat, patties, broiled (FL1)","Poultry Products","100g serving",100,g,0,0,0,11.2,0
"Protein, ash,& moisture, Ground turkey, 93% lean, 7% fat, patties, broiled (FL1)","Poultry Products","100g serving",100,g,0,25.9,0,0,0
"Total Fat, Ground turkey, 93% lean, 7% fat, raw (MO1)","Poultry Products","100g serving",100,g,0,0,0,8.5,0
"Protein, ash,& moisture, Ground turkey, 93% lean, 7% fat, raw (MO1)","Poultry Products","100g serving",100,g,0,17.8,0,0,0
"Total Fat, Ground turkey, 93% lean, 7% fat, pan-broiled crumbles (MO1)","Poultry Products","100g serving",100,g,0,0,0,12.2,0
"Protein, ash,& moisture, Ground turkey, 93% lean, 7% fat, pan-broiled crumbles (MO1)","Poultry Products","100g serving",100,g,0,26.9,0,0,0
"Total Fat, Ground turkey, 93% lean, 7% fat, patties, broiled (MO1)","Poultry Products","100g serving",100,g,0,0,0,11.4,0
"Protein, ash,& moisture, Ground turkey, 93% lean, 7% fat, patties, broiled (MO1)","Poultry Products","100g serving",100,g,0,23.6,0,0,0
"Total Fat, Ground turkey, 93% lean, 7% fat, raw (CA1)","Poultry Products","100g serving",100,g,0,0,0,7.1,0
"Protein, ash,& moisture, Ground turkey, 93% lean, 7% fat, raw (CA1)","Poultry Products","100g serving",100,g,0,18.6,0,0,0
"Total Fat, Ground turkey, 93% lean, 7% fat, pan-broiled crumbles (CA1)","Poultry Products","100g serving",100,g,0,0,0,9.8,0
"Protein, ash,& moisture, Ground turkey, 93% lean, 7% fat, pan-broiled crumbles (CA1)","Poultry Products","100g serving",100,g,0,26.8,0,0,0
"Total Fat, Ground turkey, 93% lean, 7% fat, patties, broiled (CA1)","Poultry Products","100g serving",100,g,0,0,0,9.6,0
"Protein, ash,& moisture, Ground turkey, 93% lean, 7% fat, patties, broiled (CA1)","Poultry Products","100g serving",100,g,0,24.9,0,0,0
"Total Fat, Ground turkey, 93% lean, 7% fat, raw (IN1)","Poultry Products","100g serving",100,g,0,0,0,8.1,0
"Protein, ash,& moisture, Ground turkey, 93% lean, 7% fat, raw (IN1)","Poultry Products","100g serving",100,g,0,18.4,0,0,0
"Total Fat, Ground turkey, 93% lean, 7% fat, pan-broiled crumbles (IN1)","Poultry Products","100g serving",100,g,0,0,0,13,0
"Protein, ash,& moisture, Ground turkey, 93% lean, 7% fat, pan-broiled crumbles (IN1)","Poultry Products","100g serving",100,g,0,27.4,0,0,0
"Total Fat, Ground turkey, 93% lean, 7% fat, patties, broiled (IN1)","Poultry Products","100g serving",100,g,0,0,0,11.8,0
"Protein, ash,& moisture, Ground turkey, 93% lean, 7% fat, patties, broiled (IN1)","Poultry Products","100g serving",100,g,0,25.4,0,0,0
"Total Fat, Ground turkey, 93% lean, 7% fat, raw (CA2)","Poultry Products","100g serving",100,g,0,0,0,7.9,0
"Protein, ash,& moisture, Ground turkey, 93% lean, 7% fat, raw (CA2)","Poultry Products","100g serving",100,g,0,19.7,0,0,0
"Total Fat, Ground turkey, 93% lean, 7% fat, pan-broiled crumbles (CA2)","Poultry Products","100g serving",100,g,0,0,0,10.1,0
"Protein, ash,& moisture, Ground turkey, 93% lean, 7% fat, pan-broiled crumbles (CA2)","Poultry Products","100g serving",100,g,0,27.8,0,0,0
"Total Fat, Ground turkey, 93% lean, 7% fat, patties, broiled (CA2)","Poultry Products","100g serving",100,g,0,0,0,10.1,0
"Protein, ash,& moisture, Ground turkey, 93% lean, 7% fat, patties, broiled (CA2)","Poultry Products","100g serving",100,g,0,27.5,0,0,0
"Total Fat, Ground turkey, 93% lean, 7% fat, raw (CT1)","Poultry Products","100g serving",100,g,0,0,0,8.7,0
"Protein, ash,& moisture, Ground turkey, 93% lean, 7% fat, raw (CT1)","Poultry Products","100g serving",100,g,0,17.4,0,0,0
"Total Fat, Ground turkey, 93% lean, 7% fat, pan-broiled crumbles (CT1)","Poultry Products","100g serving",100,g,0,0,0,11.9,0
"Protein, ash,& moisture, Ground turkey, 93% lean, 7% fat, pan-broiled crumbles (CT1)","Poultry Products","100g serving",100,g,0,26,0,0,0
"Total Fat, Ground turkey, 93% lean, 7% fat, patties, broiled (CT1)","Poultry Products","100g serving",100,g,0,0,0,12.2,0
"Protein, ash,& moisture, Ground turkey, 93% lean, 7% fat, patties, broiled (CT1)","Poultry Products","100g serving",100,g,0,26.1,0,0,0
"Total Fat, Ground turkey, 93% lean, 7% fat, raw (AL1)","Poultry Products","100g serving",100,g,0,0,0,9.3,0
"Protein, ash,& moisture, Ground turkey, 93% lean, 7% fat, raw (AL1)","Poultry Products","100g serving",100,g,0,17.8,0,0,0
"Total Fat, Ground turkey, 93% lean, 7% fat, patties, broiled (AL1)","Poultry Products","100g serving",100,g,0,0,0,13.8,0
"Protein, ash,& moisture, Ground turkey, 93% lean, 7% fat, patties, broiled (AL1)","Poultry Products","100g serving",100,g,0,28,0,0,0
"Turkey, ground, 93% lean, 7% fat, pan-broiled crumbles","Poultry Products","crumbles (155g)",100,g,220,27.1,0,11.6,0
"Fat, Chicken, dark meat, lean only, drumstick, braised, non-enhanced (AL1,CA1) - 14B-06-05-TotalFat","Poultry Products","100g serving",100,g,0,0,0,5.7,0
"Fat, Chicken, skin, raw, from drumsticks and thighs, non-enhanced (National) - 14B-01-01-TotalFat","Poultry Products","100g serving",100,g,0,0,0,44.2,0
"Fat, Chicken, skin, raw, from drumsticks and thighs, non-enhanced (CO1,CT1,IN1) - 14B-01-03-TotalFat","Poultry Products","100g serving",100,g,0,0,0,43.3,0
"Fat, Chicken, skin, roasted, from drumsticks and thighs, non-enhanced (National) - 14B-02-01-TotalFat","Poultry Products","100g serving",100,g,0,0,0,45.6,0
"Fat, Chicken, skin, roasted, from drumsticks and thighs, non-enhanced (CO1,CT1,IN1) - 14B-02-03-TotalFat","Poultry Products","100g serving",100,g,0,0,0,41.1,0
"Fat, Chicken, skin, braised, from drumsticks and thighs, non-enhanced (National) - 14B-03-01-TotalFat","Poultry Products","100g serving",100,g,0,0,0,45.2,0
"Proximates, Chicken, skin, braised, from drumsticks and thighs, non-enhanced (CO1,CT1,IN1) - 14B-03-03-prox","Poultry Products","100g serving",100,g,0,0,0,36.1,0
"Fat, Chicken, dark meat, lean only, drumstick, raw, non-enhanced (National) - 14B-04-01-TotalFat","Poultry Products","100g serving",100,g,0,0,0,3.8,0
"Fat, Chicken, dark meat, lean only, drumstick, raw, non-enhanced (CO1,CT1,IN1) - 14B-04-03-TotalFat","Poultry Products","100g serving",100,g,0,0,0,3.5,0
"Fat, Chicken, dark meat, lean only, drumstick, roasted, non-enhanced (National) - 14B-05-01-TotalFat","Poultry Products","100g serving",100,g,0,0,0,5.5,0
"Fat, Chicken, dark meat, lean only, drumstick, roasted, non-enhanced (CO1,CT1,IN1) - 14B-05-03-TotalFat","Poultry Products","100g serving",100,g,0,0,0,5.8,0
"Fat, Chicken, dark meat, lean only, drumstick, braised, non-enhanced (National) - 14B-06-01-TotalFat","Poultry Products","100g serving",100,g,0,0,0,5.5,0
"Fat, Chicken, dark meat, lean only, drumstick, braised, non-enhanced (CO1,CT1,IN1) - 14B-06-03-TotalFat","Poultry Products","100g serving",100,g,0,0,0,5.7,0
"Fat, Chicken, dark meat, lean only, thigh, raw, non-enhanced (National) - 14B-07-01-TotalFat","Poultry Products","100g serving",100,g,0,0,0,3.8,0
"Fat, Chicken, dark meat, lean only, thigh, raw, non-enhanced (CO1,CT1) - 14B-07-03-TotalFat","Poultry Products","100g serving",100,g,0,0,0,4.3,0
"Fat, Chicken, dark meat, lean only, thigh, roasted, non-enhanced (National) - 14B-08-01-TotalFat","Poultry Products","100g serving",100,g,0,0,0,8.9,0
"Fat, Chicken, dark meat, lean only, thigh, roasted, non-enhanced (CO1,CT1) - 14B-08-03-TotalFat","Poultry Products","100g serving",100,g,0,0,0,7.8,0
"Fat, Chicken, dark meat, lean only, thigh, braised, non-enhanced (National) - 14B-09-01-TotalFat","Poultry Products","100g serving",100,g,0,0,0,8.6,0
"Fat, Chicken, dark meat, lean only, thigh, braised, non-enhanced (CO1,CT1) - 14B-09-03-TotalFat","Poultry Products","100g serving",100,g,0,0,0,8.8,0
"Fat, Chicken, skin, raw, from drumsticks and thighs, non-enhanced (FL1,MO1,NY1) - 14B-01-04-TotalFat","Poultry Products","100g serving",100,g,0,0,0,47.9,0
"Fat, Chicken, skin, roasted, from drumsticks and thighs, non-enhanced (FL1,MO1,NY1) - 14B-02-04-TotalFat","Poultry Products","100g serving",100,g,0,0,0,47.6,0
"Fat, Chicken, skin, braised, from drumsticks and thighs, non-enhanced (FL1,MO1,NY1) - 14B-03-04-TotalFat","Poultry Products","100g serving",100,g,0,0,0,46.1,0
"Fat, Chicken, dark meat, lean only, thigh, raw, non-enhanced (FL1,MO1,NY1) - 14B-07-04-TotalFat","Poultry Products","100g serving",100,g,0,0,0,4,0
"Fat, Chicken, dark meat, lean only, thigh, roasted, non-enhanced (FL1,MO1,NY1) - 14B-08-04-TotalFat","Poultry Products","100g serving",100,g,0,0,0,7.7,0
"Fat, Chicken, dark meat, lean only, thigh, braised, non-enhanced (FL1,MO1,NY1) - 14B-09-04-TotalFat","Poultry Products","100g serving",100,g,0,0,0,8.6,0
"Fat, Chicken, dark meat, lean only, drumstick, raw, non-enhanced (FL1,MO1,NY1) - 14B-04-04-TotalFat","Poultry Products","100g serving",100,g,0,0,0,3.7,0
"Fat, Chicken, dark meat, lean only, drumstick, roasted, non-enhanced (FL1,MO1,NY1) - 14B-05-04-TotalFat","Poultry Products","100g serving",100,g,0,0,0,5.3,0
"Fat, Chicken, dark meat, lean only, drumstick, braised, non-enhanced (FL1,MO1,NY1) - 14B-06-04-TotalFat","Poultry Products","100g serving",100,g,0,0,0,6.3,0
"Fat, Chicken, skin, raw, from drumsticks and thighs, non-enhanced (AL1,CA1) - 14B-01-05-TotalFat","Poultry Products","100g serving",100,g,0,0,0,44.3,0
"Fat, Chicken, skin, roasted, from drumsticks and thighs, non-enhanced (AL1,CA1) - 14B-02-05-TotalFat","Poultry Products","100g serving",100,g,0,0,0,44.5,0
"Fat, Chicken, skin, braised, from drumsticks and thighs, non-enhanced (AL1,CA1) - 14B-03-05-TotalFat","Poultry Products","100g serving",100,g,0,0,0,44,0
"Fat, Chicken, dark meat, lean only, thigh, raw, non-enhanced (AL1,CA1) - 14B-07-05-TotalFat","Poultry Products","100g serving",100,g,0,0,0,4,0
"Fat, Chicken, dark meat, lean only, thigh, roasted, non-enhanced (AL1,CA1) - 14B-08-05-TotalFat","Poultry Products","100g serving",100,g,0,0,0,8.2,0
"Fat, Chicken, dark meat, lean only, thigh, braised, non-enhanced (AL1,CA1) - 14B-09-05-TotalFat","Poultry Products","100g serving",100,g,0,0,0,9,0
"Fat, Chicken, skin, raw, from drumsticks and thighs, non-enhanced (CA2,NC1) - 14B-01-02-TotalFat","Poultry Products","100g serving",100,g,0,0,0,41.4,0
"Fat, Chicken, skin, roasted, from drumsticks and thighs, non-enhanced (CA2,NC1) - 14B-02-02-TotalFat","Poultry Products","100g serving",100,g,0,0,0,41.1,0
"Fat, Chicken, skin, braised, from drumsticks and thighs, non-enhanced (CA2,NC1) - 14B-03-02-TotalFat","Poultry Products","100g serving",100,g,0,0,0,42.5,0
"Fat, Chicken, dark meat, lean only, thigh, raw, non-enhanced (CA2,NC1) - 14B-07-02-TotalFat","Poultry Products","100g serving",100,g,0,0,0,4.4,0
"Fat, Chicken, dark meat, lean only, thigh, roasted, non-enhanced (CA2,NC1) - 14B-08-02-TotalFat","Poultry Products","100g serving",100,g,0,0,0,8.7,0
"Fat, Chicken, dark meat, lean only, thigh, braised, non-enhanced (CA2,NC1) - 14B-09-02-TotalFat","Poultry Products","100g serving",100,g,0,0,0,8.2,0
"Fat, Chicken, dark meat, lean only, drumstick, raw, non-enhanced (CA2,NC1) - 14B-04-02-TotalFat","Poultry Products","100g serving",100,g,0,0,0,3.6,0
"Fat, Chicken, dark meat, lean only, drumstick, roasted, non-enhanced (CA2,NC1) - 14B-05-02-TotalFat","Poultry Products","100g serving",100,g,0,0,0,5.2,0
"Fat, Chicken, dark meat, lean only, drumstick, braised, non-enhanced (CA2,NC1) - 14B-06-02-TotalFat","Poultry Products","100g serving",100,g,0,0,0,6.2,0
"Fat, Chicken, dark meat, lean only, drumstick, raw, non-enhanced (AL1,CA1) - 14B-04-05-TotalFat","Poultry Products","100g serving",100,g,0,0,0,4.4,0
"Fat, Chicken, dark meat, lean only, drumstick, roasted, non-enhanced (AL1,CA1) - 14B-05-05-TotalFat","Poultry Products","100g serving",100,g,0,0,0,5.6,0
"Fat, Chicken, dark meat, lean only, drumstick, braised, enhanced (OK1,MI1) - 14B-06-06-TotalFat","Poultry Products","100g serving",100,g,0,0,0,6.3,0
"Proximates, Chicken, skin, raw, from drumsticks and thighs, enhanced (OK1,MI1) - 14B-01-06-prox","Poultry Products","100g serving",100,g,0,0,0,42.7,0
"Fat, Chicken, skin, roasted, from drumsticks and thighs, enhanced (OK1,MI1) - 14B-02-06-TotalFat","Poultry Products","100g serving",100,g,0,0,0,41.8,0
"Proximates, Chicken, skin, braised, from drumsticks and thighs, enhanced (OK1,MI1) - 14B-03-06-prox","Poultry Products","100g serving",100,g,0,0,0,38.9,0
"Fat, Chicken, dark meat, lean only, thigh, raw, enhanced (OK1,MI1) - 14B-07-06-TotalFat","Poultry Products","100g serving",100,g,0,0,0,3.8,0
"Fat, Chicken, dark meat, lean only, thigh, roasted, enhanced (OK1,MI1) - 14B-08-06-TotalFat","Poultry Products","100g serving",100,g,0,0,0,7.2,0
"Fat, Chicken, dark meat, lean only, thigh, braised, enhanced (OK1,MI1) - 14B-09-06-TotalFat","Poultry Products","100g serving",100,g,0,0,0,6.9,0
"Fat, Chicken, dark meat, lean only, drumstick, raw, enhanced (OK1,MI1) - 14B-04-06-TotalFat","Poultry Products","100g serving",100,g,0,0,0,3.9,0
"Fat, Chicken, dark meat, lean only, drumstick, roasted, enhanced (OK1,MI1) - 14B-05-06-TotalFat","Poultry Products","100g serving",100,g,0,0,0,5.2,0
"Chicken, broilers or fryers, drumstick, meat only, cooked, braised","Poultry Products","without skin (94.7g)",100,g,156,23.9,0,6,0
"Proximates, Chicken breasts, boneless, skinless, non-enhanced, braised (IN,NY) - 17A-02-01-Prox","Poultry Products","100g serving",100,g,0,0,0,4,0
"Proximates, Chicken breasts, boneless, skinless, non-enhanced, braised (CA2,NC) - 17A-02-03-Prox","Poultry Products","100g serving",100,g,0,0,0,3.4,0
"Proximates, Chicken breasts, boneless, skinless, non-enhanced, braised (FL,MO) - 17A-02-05-Prox","Poultry Products","100g serving",100,g,0,0,0,3.2,0
"Proximates, Chicken breasts, boneless, skinless, non-enhanced, braised (MI,OK) - 17A-02-06-Prox","Poultry Products","100g serving",100,g,0,0,0,2.2,0
"Proximates, Chicken breasts, boneless, skinless, non-enhanced, braised (CO,CT) - 17A-02-04-Prox","Poultry Products","100g serving",100,g,0,0,0,3.9,0
"Proximates, Chicken breasts, boneless, skinless, non-enhanced, braised (AL,CA1) - 17A-02-02-Prox","Poultry Products","100g serving",100,g,0,0,0,2.9,0
"Chicken, broiler or fryers, breast, skinless, boneless, meat only, cooked, braised","Poultry Products","1 serving (174g)",100,g,166,32.1,0,3.2,0
"Proximates, Sauce, pasta, RAGU Old World, bottled spaghetti sauce (NY1) - NFY0904RR","Soups, Sauces, and Gravies","100g serving",100,g,0,0,0,2.2,0
"Proximates, Sauce, pasta, RAGU Old World, bottled spaghetti sauce (IN1) - NFY0904RL","Soups, Sauces, and Gravies","100g serving",100,g,0,0,0,2.2,0
"Proximates, Sauce, pasta, RAGU Old World, bottled spaghetti sauce (CA1) - NFY0904S3","Soups, Sauces, and Gravies","100g serving",100,g,0,0,0,2.1,0
"Proximates, Sauce, pasta, RAGU Old World, bottled spaghetti sauce (AL1) - NFY0904RX","Soups, Sauces, and Gravies","100g serving",100,g,0,0,0,2,0
"Proximates, Sauce, pasta, RAGU Old World, bottled spaghetti sauce (CA2) - NFY0904S9","Soups, Sauces, and Gravies","100g serving",100,g,0,0,0,2.1,0
"Proximates, Sauce, pasta, RAGU Old World, bottled spaghetti sauce (NC1) - NFY0904SF","Soups, Sauces, and Gravies","100g serving",100,g,0,0,0,1.9,0
"Proximates, Sauce, pasta, RAGU Old World, bottled spaghetti sauce (CO2) - NFY0904SL","Soups, Sauces, and Gravies","100g serving",100,g,0,0,0,2,0
"Proximates, Sauce, pasta, RAGU Old World, bottled spaghetti sauce (CT1) - NFY0904SR","Soups, Sauces, and Gravies","100g serving",100,g,0,0,0,2.2,0
"Proximates, Sauce, pasta, RAGU Old World, bottled spaghetti sauce (OK1) - NFY0904TF","Soups, Sauces, and Gravies","100g serving",100,g,0,0,0,2,0
"Proximates, Sauce, pasta, RAGU Old World, bottled spaghetti sauce (MO1) - NFY0904T3","Soups, Sauces, and Gravies","100g serving",100,g,0,0,0,2.8,0
"Proximates, Sauce, pasta, RAGU Old World, bottled spaghetti sauce (MI1) - NFY0904T9","Soups, Sauces, and Gravies","100g serving",100,g,0,0,0,2,0
"Proximates, Sauce, pasta, RAGU Old World, bottled spaghetti sauce (FL1) - NFY0904SX","Soups, Sauces, and Gravies","100g serving",100,g,0,0,0,2.3,0
"Proximates, Sauce, pasta, PREGO 100% Natural Italian, Traditional, bottled spaghetti sauce (AL1) - NFY0904VF","Soups, Sauces, and Gravies","100g serving",100,g,0,0,0,1.4,0
"Proximates, Sauce, pasta, PREGO 100% Natural Italian, Traditional, bottled spaghetti sauce (IN1) - NFY0904V3","Soups, Sauces, and Gravies","100g serving",100,g,0,0,0,1.2,0
"Proximates, Sauce, pasta, PREGO 100% Natural Italian, Traditional, bottled spaghetti sauce (NY1) - NFY0904V9","Soups, Sauces, and Gravies","100g serving",100,g,0,0,0,1.9,0
"Proximates, Sauce, pasta, PREGO 100% Natural Italian, Traditional, bottled spaghetti sauce (CA1) - NFY0904VL","Soups, Sauces, and Gravies","100g serving",100,g,0,0,0,1.4,0
"Proximates, Sauce, pasta, PREGO 100% Natural Italian, Traditional, bottled spaghetti sauce (CO2) - NFY0904W3","Soups, Sauces, and Gravies","100g serving",100,g,0,0,0,1.7,0
"Proximates, Sauce, pasta, PREGO 100% Natural Italian, Traditional, bottled spaghetti sauce (CA2) - NFY0904VR","Soups, Sauces, and Gravies","100g serving",100,g,0,0,0,1.4,0
"Proximates, Sauce, pasta, PREGO 100% Natural Italian, Traditional, bottled spaghetti sauce (FL1) - NFY0904WF","Soups, Sauces, and Gravies","100g serving",100,g,0,0,0,1.7,0
"Proximates, Sauce, pasta, PREGO 100% Natural Italian, Traditional, bottled spaghetti sauce (NC1) - NFY0904VX","Soups, Sauces, and Gravies","100g serving",100,g,0,0,0,1.4,0
"Proximates, Sauce, pasta, PREGO 100% Natural Italian, Traditional, bottled spaghetti sauce (CT1) - NFY0904W9","Soups, Sauces, and Gravies","100g serving",100,g,0,0,0,1.4,0
"Proximates, Sauce, pasta, PREGO 100% Natural Italian, Traditional, bottled spaghetti sauce (MI1) - NFY0904WR","Soups, Sauces, and Gravies","100g serving",100,g,0,0,0,1.5,0
"Proximates, Sauce, pasta, PREGO 100% Natural Italian, Traditional, bottled spaghetti sauce (MO1) - NFY0904WL","Soups, Sauces, and Gravies","100g serving",100,g,0,0,0,1.5,0
"Proximates, Sauce, pasta, PREGO 100% Natural Italian, Traditional, bottled spaghetti sauce (OK1) - NFY0904WX","Soups, Sauces, and Gravies","100g serving",100,g,0,0,0,1.9,0
"Proximates, Sauce, pasta, HUNTS original, canned spaghetti sauce (IN1) - NFY0904YL","Soups, Sauces, and Gravies","100g serving",100,g,0,0,0,0.8,0
"Proximates, Sauce, pasta, HUNTS original, canned spaghetti sauce (AL1) - NFY0904YX","Soups, Sauces, and Gravies","100g serving",100,g,0,0,0,0.8,0
"Proximates, Sauce, pasta, HUNTS original, canned spaghetti sauce (CA1) - NFY0904Z3","Soups, Sauces, and Gravies","100g serving",100,g,0,0,0,0.7,0
"Proximates, Sauce, pasta, HUNTS original, canned spaghetti sauce (NC1) - NFY0904ZF","Soups, Sauces, and Gravies","100g serving",100,g,0,0,0,0.6,0
"Proximates, Sauce, pasta, HUNTS original, canned spaghetti sauce (NY1) - NFY0904YR","Soups, Sauces, and Gravies","100g serving",100,g,0,0,0,0.8,0
"Proximates, Sauce, pasta, HUNTS original, canned spaghetti sauce (CO2) - NFY0904ZL","Soups, Sauces, and Gravies","100g serving",100,g,0,0,0,0.8,0
"Proximates, Sauce, pasta, HUNTS original, canned spaghetti sauce (CT1) - NFY0904ZR","Soups, Sauces, and Gravies","100g serving",100,g,0,0,0,0.7,0
"Proximates, Sauce, pasta, HUNTS original, canned spaghetti sauce (MO1) - NFY090503","Soups, Sauces, and Gravies","100g serving",100,g,0,0,0,0.8,0
"Proximates, Sauce, pasta, HUNTS original, canned spaghetti sauce (OK1) - NFY09050F","Soups, Sauces, and Gravies","100g serving",100,g,0,0,0,0.8,0
"Proximates, Sauce, pasta, HUNTS original, canned spaghetti sauce (MI1) - NFY090509","Soups, Sauces, and Gravies","100g serving",100,g,0,0,0,0.9,0
"Proximates, Sauce, pasta, HUNTS original, canned spaghetti sauce (FL1) - NFY0904ZX","Soups, Sauces, and Gravies","100g serving",100,g,0,0,0,1,0
"Proximates, Sauce, pasta, HUNTS original, canned spaghetti sauce (CA2) - NFY0904Z9","Soups, Sauces, and Gravies","100g serving",100,g,0,0,0,0.7,0
"Sauce, pasta, spaghetti/marinara, ready-to-serve","Soups, Sauces, and Gravies","1/2 cup (135g)",100,g,45,1.4,8.1,1.5,1.8
"Lunchmeat, ham - NFY1210OA","Sausages and Luncheon Meats","100g serving",100,g,0,0,0,4.7,0
"Lunchmeat, ham - NFY1210NW","Sausages and Luncheon Meats","100g serving",100,g,0,0,0,3.2,0
"Lunchmeat, ham - NFY1210OP","Sausages and Luncheon Meats","100g serving",100,g,0,0,0,3.6,0
"Lunchmeat, ham - NFY1210P3","Sausages and Luncheon Meats","100g serving",100,g,0,0,0,4,0
"Lunchmeat, ham - NFY1210PW","Sausages and Luncheon Meats","100g serving",100,g,0,0,0,3.1,0
"Lunchmeat, ham - NFY1210PP","Sausages and Luncheon Meats","100g serving",100,g,0,0,0,3.1,0
"Lunchmeat, ham - NFY1210PI","Sausages and Luncheon Meats","100g serving",100,g,0,0,0,3.9,0
"Lunchmeat, ham - NFY1210Q3","Sausages and Luncheon Meats","100g serving",100,g,0,0,0,3,0
"Lunchmeat, ham - NFY1210QH","Sausages and Luncheon Meats","100g serving",100,g,0,0,0,4.4,0
"Lunchmeat, ham - NFY1210QA","Sausages and Luncheon Meats","100g serving",100,g,0,0,0,4.4,0
"Lunchmeat, ham - NFY1210R2","Sausages and Luncheon Meats","100g serving",100,g,0,0,0,3.6,0
"Ham, sliced, pre-packaged, deli meat (96%fat free, water added)","Sausages and Luncheon Meats","1 serving (13.5g)",100,g,106,16.7,0.3,3.7,0
"Pears, Bartlett, Region 4, n/a, Yes, Proximates - NFY0000AA","Fruits and Fruit Juices","100g serving",100,g,0,0,0,0.2,0
"Pears, Bartlett, Region 1, n/a, Yes, Proximates - NFY000093","Fruits and Fruit Juices","100g serving",100,g,0,0,0,0.1,0
"Pears, Bosc, Region 4, n/a, Yes, Proximates - NFY0000CW","Fruits and Fruit Juices","100g serving",100,g,0,0,0,0.1,0
"Pears, Green Anjou, Region 4, n/a, Yes, Proximates - NFY0000ID","Fruits and Fruit Juices","100g serving",100,g,0,0,0,0.1,0
"Pears, Bosc, Region 1, n/a, Yes, Proximates - NFY0000BP","Fruits and Fruit Juices","100g serving",100,g,0,0,0,0.1,0
"Pears, Green Anjou, Region 1, n/a, Yes, Proximates - NFY0000H6","Fruits and Fruit Juices","100g serving",100,g,0,0,0,0.1,0
"Pears, Bartlett, Region 3, n/a, Yes, Proximates - NFY00009Y","Fruits and Fruit Juices","100g serving",100,g,0,0,0,0.3,0
"Pears, Bartlett, Region 2, n/a, Yes, Proximates - NFY00009F","Fruits and Fruit Juices","100g serving",100,g,0,0,0,0.2,0
"Pears, Bosc, Region 3, n/a, Yes, Proximates - NFY0000CK","Fruits and Fruit Juices","100g serving",100,g,0,0,0,0.2,0
"Pears, Green Anjou, Region 3, n/a, Yes, Proximates - NFY0000I1","Fruits and Fruit Juices","100g serving",100,g,0,0,0,0.1,0
"Pears, Bosc, Region 2, n/a, Yes, Proximates - NFY0000C1","Fruits and Fruit Juices","100g serving",100,g,0,0,0,0.1,0
"Pears, Green Anjou, Region 2, n/a, Yes, Proximates - NFY0000HI","Fruits and Fruit Juices","100g serving",100,g,0,0,0,0.2,0
"Pears, Bartlett, Pass 2, Regions 1 & 4, n/a, Yes - Proximates, NFY0106W9","Fruits and Fruit Juices","100g serving",100,g,0,0,0,0.1,0
"Pears, Bartlett, Pass 2, Regions 2 & 3, n/a, Yes - Proximates, NFY0106WZ","Fruits and Fruit Juices","100g serving",100,g,0,0,0,0.1,0
"Pears, raw, bartlett (Includes foods for USDA's Food Distribution Program)","Fruits and Fruit Juices","slices (140g)",100,g,57,0.4,15.1,0.2,3.1
"Olives, Green Manzanilla, Mario - CA1","Fruits and Fruit Juices","100g serving",100,g,0,0,0,14.5,0
"Olives, Green Manzanilla, Mario - NE, NC","Fruits and Fruit Juices","100g serving",100,g,0,0,0,13.4,0
"Olives, Green Manzanilla, Lindsay - IN, NC","Fruits and Fruit Juices","100g serving",100,g,0,0,0,12.5,0
"Olives, Green Manzanilla, Store Brand - GA, IN","Fruits and Fruit Juices","100g serving",100,g,0,0,0,14.7,0
"Olives, Green Manzanilla, Store Brand - IA, TX","Fruits and Fruit Juices","100g serving",100,g,0,0,0,12.2,0
"Olives, Green Manzanilla, Lindsay - GA, IA","Fruits and Fruit Juices","100g serving",100,g,0,0,0,12.1,0
"Olives, Green Manzanilla, Mario - KY, TX","Fruits and Fruit Juices","100g serving",100,g,0,0,0,13.1,0
"Olives, Green Manzanilla, Lindsay - KY, NE","Fruits and Fruit Juices","100g serving",100,g,0,0,0,12.6,0
"Olives, Green Manzanilla, Store Brand, Great Value - NE, NC","Fruits and Fruit Juices","100g serving",100,g,0,0,0,11.5,0
"Olives, Green Manzanilla, Mario - GA, IN","Fruits and Fruit Juices","100g serving",100,g,0,0,0,14.8,0
"Olives, Green Manzanilla, Store Brand, Great Value - KY, CA1","Fruits and Fruit Juices","100g serving",100,g,0,0,0,11.1,0
"Olives, Green Manzanilla, Star - AZ, CA2","Fruits and Fruit Juices","100g serving",100,g,0,0,0,13,0
"Olives, Green Manzanilla - PA, NJ","Fruits and Fruit Juices","100g serving",100,g,0,0,0,12.6,0
"Olives, green, Manzanilla, stuffed with pimiento","Fruits and Fruit Juices","1 serving (3.2g)",100,g,130,1.2,5,12.9,4
"Chorizo Pork Sausage, Mixed Brand, Cooked","Sausages and Luncheon Meats","100g serving",100,g,0,0,0,34.7,0
"Chorizo Pork Sausage, Johnsonville, Cooked","Sausages and Luncheon Meats","100g serving",100,g,0,0,0,28.4,0
"Sausage, pork, chorizo, link or ground, cooked, pan-fried","Sausages and Luncheon Meats","medium (80.4g)",100,g,346,19.3,2.6,28.1,0
"Oatmeal Cookies With Raisins, Pepperidge Farm Soft Baked","Baked Products","100g serving",100,g,0,0,0,14.9,0
"Oatmeal Cookies With Raisins, Store/other Brand","Baked Products","100g serving",100,g,0,0,0,13.8,0
"Cookies, oatmeal, soft, with raisins","Baked Products","1 serving (27g)",100,g,430,5.8,69.6,14.3,3.3
"Proximates, Tomatoes, diced, canned, HUNTS (IN, NY) - NFY120ALH","Vegetables and Vegetable Products","100g serving",100,g,0,0,0,0.2,0
"Proximates, Tomatoes, diced, canned, HUNTS (AL, CA1) - NFY120ALO","Vegetables and Vegetable Products","100g serving",100,g,0,0,0,0.5,0
"Proximates, Tomatoes, diced, canned, HUNTS (CO, CT) - NFY120AM1","Vegetables and Vegetable Products","100g serving",100,g,0,0,0,0.2,0
"Proximates, Tomatoes, diced, canned, HUNTS (CA2, NC) - NFY120ALU","Vegetables and Vegetable Products","100g serving",100,g,0,0,0,0.2,0
"Proximates, Tomatoes, diced, canned, HUNTS (FL, MO) - NFY120AM7","Vegetables and Vegetable Products","100g serving",100,g,0,0,0,0.6,0
"Proximates, Tomatoes, diced, canned, HUNTS (MI, OK) - NFY120AME","Vegetables and Vegetable Products","100g serving",100,g,0,0,0,0.1,0
"Proximates, Tomatoes, diced, canned, STORE BRAND, GREAT VALUE & S&W PREMIUM (AL, CA1) - NFY120AMR","Vegetables and Vegetable Products","100g serving",100,g,0,0,0,0.2,0
"Proximates, Tomatoes, diced, canned, DEL MONTE (NC, NY) - NFY120AMK","Vegetables and Vegetable Products","100g serving",100,g,0,0,0,0.1,0
"Proximates, Tomatoes, diced, canned, VALUE TIME (CA2) - NFY120AMX","Vegetables and Vegetable Products","100g serving",100,g,0,0,0,0.5,0
"Proximates, Tomatoes, diced, canned, DEL MONTE (CO, CT) - NFY120AN4","Vegetables and Vegetable Products","100g serving",100,g,0,0,0,0.2,0
"Proximates, Tomatoes, diced, canned, DEL MONTE (FL, MO) - NFY120ANA","Vegetables and Vegetable Products","100g serving",100,g,0,0,0,0.2,0
"Proximates, Tomatoes, diced, canned, DEL MONTE (MI, OK) - NFY120ANH","Vegetables and Vegetable Products","100g serving",100,g,0,0,0,0.2,0
"Proximates, Tomatoes, diced, canned, STORE BRAND, KROGER BRAND (IN, MI) - NFY120ANN","Vegetables and Vegetable Products","100g serving",100,g,0,0,0,0.4,0
"Proximates, Tomatoes, diced, canned, STORE BRAND, GREAT VALUE (AL, OK) - NFY120ANU","Vegetables and Vegetable Products","100g serving",100,g,0,0,0,0.4,0
"Proximates, Tomatoes, diced, canned, STORE BRAND, BIG DAISY & SAFEWAY KITCHENS (CO, CT) - NFY120AO7","Vegetables and Vegetable Products","100g serving",100,g,0,0,0,0.1,0
"Proximates, Tomatoes, diced, canned, STORE BRAND, SUNNY SELECT & VINE RIPE (CA2, NC) - NFY120AO0","Vegetables and Vegetable Products","100g serving",100,g,0,0,0,0.2,0
"Proximates, Tomatoes, diced, canned, STORE BRAND, HYTOP PREMIUM QUALITY & AMERICAS CHOICE (CA1, NY) - NFY120AOK","Vegetables and Vegetable Products","100g serving",100,g,0,0,0,0.1,0
"Tomatoes, canned","Vegetables and Vegetable Products","100g serving",100,g,0,0,0,1,0
"Proximates, Tomatoes, diced, canned, STORE BRAND, HY VEE & PUBLIX (FL, MO) - NFY120AOD","Vegetables and Vegetable Products","100g serving",100,g,0,0,0,0.2,0
"Tomatoes, canned, red, ripe, diced","Vegetables and Vegetable Products","1 serving (245g)",100,g,18,0.8,3.3,0.5,0
"Proximates, Haddock, raw (CT) - NFY060CMN","Finfish and Shellfish Products","100g serving",100,g,0,0,0,0.5,0
"Proximates, Haddock, raw (CO) - NFY060CM8","Finfish and Shellfish Products","100g serving",100,g,0,0,0,0.4,0
"Proximates, Haddock, raw (IN) - NFY060CN2","Finfish and Shellfish Products","100g serving",100,g,0,0,0,0.5,0
"Proximates, Haddock, raw (NY) - NFY060COB","Finfish and Shellfish Products","100g serving",100,g,0,0,0,0.6,0
"Proximates, Haddock, raw (FL) - NFY060CNH","Finfish and Shellfish Products","100g serving",100,g,0,0,0,0.5,0
"Proximates, Haddock, raw (NC) - NFY060CLE","Finfish and Shellfish Products","100g serving",100,g,0,0,0,0.3,0
"Proximates, Haddock, raw (MI) - NFY060CPK","Finfish and Shellfish Products","100g serving",100,g,0,0,0,0.4,0
"Proximates, Haddock, raw (AL) - NFY060COQ","Finfish and Shellfish Products","100g serving",100,g,0,0,0,0.5,0
"Fish, haddock, raw","Finfish and Shellfish Products","1 serving (176g)",100,g,74,16.3,0,0.5,0
"Proximates, Pollock, raw (CT) - NFY060DMV","Finfish and Shellfish Products","100g serving",100,g,0,0,0,0.5,0
"Proximates, Pollock, raw (NC) - NFY060DLV","Finfish and Shellfish Products","100g serving",100,g,0,0,0,0.4,0
"Proximates, Pollock, raw (OK) - NFY060DM7","Finfish and Shellfish Products","100g serving",100,g,0,0,0,0.4,0
"Proximates, Pollock, raw (MO) - NFY060DNV","Finfish and Shellfish Products","100g serving",100,g,0,0,0,0.2,0
"Proximates, Pollock, raw (CO) - NFY060DMJ","Finfish and Shellfish Products","100g serving",100,g,0,0,0,0.5,0
"Proximates, Pollock, raw (IN) - NFY060DN7","Finfish and Shellfish Products","100g serving",100,g,0,0,0,0.5,0
"Proximates, Pollock, raw (MI) - NFY060DP7","Finfish and Shellfish Products","100g serving",100,g,0,0,0,0.4,0
"Proximates, Pollock, raw (NY) - NFY060DO7","Finfish and Shellfish Products","100g serving",100,g,0,0,0,0.4,0
"Fish, pollock, raw","Finfish and Shellfish Products","1 serving (177g)",100,g,56,12.3,0,0.4,0
"Proximates, Tuna, canned, in water, drained solids, BUMBLEBEE CHUNK LIGHT, IN WATER (CA2,NC) - NFY090S13","Finfish and Shellfish Products","100g serving",100,g,0,0,0,0.9,0
"Proximates, Tuna, canned, in water, drained solids, BUMBLEBEE CHUNK LIGHT, IN WATER (FL,MO) - NFY090S1K","Finfish and Shellfish Products","100g serving",100,g,0,0,0,1,0
"Proximates, Tuna, canned, in water, drained solids, BUMBLEBEE CHUNK LIGHT, IN WATER (IN,NY) - NFY090S0B","Finfish and Shellfish Products","100g serving",100,g,0,0,0,1.1,0
"Proximates, Tuna, canned, in water, drained solids, BUMBLEBEE CHUNK LIGHT, IN WATER (CO,CT) - NFY090S1C","Finfish and Shellfish Products","100g serving",100,g,0,0,0,1.3,0
"Proximates, Tuna, canned, in water, drained solids, BUMBLEBEE CHUNK LIGHT, IN WATER (AL,CA1) - NFY090S0S","Finfish and Shellfish Products","100g serving",100,g,0,0,0,1.3,0
"Proximates, Tuna, canned, in water, drained solids, BUMBLEBEE CHUNK LIGHT, IN WATER (MI,OK) - NFY090S1T","Finfish and Shellfish Products","100g serving",100,g,0,0,0,1.1,0
"Proximates, Tuna, canned, in water, drained solids, CHICKEN OF THE SEA CHUNK LIGHT, IN WATER (IN,NY) - NFY090S21","Finfish and Shellfish Products","100g serving",100,g,0,0,0,0.9,0
"Proximates, Tuna, canned, in water, drained solids, CHICKEN OF THE SEA CHUNK LIGHT, IN WATER (VA,NC) - NFY090S2T","Finfish and Shellfish Products","100g serving",100,g,0,0,0,0.8,0
"Proximates, Tuna, canned, in water, drained solids, CHICKEN OF THE SEA CHUNK LIGHT, IN WATER (FL,MO) - NFY090S3A","Finfish and Shellfish Products","100g serving",100,g,0,0,0,1,0
"Proximates, Tuna, canned, in water, drained solids, CHICKEN OF THE SEA CHUNK LIGHT, IN WATER (CO,CT) - NFY090S32","Finfish and Shellfish Products","100g serving",100,g,0,0,0,0.9,0
"Proximates, Tuna, canned, in water, drained solids, CHICKEN OF THE SEA CHUNK LIGHT, IN WATER (MI,OK) - NFY090S3J","Finfish and Shellfish Products","100g serving",100,g,0,0,0,1,0
"Proximates, Tuna, canned, in water, drained solids, STARKIST, CHUNK LIGHT, IN WATER (IN,NY) - NFY090S3R","Finfish and Shellfish Products","100g serving",100,g,0,0,0,1.2,0
"Proximates, Tuna, canned, in water, drained solids, CHICKEN OF THE SEA CHUNK LIGHT, IN WATER (VA,CA1) - NFY090S2I","Finfish and Shellfish Products","100g serving",100,g,0,0,0,1,0
"Proximates, Tuna, canned, in water, drained solids, STARKIST, CHUNK LIGHT, IN WATER (CA2,NC) - NFY090S4J","Finfish and Shellfish Products","100g serving",100,g,0,0,0,0.9,0
"Proximates, Tuna, canned, in water, drained solids, STARKIST, CHUNK LIGHT, IN WATER (FL,MO) - NFY090S50","Finfish and Shellfish Products","100g serving",100,g,0,0,0,0.9,0
"Proximates, Tuna, canned, in water, drained solids, STARKIST, CHUNK LIGHT, IN WATER (CO,CT) - NFY090S4S","Finfish and Shellfish Products","100g serving",100,g,0,0,0,0.9,0
"Proximates, Tuna, canned, in water, drained solids, store brand, AMERICAS CHOICE & KROGER (IN,NY) - NFY090S5H","Finfish and Shellfish Products","100g serving",100,g,0,0,0,0.8,0
"Proximates, Tuna, canned, in water, drained solids, STARKIST, CHUNK LIGHT, IN WATER (MI,OK) - NFY090S59","Finfish and Shellfish Products","100g serving",100,g,0,0,0,1.1,0
"Proximates, Tuna, canned, in water, drained solids, store brand, MY ESSENTIALS & SUNNY SELECT (CA2,NC) - NFY090S69","Finfish and Shellfish Products","100g serving",100,g,0,0,0,1,0
"Proximates, Tuna, canned, in water, drained solids, STARKIST, CHUNK LIGHT, IN WATER (AL,CA1) - NFY090S48","Finfish and Shellfish Products","100g serving",100,g,0,0,0,1,0
"Proximates, Tuna, canned, in water, drained solids, store brand, GREAT VALUE & MIDWEST COUNTRY FARE (FL,MO) - NFY090S6Q","Finfish and Shellfish Products","100g serving",100,g,0,0,0,0.9,0
"Proximates, Tuna, canned, in water, drained solids, store brand, SAFEWAY & SHOP RITE (CO,CT) - NFY090S6I","Finfish and Shellfish Products","100g serving",100,g,0,0,0,1,0
"Proximates, Tuna, canned, in water, drained solids, store brand, GREAT VALUE & KROGER (MI,OK) - NFY090S6Z","Finfish and Shellfish Products","100g serving",100,g,0,0,0,0.8,0
"Tuna; chunk light; canned in water; drained solids","Finfish and Shellfish Products","100g serving",100,g,0,0,0,0.9,0
"Proximates, Tuna, canned, in water, drained solids, store brand, GREAT VALUE & SAFEWAY (AL,CA1) - NFY090S5Y","Finfish and Shellfish Products","100g serving",100,g,0,0,0,0.9,0
"Fish, tuna, light, canned in water, drained solids","Finfish and Shellfish Products","drained solids (107g)",100,g,90,19,0.1,0.9,0
"Proximates, Sugar, Granulated, White, store brand (CA2, NC1, OK1) - NFY040XER","Sweets","100g serving",100,g,0,0,0,0.3,0
"Proximates, Sugar, Granulated, White, Name brand (CA2, NC1, OK1) - NFY040XDN","Sweets","100g serving",100,g,0,0,0,0.2,0
"Proximates, Sugar, Granulated, White, Name brand (CO2, CT1, IN1) - NFY040XDX","Sweets","100g serving",100,g,0,0,0,0.2,0
"Proximates, Sugar, Granulated, White, Name brand (FL1, MO1, NY1) - NFY040XE7","Sweets","100g serving",100,g,0,0,0,0.1,0
"Proximates, Sugar, Granulated, White, store brand (CO2, CT1, IN1) - NFY040XF1","Sweets","100g serving",100,g,0,0,0,0.6,0
"Total lipid, Sugar, Granulated, White, name brand (AL1, CA1, MI1) - NFY040XEJ","Sweets","100g serving",100,g,0,0,0,0,0
"Proximates, Sugar, Granulated, White, Name brand (AL1, CA1, MI1) - NFY040XEH","Sweets","100g serving",100,g,0,0,0,0.6,0
"Proximates, Sugar, Granulated, White, store brand (FL1, MO1, NY1) - NFY040XFB","Sweets","100g serving",100,g,0,0,0,0.3,0
"Proximates, Sugar, Granulated, White, store brand (AL1, CA1, MI1) - NFY040XFL","Sweets","100g serving",100,g,0,0,0,0.5,0
"Sugars, granulated","Sweets","1 serving (4g)",100,g,385,0,99.6,0.3,0
"Proximates, Sweet And Sour Pork, Chinese restaurant (IN1,NY1) - NFY0903IK","Restaurant Foods","100g serving",100,g,0,0,0,14.8,0
"Proximates, Sweet And Sour Pork, Chinese restaurant (CA2,NC1) - NFY0903JU","Restaurant Foods","100g serving",100,g,0,0,0,3.3,0
"Proximates, Sweet And Sour Pork, Chinese restaurant (CA1,VA) - NFY0903J7","Restaurant Foods","100g serving",100,g,0,0,0,17,0
"Proximates, Sweet And Sour Pork, Chinese restaurant (MI1,VA3) - NFY0903LR","Restaurant Foods","100g serving",100,g,0,0,0,16,0
"Proximates, Sweet And Sour Pork, Chinese restaurant (CO1,CT1) - NFY0903KH","Restaurant Foods","100g serving",100,g,0,0,0,14.2,0
"Proximates, Sweet And Sour Pork, Chinese restaurant (VA2,WV) - NFY0903L4","Restaurant Foods","100g serving",100,g,0,0,0,16.4,0
"Restaurant, Chinese, sweet and sour pork","Restaurant Foods","1 serving (611g)",100,g,260,8.9,25.5,13.6,1
"Proximates, Chinese Restaurant, Fried Rice (No Meat) (NY) - NFY1209PM","Restaurant Foods","100g serving",100,g,0,0,0,2.2,0
"Proximates, Chinese Restaurant, Fried Rice (No Meat) (IN) - NFY120A4R","Restaurant Foods","100g serving",100,g,0,0,0,3.1,0
"Proximates, Chinese Restaurant, Fried Rice (No Meat) (AL) - NFY1209PT","Restaurant Foods","100g serving",100,g,0,0,0,3.8,0
"Proximates, Chinese Restaurant, Fried Rice (No Meat) (NC) - NFY1209QE","Restaurant Foods","100g serving",100,g,0,0,0,1.3,0
"Proximates, Chinese Restaurant, Fried Rice (No Meat) (CA1) - NFY1209Q0","Restaurant Foods","100g serving",100,g,0,0,0,6.4,0
"Proximates, Chinese Restaurant, Fried Rice (No Meat) (CO) - NFY1209QL","Restaurant Foods","100g serving",100,g,0,0,0,4.2,0
"Proximates, Chinese Restaurant, Fried Rice (No Meat) (CA2) - NFY1209Q7","Restaurant Foods","100g serving",100,g,0,0,0,2.4,0
"Proximates, Chinese Restaurant, Fried Rice (No Meat) (MO) - NFY1209R6","Restaurant Foods","100g serving",100,g,0,0,0,2.9,0
"Proximates, Chinese Restaurant, Fried Rice (No Meat) (MI) - NFY1209RD","Restaurant Foods","100g serving",100,g,0,0,0,4.3,0
"Proximates, Chinese Restaurant, Fried Rice (No Meat) (CT) - NFY1209QS","Restaurant Foods","100g serving",100,g,0,0,0,2,0
"Proximates, Chinese Restaurant, Fried Rice (No Meat) (FL) - NFY1209QZ","Restaurant Foods","100g serving",100,g,0,0,0,2.5,0
"Proximates, Chinese Restaurant, Fried Rice (No Meat) (OK) - NFY1209RK","Restaurant Foods","100g serving",100,g,0,0,0,3.2,0
"Restaurant, Chinese, fried rice, without meat","Restaurant Foods","1 serving (133g)",100,g,174,3.8,32.5,3.2,0
"Proximates, Tamale, Pork (NM) - NFY09029O","Restaurant Foods","100g serving",100,g,0,0,0,9.1,0
"Proximates, Tamale, Pork (CA-SB) - NFY090294","Restaurant Foods","100g serving",100,g,0,0,0,9.6,0
"Proximates, Tamale, Pork (TX-HA,NV) - NFY0902AA","Restaurant Foods","100g serving",100,g,0,0,0,10.9,0
"Proximates, Tamale, Pork (CA-AL,IL) - NFY09027Y","Restaurant Foods","100g serving",100,g,0,0,0,9.2,0
"Proximates, Tamale, Pork (CA-LA,CA-SD) - NFY0902AU","Restaurant Foods","100g serving",100,g,0,0,0,10.2,0
"Proximates, Tamale, Pork (TX-TR) - NFY09028I","Restaurant Foods","100g serving",100,g,0,0,0,5.2,0
"Restaurant, Latino, tamale, pork","Restaurant Foods","1 serving (142g)",100,g,174,7.4,15.8,9,2.4
"Proximates, Pupusas, Bean, flat stuffed corn biscuit (CA-AL,IL) - NFY0901VC","Restaurant Foods","100g serving",100,g,0,0,0,9.3,0
"Proximates, Pupusas, Bean, flat stuffed corn biscuit (TX-HA,NV) - NFY0901XC","Restaurant Foods","100g serving",100,g,0,0,0,9.5,0
"Proximates, Pupusas, Bean, flat stuffed corn biscuit (FL,CA-SB) - NFY0901WC","Restaurant Foods","100g serving",100,g,0,0,0,11.3,0
"Proximates, Pupusas, Bean, flat stuffed corn biscuit (TX-TR) - NFY0901VT","Restaurant Foods","100g serving",100,g,0,0,0,5.1,0
"Proximates, Pupusas, Bean, flat stuffed corn biscuit (CA-LA) - NFY0901XT","Restaurant Foods","100g serving",100,g,0,0,0,10.7,0
"Proximates, Pupusas, Bean, flat stuffed corn biscuit (MD,NM) - NFY0901WT","Restaurant Foods","100g serving",100,g,0,0,0,8.2,0
"Restaurant, Latino, pupusas con frijoles (pupusas, bean)","Restaurant Foods","1 serving (126g)",100,g,229,5.6,31.5,9,5.8
"Proximates, Beef, Boneless Top Loin steak, lean only, raw, animal 3, lowerchoice","Beef Products","100g serving",100,g,0,22.4,0,7,0
"Proximates, Beef, Boneless Top Loin steak, lean only, raw, animal 14, lowerchoice","Beef Products","100g serving",100,g,0,23.8,0,6.9,0
"Proximates, Beef, Boneless Top Loin steak, lean only, raw, animal 1, upperchoice","Beef Products","100g serving",100,g,0,21.7,0,10.4,0
"Proximates, Beef, Boneless Top Loin steak, lean only, raw, animal 12, upperchoice","Beef Products","100g serving",100,g,0,23.1,0,9.1,0
"Proximates, Beef, Boneless Top Loin steak, lean only, raw, animal 13, upperchoice","Beef Products","100g serving",100,g,0,23.5,0,6.7,0
"Proximates, Beef, Boneless Top Loin steak, lean only, raw, animal 19, upperchoice","Beef Products","100g serving",100,g,0,23,0,5.8,0
"Proximates, Beef, Boneless Top Loin steak, lean only, raw, animal 2, upperchoice","Beef Products","100g serving",100,g,0,22.2,0,10.1,0
"Proximates, Beef, Boneless Top Loin steak, lean only, raw, animal 24, upperchoice","Beef Products","100g serving",100,g,0,22.3,0,6.2,0
"Proximates, Beef, Boneless Top Loin steak, lean only, raw, animal 25, upperchoice","Beef Products","100g serving",100,g,0,21.9,0,6.5,0
"Proximates, Beef, Boneless Top Loin steak, lean only, raw, animal 30, upperchoice","Beef Products","100g serving",100,g,0,23.6,0,5,0
"Proximates, Beef, Boneless Top Loin steak, lean only, raw, animal 31, upperchoice","Beef Products","100g serving",100,g,0,22.1,0,4.2,0
"Proximates, Beef, Boneless Top Loin steak, lean only, raw, animal 32, upperchoice","Beef Products","100g serving",100,g,0,22.3,0,2.3,0
"Proximates, Beef, Boneless Top Loin steak, lean only, raw, animal 6, upperchoice","Beef Products","100g serving",100,g,0,23.5,0,6.3,0
"Proximates, Beef, Boneless Top Loin steak, lean only, raw, animal 7, upperchoice","Beef Products","100g serving",100,g,0,22.7,0,7.3,0
"Proximates, Beef, Boneless Top Loin steak, lean only, raw, animal 15, lowerchoice","Beef Products","100g serving",100,g,0,23.7,0,6.2,0
"Proximates, Beef, Boneless Top Loin steak, lean only, raw, animal 20, lowerchoice","Beef Products","100g serving",100,g,0,23.2,0,6.7,0
"Proximates, Beef, Boneless Top Loin steak, lean only, raw, animal 21, lowerchoice","Beef Products","100g serving",100,g,0,23.9,0,4.4,0
"Proximates, Beef, Boneless Top Loin steak, lean only, raw, animal 26, lowerchoice","Beef Products","100g serving",100,g,0,22.9,0,4.8,0
"Proximates, Beef, Boneless Top Loin steak, lean only, raw, animal 27, lowerchoice","Beef Products","100g serving",100,g,0,22,0,7.5,0
"Proximates, Beef, Boneless Top Loin steak, lean only, raw, animal 33, lowerchoice","Beef Products","100g serving",100,g,0,22.7,0,4.2,0
"Proximates, Beef, Boneless Top Loin steak, lean only, raw, animal 34, lowerchoice","Beef Products","100g serving",100,g,0,22.6,0,4.6,0
"Proximates, Beef, Boneless Top Loin steak, lean only, raw, animal 4, lowerchoice","Beef Products","100g serving",100,g,0,22.4,0,7.4,0
"Proximates, Beef, Boneless Top Loin steak, lean only, raw, animal 8, lowerchoice","Beef Products","100g serving",100,g,0,23.4,0,5.4,0
"Proximates, Beef, Boneless Top Loin steak, lean only, raw, animal 9, lowerchoice","Beef Products","100g serving",100,g,0,23.3,0,8.3,0
"Beef, loin, top loin steak, boneless, lip-on, separable lean only, trimmed to 1/8"" fat, choice, raw","Beef Products","raw (284g)",100,g,155,22.8,0,6.4,0
"Proximates, Beef, Tenderloin Roast, lean only, cooked, animal 5, select","Beef Products","100g serving",100,g,0,25.6,0,9.5,0
"Proximates, Beef, Tenderloin Roast, lean only, cooked, animal 18, select","Beef Products","100g serving",100,g,0,28.9,0,5.1,0
"Proximates, Beef, Tenderloin Roast, lean only, cooked, animal 22, select","Beef Products","100g serving",100,g,0,27.8,0,5.6,0
"Proximates, Beef, Tenderloin Roast, lean only, cooked, animal 23, select","Beef Products","100g serving",100,g,0,27,0,8.5,0
"Proximates, Beef, Tenderloin Roast, lean only, cooked, animal 28, select","Beef Products","100g serving",100,g,0,27.8,0,3.9,0
"Proximates, Beef, Tenderloin Roast, lean only, cooked, animal 29, select","Beef Products","100g serving",100,g,0,27.8,0,8,0
"Proximates, Beef, Tenderloin Roast, lean only, cooked, animal 35, select","Beef Products","100g serving",100,g,0,26.5,0,6.3,0
"Proximates, Beef, Tenderloin Roast, lean only, cooked, animal 10, select","Beef Products","100g serving",100,g,0,29.1,0,5.2,0
"Proximates, Beef, Tenderloin Roast, lean only, cooked, animal 11, select","Beef Products","100g serving",100,g,0,28.8,0,5.1,0
"Proximates, Beef, Tenderloin Roast, lean only, cooked, animal 16, select","Beef Products","100g serving",100,g,0,29.1,0,4.2,0
"Proximates, Beef, Tenderloin Roast, lean only, cooked, animal 17, select","Beef Products","100g serving",100,g,0,26.5,0,10.7,0
"Proximates, Beef, Tenderloin Roast, lean only, cooked, animal 36, select","Beef Products","100g serving",100,g,0,26.9,0,4.3,0
"Beef, loin, tenderloin roast, separable lean only, boneless, trimmed to 0"" fat, select, cooked, roasted","Beef Products","cooked (462g)",100,g,176,27.7,0,6.4,0
"Beef, round, eye of round roast, boneless, separable lean only, trimmed to 0"" fat, select, raw","Beef Products","raw (690g)",100,g,122,23.4,0,2.5,0
"Proximates, Beef, Top Round roast/steak, lean only, raw, animal 5, select","Beef Products","100g serving",100,g,0,23.8,0,2.8,0
"Proximates, Beef, Top Round roast/steak, lean only, raw, animal 10, select","Beef Products","100g serving",100,g,0,24.9,0,2.4,0
"Proximates, Beef, Top Round roast/steak, lean only, raw, animal 11, select","Beef Products","100g serving",100,g,0,23.8,0,2.6,0
"Proximates, Beef, Top Round roast/steak, lean only, raw, animal 16, select","Beef Products","100g serving",100,g,0,24.2,0,2,0
"Proximates, Beef, Top Round roast/steak, lean only, raw, animal 17, select","Beef Products","100g serving",100,g,0,23.8,0,3.5,0
"Proximates, Beef, Top Round roast/steak, lean only, raw, animal 18, select","Beef Products","100g serving",100,g,0,24.9,0,2.4,0
"Proximates, Beef, Top Round roast/steak, lean only, raw, animal 22, select","Beef Products","100g serving",100,g,0,23.6,0,2.8,0
"Proximates, Beef, Top Round roast/steak, lean only, raw, animal 23, select","Beef Products","100g serving",100,g,0,23.2,0,4.2,0
"Proximates, Beef, Top Round roast/steak, lean only, raw, animal 28, select","Beef Products","100g serving",100,g,0,22.7,0,1.2,0
"Proximates, Beef, Top Round roast/steak, lean only, raw, animal 29, select","Beef Products","100g serving",100,g,0,23.9,0,1.3,0
"Proximates, Beef, Top Round roast/steak, lean only, raw, animal 35, select","Beef Products","100g serving",100,g,0,22.8,0,0.5,0
"Proximates, Beef, Top Round roast/steak, lean only, raw, animal 36, select","Beef Products","100g serving",100,g,0,22.2,0,3.3,0
"Beef, round, top round roast, boneless, separable lean only, trimmed to 0"" fat, select, raw","Beef Products","raw (788g)",100,g,123,23.7,0,2.4,0
"Proximates, Beef, T-Bone Steak, lean only, cooked, animal 12, upperchoice","Beef Products","100g serving",100,g,0,27.9,0,11.3,0
"Proximates, Beef, T-Bone Steak, lean only, cooked, animal 1, upperchoice","Beef Products","100g serving",100,g,0,25.4,0,14,0
"Proximates, Beef, T-Bone Steak, lean only, cooked, animal 19, upperchoice","Beef Products","100g serving",100,g,0,26.3,0,14,0
"Proximates, Beef, T-Bone Steak, lean only, cooked, animal 24, upperchoice","Beef Products","100g serving",100,g,0,27.7,0,12.9,0
"Proximates, Beef, T-Bone Steak, lean only, cooked, animal 25, upperchoice","Beef Products","100g serving",100,g,0,28.3,0,10.2,0
"Proximates, Beef, T-Bone Steak, lean only, cooked, animal 30, upperchoice","Beef Products","100g serving",100,g,0,27,0,15,0
"Proximates, Beef, T-Bone Steak, lean only, cooked, animal 31, upperchoice","Beef Products","100g serving",100,g,0,27,0,12.8,0
"Proximates, Beef, T-Bone Steak, lean only, cooked, animal 32, upperchoice","Beef Products","100g serving",100,g,0,25.4,0,14.3,0
"Proximates, Beef, T-Bone Steak, lean only, cooked, animal 2, upperchoice","Beef Products","100g serving",100,g,0,24.6,0,12.4,0
"Proximates, Beef, T-Bone Steak, lean only, cooked, animal 6, upperchoice","Beef Products","100g serving",100,g,0,28,0,10.8,0
"Proximates, Beef, T-Bone Steak, lean only, cooked, animal 7, upperchoice","Beef Products","100g serving",100,g,0,27.9,0,8.8,0
"Proximates, Beef, T-Bone Steak, lean only, cooked, animal 13, upperchoice","Beef Products","100g serving",100,g,0,28.2,0,11,0
"Proximates, Beef, T-Bone Steak, lean only, cooked, animal 20, lowerchoice","Beef Products","100g serving",100,g,0,26.7,0,10.8,0
"Proximates, Beef, T-Bone Steak, lean only, cooked, animal 21, lowerchoice","Beef Products","100g serving",100,g,0,28,0,11,0
"Proximates, Beef, T-Bone Steak, lean only, cooked, animal 3, lowerchoice","Beef Products","100g serving",100,g,0,26.4,0,12.8,0
"Proximates, Beef, T-Bone Steak, lean only, cooked, animal 4, lowerchoice","Beef Products","100g serving",100,g,0,25.8,0,15.5,0
"Proximates, Beef, T-Bone Steak, lean only, cooked, animal 8, lowerchoice","Beef Products","100g serving",100,g,0,28.5,0,7.4,0
"Proximates, Beef, T-Bone Steak, lean only, cooked, animal 9, lowerchoice","Beef Products","100g serving",100,g,0,28.6,0,7.7,0
"Proximates, Beef, T-Bone Steak, lean only, cooked, animal 14, lowerchoice","Beef Products","100g serving",100,g,0,27.9,0,8.8,0
"Proximates, Beef, T-Bone Steak, lean only, cooked, animal 15, lowerchoice","Beef Products","100g serving",100,g,0,30.4,0,8.5,0
"Proximates, Beef, T-Bone Steak, lean only, cooked, animal 26, lowerchoice","Beef Products","100g serving",100,g,0,29.9,0,7.8,0
"Proximates, Beef, T-Bone Steak, lean only, cooked, animal 27, lowerchoice","Beef Products","100g serving",100,g,0,26.3,0,12.9,0
"Proximates, Beef, T-Bone Steak, lean only, cooked, animal 33, lowerchoice","Beef Products","100g serving",100,g,0,27.9,0,11.1,0
"Proximates, Beef, T-Bone Steak, lean only, cooked, animal 34, lowerchoice","Beef Products","100g serving",100,g,0,26,0,11.4,0
"Beef, short loin, t-bone steak, bone-in, separable lean only, trimmed to 1/8"" fat, choice, cooked, grilled","Beef Products","cooked (360g)",100,g,219,27.3,0,11.4,0
"Proximates, Beef, Porterhouse Steak, lean only, raw, animal 5, select","Beef Products","100g serving",100,g,0,21.5,0,6.6,0
"Proximates, Beef, Porterhouse Steak, lean only, raw, animal 10, select","Beef Products","100g serving",100,g,0,23.5,0,4.9,0
"Proximates, Beef, Porterhouse Steak, lean only, raw, animal 11, select","Beef Products","100g serving",100,g,0,22.9,0,5.4,0
"Proximates, Beef, Porterhouse Steak, lean only, raw, animal 16, select","Beef Products","100g serving",100,g,0,23.5,0,4.1,0
"Proximates, Beef, Porterhouse Steak, lean only, raw, animal 17, select","Beef Products","100g serving",100,g,0,23.1,0,6.9,0
"Proximates, Beef, Porterhouse Steak, lean only, raw, animal 18, select","Beef Products","100g serving",100,g,0,23.8,0,3.8,0
"Proximates, Beef, Porterhouse Steak, lean only, raw, animal 22, select","Beef Products","100g serving",100,g,0,23.6,0,6.4,0
"Proximates, Beef, Porterhouse Steak, lean only, raw, animal 23, select","Beef Products","100g serving",100,g,0,22.4,0,5.9,0
"Proximates, Beef, Porterhouse Steak, lean only, raw, animal 28, select","Beef Products","100g serving",100,g,0,22.4,0,4.1,0
"Proximates, Beef, Porterhouse Steak, lean only, raw, animal 29, select","Beef Products","100g serving",100,g,0,22.3,0,4.6,0
"Proximates, Beef, Porterhouse Steak, lean only, raw, animal 35, select","Beef Products","100g serving",100,g,0,22,0,4.1,0
"Proximates, Beef, Porterhouse Steak, lean only, raw, animal 36, select","Beef Products","100g serving",100,g,0,21,0,7,0
"Beef, short loin, porterhouse steak, separable lean only, trimmed to 1/8"" fat, select, raw","Beef Products","raw (525g)",100,g,145,22.7,0,5.3,0
"Proximates, Whole wheat bread, Store brand/other (IN,NY) - NFY1204QM","Baked Products","100g serving",100,g,0,0,0,3.4,0
"Proximates, Whole wheat bread, Store brand/other (CA2,CT) - NFY1204RE","Baked Products","100g serving",100,g,0,0,0,4,0
"Proximates, Whole wheat bread, NATURES OWN (FL,NC) - NFY1204Q6","Baked Products","100g serving",100,g,0,0,0,3.5,0
"Proximates, Whole wheat bread, STROEHMANN DUTCH COUNTY (NY) - NFY1204M8","Baked Products","100g serving",100,g,0,0,0,3.2,0
"Proximates, Whole wheat bread, NATURES OWN (IN,CT) - NFY1204PE","Baked Products","100g serving",100,g,0,0,0,3.3,0
"Proximates, Whole wheat bread, Store brand/other (AL,OK) - NFY1204QY","Baked Products","100g serving",100,g,0,0,0,3.6,0
"Proximates, Whole wheat bread, NATURES OWN (AL,OK) - NFY1204OL","Baked Products","100g serving",100,g,0,0,0,3.2,0
"Proximates, Whole wheat bread, Store brand/other (FL,MO) - NFY1204S6","Baked Products","100g serving",100,g,0,0,0,3.9,0
"Proximates, Whole wheat bread, Store brand/other (CA1,CO) - NFY1204RQ","Baked Products","100g serving",100,g,0,0,0,3.8,0
"Proximates, Whole wheat bread, Store brand/other (MI,NC) - NFY1204SI","Baked Products","100g serving",100,g,0,0,0,3.6,0
"Bread, whole-wheat, commercially prepared","Baked Products","1 serving (32.1g)",100,g,254,12.3,43.1,3.6,6
"Beans, Dry, Dark Red Kidney, 11F-8074 (0% moisture)","Legumes and Legume Products","100g serving",100,g,0,27,0,1.5,4.2
"Beans, Dry, Dark Red Kidney, 11F-8130 (0% moisture)","Legumes and Legume Products","100g serving",100,g,0,25.6,0,1.4,4.5
"Beans, Dry, Dark Red Kidney, 11F-8040 (0% moisture)","Legumes and Legume Products","100g serving",100,g,0,25.4,0,1.3,4.2
"Beans, Dry, Dark Red Kidney, 11F-8132 (0% moisture)","Legumes and Legume Products","100g serving",100,g,0,25.5,0,1.1,4.3
"Beans, Dry, Dark Red Kidney (0% moisture)","Legumes and Legume Products","100g serving",100,g,0,25.9,0,1.3,4.3
"Beans, Dry, Pink, 11F-8082 (0% moisture)","Legumes and Legume Products","100g serving",100,g,0,23.2,0,1.5,4.5
"Beans, Dry, Pink, 11F-8190 (0% moisture)","Legumes and Legume Products","100g serving",100,g,0,24.9,0,1.2,3.8
"Beans, Dry, Pink, 11F-8034 (0% moisture)","Legumes and Legume Products","100g serving",100,g,0,24.3,0,1.2,4.2
"Beans, Dry, Pink, 11F-8188 (0% moisture)","Legumes and Legume Products","100g serving",100,g,0,25.1,0,0.9,4.2
"Beans, Dry, Pink, 11F-8197 (0% moisture)","Legumes and Legume Products","100g serving",100,g,0,24.4,0,1.2,4.3
"Beans, Dry, Pink, 11F-8084 (0% moisture)","Legumes and Legume Products","100g serving",100,g,0,25.3,0,1.4,4.4
"Beans, Dry, Pink, 11F-8193 (0% moisture)","Legumes and Legume Products","100g serving",100,g,0,24.5,0,1.1,4.2
"Beans, Dry, Pink, 11F-8058 (0% moisture)","Legumes and Legume Products","100g serving",100,g,0,24.2,0,1.4,4.5
"Beans, Dry, Pink, 11F-8149 (0% moisture)","Legumes and Legume Products","100g serving",100,g,0,25,0,1.1,4.5
"Beans, Dry, Pink, 11F-8059 (0% moisture)","Legumes and Legume Products","100g serving",100,g,0,23.2,0,1.1,4.1
"Beans, Dry, Pink, 11F-8124 (0% moisture)","Legumes and Legume Products","100g serving",100,g,0,23.6,0,1.4,4.3
"Beans, Dry, Pink, 11F-8041 (0% moisture)","Legumes and Legume Products","100g serving",100,g,0,23.8,0,1.2,4.6
"Beans, Dry, Pink, 11F-8156 (0% moisture)","Legumes and Legume Products","100g serving",100,g,0,25.2,0,1.1,4.4
"Beans, Dry, Pink, 11F-8019 (0% moisture)","Legumes and Legume Products","100g serving",100,g,0,24.2,0,1,4.3
"Beans, Dry, Pink, 11F-8136 (0% moisture)","Legumes and Legume Products","100g serving",100,g,0,23.8,0,1.5,4.5
"Beans, Dry, Pink, 11F-8018 (0% moisture)","Legumes and Legume Products","100g serving",100,g,0,24.8,0,1.4,4.4
"Beans, Dry, Pink, 11F-8187 (0% moisture)","Legumes and Legume Products","100g serving",100,g,0,23.9,0,1.2,4.4
"Beans, Dry, Pink, 11F-8105 (0% moisture)","Legumes and Legume Products","100g serving",100,g,0,23.9,0,1.2,4.4
"Beans, Dry, Pink, 483 (0% moisture)","Legumes and Legume Products","100g serving",100,g,0,25,0,1.1,4
"Beans, Dry, Pink, 641 (0% moisture)","Legumes and Legume Products","100g serving",100,g,0,22,0,1.1,4.1
"Beans, Dry, Pink, 481 (0% moisture)","Legumes and Legume Products","100g serving",100,g,0,25.7,0,1.2,4.1
"Beans, Dry, Pink, 817 (0% moisture)","Legumes and Legume Products","100g serving",100,g,0,25.4,0,1.2,4.2
"Beans, Dry, Pink, 399 (0% moisture)","Legumes and Legume Products","100g serving",100,g,0,20.6,0,1.7,4
"Beans, Dry, Pink, 779 (0% moisture)","Legumes and Legume Products","100g serving",100,g,0,22.1,0,1.6,4.2
"Beans, Dry, Pink, 430 (0% moisture)","Legumes and Legume Products","100g serving",100,g,0,24.5,0,0.9,3.8
"Beans, Dry, Pink, 699 (0% moisture)","Legumes and Legume Products","100g serving",100,g,0,24.3,0,1,3.9
"Beans, Dry, Pink, 478 (0% moisture)","Legumes and Legume Products","100g serving",100,g,0,24.5,0,1,3.7
"Beans, Dry, Pink, 803 (0% moisture)","Legumes and Legume Products","100g serving",100,g,0,24.3,0,0.9,4.1
"Beans, Dry, Pink, 504 (0% moisture)","Legumes and Legume Products","100g serving",100,g,0,23.8,0,1.1,3.9
"Beans, Dry, Pink, 636 (0% moisture)","Legumes and Legume Products","100g serving",100,g,0,21,0,1.3,3.9
"Beans, Dry, Pink, 404 (0% moisture)","Legumes and Legume Products","100g serving",100,g,0,22.9,0,1.3,4
"Beans, Dry, Pink, 794 (0% moisture)","Legumes and Legume Products","100g serving",100,g,0,23.5,0,1.2,4
"Beans, Dry, Pink, 461 (0% moisture)","Legumes and Legume Products","100g serving",100,g,0,22.6,0,1.2,3.8
"Beans, Dry, Pink, 629 (0% moisture)","Legumes and Legume Products","100g serving",100,g,0,23.2,0,1.1,3.8
"Beans, Dry, Pink, 411 (0% moisture)","Legumes and Legume Products","100g serving",100,g,0,21,0,1.7,4
"Beans, Dry, Pink, 732 (0% moisture)","Legumes and Legume Products","100g serving",100,g,0,23.1,0,1.4,4
"Beans, Dry, Pink, 342 (0% moisture)","Legumes and Legume Products","100g serving",100,g,0,26,0,1.4,4.5
"Beans, Dry, Pink, 502 (0% moisture)","Legumes and Legume Products","100g serving",100,g,0,24.3,0,1.4,4.4
"Beans, Dry, Pink, 819 (0% moisture)","Legumes and Legume Products","100g serving",100,g,0,26,0,1.4,4.4
"Beans, Dry, Pink, 359 (0% moisture)","Legumes and Legume Products","100g serving",100,g,0,21.6,0,1.1,4.1
"Beans, Dry, Pink, 687 (0% moisture)","Legumes and Legume Products","100g serving",100,g,0,21.1,0,1.1,4.2
"Beans, Dry, Pink, 321 (0% moisture)","Legumes and Legume Products","100g serving",100,g,0,21.2,0,1.1,4.1
"Beans, Dry, Pink, 739 (0% moisture)","Legumes and Legume Products","100g serving",100,g,0,22.4,0,1,4.1
"Beans, Dry, Pink, 338 (0% moisture)","Legumes and Legume Products","100g serving",100,g,0,20.6,0,1.2,4
"Beans, Dry, Pink, 712 (0% moisture)","Legumes and Legume Products","100g serving",100,g,0,21,0,1.2,3.9
"Beans, Dry, Pink, 445 (0% moisture)","Legumes and Legume Products","100g serving",100,g,0,21.8,0,1,3.9
"Beans, Dry, Pink, 796 (0% moisture)","Legumes and Legume Products","100g serving",100,g,0,21.6,0,1,4
"Beans, Dry, Pink, 477 (0% moisture)","Legumes and Legume Products","100g serving",100,g,0,23.6,0,1.1,4.2
"Beans, Dry, Pink, 752 (0% moisture)","Legumes and Legume Products","100g serving",100,g,0,23,0,1.1,4.1
"Beans, Dry, Pink, 486 (0% moisture)","Legumes and Legume Products","100g serving",100,g,0,26.5,0,1.2,4.1
"Beans, Dry, Pink, 701 (0% moisture)","Legumes and Legume Products","100g serving",100,g,0,23.4,0,1.2,4
"Beans, Dry, Pink, 433 (0% moisture)","Legumes and Legume Products","100g serving",100,g,0,20.7,0,1.6,4
"Beans, Dry, Pink, 725 (0% moisture)","Legumes and Legume Products","100g serving",100,g,0,21.8,0,1.5,3.9
"Beans, Dry, Pink, 448 (0% moisture)","Legumes and Legume Products","100g serving",100,g,0,23,0,0.9,4
"Beans, Dry, Pink, 652 (0% moisture)","Legumes and Legume Products","100g serving",100,g,0,20.8,0,0.8,3.8
"Beans, Dry, Pink, 354 (0% moisture)","Legumes and Legume Products","100g serving",100,g,0,23.1,0,1,4.1
"Beans, Dry, Pink, 664 (0% moisture)","Legumes and Legume Products","100g serving",100,g,0,21.8,0,1,4
"Beans, Dry, Pink (0% moisture)","Legumes and Legume Products","100g serving",100,g,0,23.4,0,1.2,4.1
"Beans, Dry, Navy, 11F-8043 (0% moisture)","Legumes and Legume Products","100g serving",100,g,0,23.5,0,1.2,4.5
"Beans, Dry, Navy, 11F-8162 (0% moisture)","Legumes and Legume Products","100g serving",100,g,0,23,0,1.1,4.3
"Beans, Dry, Navy, 11F-8007 (0% moisture)","Legumes and Legume Products","100g serving",100,g,0,25,0,1.1,4.2
"Beans, Dry, Navy, 11F-8195 (0% moisture)","Legumes and Legume Products","100g serving",100,g,0,24.5,0,1.2,4.4
"Beans, Dry, Navy, 11F-8027 (0% moisture)","Legumes and Legume Products","100g serving",100,g,0,25.6,0,1.4,4.4
"Beans, Dry, Navy, 11F-8165 (0% moisture)","Legumes and Legume Products","100g serving",100,g,0,25.5,0,0.9,4.1
"Beans, Dry, Navy, 11F-8098 (0% moisture)","Legumes and Legume Products","100g serving",100,g,0,23.5,0,1.2,4.5
"Beans, Dry, Navy, 11F-8107 (0% moisture)","Legumes and Legume Products","100g serving",100,g,0,24.4,0,1.1,4.1
"Beans, Dry, Navy, 11F-8028 (0% moisture)","Legumes and Legume Products","100g serving",100,g,0,23.5,0,1.5,4.7
"Beans, Dry, Navy, 11F-8179 (0% moisture)","Legumes and Legume Products","100g serving",100,g,0,23.2,0,1.2,4.5
"Beans, Dry, Navy, 11F-8030 (0% moisture)","Legumes and Legume Products","100g serving",100,g,0,25.6,0,1.7,4.3
"Beans, Dry, Navy, 11F-8143 (0% moisture)","Legumes and Legume Products","100g serving",100,g,0,26.3,0,1.2,4.5
"Beans, Dry, Navy, 11F-8004 (0% moisture)","Legumes and Legume Products","100g serving",100,g,0,25.8,0,1.4,4.3
"Beans, Dry, Navy, 11F-8183 (0% moisture)","Legumes and Legume Products","100g serving",100,g,0,25,0,1.2,3.9
"Beans, Dry, Navy, 287 (0% moisture)","Legumes and Legume Products","100g serving",100,g,0,26,0,1.6,4.7
"Beans, Dry, Navy, 613 (0% moisture)","Legumes and Legume Products","100g serving",100,g,0,25.5,0,1.5,4.7
"Beans, Dry, Navy, 289 (0% moisture)","Legumes and Legume Products","100g serving",100,g,0,23.4,0,1.7,4
"Beans, Dry, Navy, 560 (0% moisture)","Legumes and Legume Products","100g serving",100,g,0,24.5,0,1.5,4.4
"Beans, Dry, Navy, 279 (0% moisture)","Legumes and Legume Products","100g serving",100,g,0,23.1,0,1.7,4.2
"Beans, Dry, Navy, 586 (0% moisture)","Legumes and Legume Products","100g serving",100,g,0,25.2,0,1.5,4.4
"Beans, Dry, Navy, 233 (0% moisture)","Legumes and Legume Products","100g serving",100,g,0,21.3,0,1.7,4.1
"Beans, Dry, Navy, 584 (0% moisture)","Legumes and Legume Products","100g serving",100,g,0,24.5,0,1.3,4.3
"Beans, Dry, Navy, 229 (0% moisture)","Legumes and Legume Products","100g serving",100,g,0,22.5,0,1.6,4.2
"Beans, Dry, Navy, 603 (0% moisture)","Legumes and Legume Products","100g serving",100,g,0,25.3,0,1.3,4.4
"Beans, Dry, Navy, 299 (0% moisture)","Legumes and Legume Products","100g serving",100,g,0,25.4,0,1.6,4.4
"Beans, Dry, Navy, 585 (0% moisture)","Legumes and Legume Products","100g serving",100,g,0,26.2,0,1.4,4.5
"Beans, Dry, Navy, 292 (0% moisture)","Legumes and Legume Products","100g serving",100,g,0,24.6,0,1.6,4.3
"Beans, Dry, Navy, 576 (0% moisture)","Legumes and Legume Products","100g serving",100,g,0,24.3,0,1.5,4.4
"Beans, Dry, Navy, 261 (0% moisture)","Legumes and Legume Products","100g serving",100,g,0,22.8,0,1.6,4.3
"Beans, Dry, Navy, 582 (0% moisture)","Legumes and Legume Products","100g serving",100,g,0,24.5,0,1.4,4.2
"Beans, Dry, Navy, 230 (0% moisture)","Legumes and Legume Products","100g serving",100,g,0,23,0,1.9,4.2
"Beans, Dry, Navy, 557 (0% moisture)","Legumes and Legume Products","100g serving",100,g,0,25,0,1.7,4.3
"Beans, Dry, Navy, 242 (0% moisture)","Legumes and Legume Products","100g serving",100,g,0,23.9,0,1.5,4.1
"Beans, Dry, Navy, 556 (0% moisture)","Legumes and Legume Products","100g serving",100,g,0,23.6,0,1.5,4.4
"Beans, Dry, Navy, 320 (0% moisture)","Legumes and Legume Products","100g serving",100,g,0,25.6,0,1.6,4.4
"Beans, Dry, Navy, 595 (0% moisture)","Legumes and Legume Products","100g serving",100,g,0,25.8,0,1.6,4.4
"Beans, Dry, Navy, 311 (0% moisture)","Legumes and Legume Products","100g serving",100,g,0,23.7,0,1.6,4.3
"Beans, Dry, Navy, 578 (0% moisture)","Legumes and Legume Products","100g serving",100,g,0,25.2,0,1.4,4.4
"Beans, Dry, Navy, 280 (0% moisture)","Legumes and Legume Products","100g serving",100,g,0,22.1,0,1.5,4
"Beans, Dry, Navy, 598 (0% moisture)","Legumes and Legume Products","100g serving",100,g,0,24.4,0,1.5,4.1
"Beans, Dry, Navy, 245 (0% moisture)","Legumes and Legume Products","100g serving",100,g,0,22.9,0,1.4,4.1
"Beans, Dry, Navy, 605 (0% moisture)","Legumes and Legume Products","100g serving",100,g,0,24.6,0,1.2,4.2
"Beans, Dry, Navy, 262 (0% moisture)","Legumes and Legume Products","100g serving",100,g,0,22.1,0,1.7,4.3
"Beans, Dry, Navy, 588 (0% moisture)","Legumes and Legume Products","100g serving",100,g,0,22.9,0,1.7,4.4
"Beans, Dry, Navy, 284 (0% moisture)","Legumes and Legume Products","100g serving",100,g,0,24.5,0,1.7,4.2
"Beans, Dry, Navy, 599 (0% moisture)","Legumes and Legume Products","100g serving",100,g,0,25.7,0,1.6,4.4
"Beans, Dry, Navy, 256 (0% moisture)","Legumes and Legume Products","100g serving",100,g,0,23.6,0,1.4,4.2
"Beans, Dry, Navy, 524 (0% moisture)","Legumes and Legume Products","100g serving",100,g,0,23.1,0,1.4,4.4
"Beans, Dry, Navy, 476 (0% moisture)","Legumes and Legume Products","100g serving",100,g,0,25.7,0,1.5,4.2
"Beans, Dry, Navy, 260 (0% moisture)","Legumes and Legume Products","100g serving",100,g,0,22.3,0,1.5,4.1
"Beans, Dry, Navy, 771 (0% moisture)","Legumes and Legume Products","100g serving",100,g,0,24.2,0,1.5,4.3
"Beans, Dry, Navy, 627 (0% moisture)","Legumes and Legume Products","100g serving",100,g,0,24.3,0,1.5,4.1
"Beans, Dry, Navy, 255 (0% moisture)","Legumes and Legume Products","100g serving",100,g,0,23.9,0,1.5,4.3
"Beans, Dry, Navy, 568 (0% moisture)","Legumes and Legume Products","100g serving",100,g,0,24.6,0,1.5,4.4
"Beans, Dry, Navy, 294 (0% moisture)","Legumes and Legume Products","100g serving",100,g,0,23.4,0,1.6,4.2
"Beans, Dry, Navy, 589 (0% moisture)","Legumes and Legume Products","100g serving",100,g,0,22.8,0,1.7,4.3
"Beans, Dry, Navy, 246 (0% moisture)","Legumes and Legume Products","100g serving",100,g,0,20.8,0,2,4.3
"Beans, Dry, Navy, 587 (0% moisture)","Legumes and Legume Products","100g serving",100,g,0,23.1,0,1.8,4.3
"Beans, Dry, Navy, 236 (0% moisture)","Legumes and Legume Products","100g serving",100,g,0,22.6,0,1.8,4.2
"Beans, Dry, Navy, 530 (0% moisture)","Legumes and Legume Products","100g serving",100,g,0,24.1,0,1.7,4.4
"Beans, Dry, Navy, 241 (0% moisture)","Legumes and Legume Products","100g serving",100,g,0,26.6,0,1.3,4.4
"Beans, Dry, Navy, 554 (0% moisture)","Legumes and Legume Products","100g serving",100,g,0,28.9,0,1.2,4.7
"Beans, Dry, Navy, 234 (0% moisture)","Legumes and Legume Products","100g serving",100,g,0,22.4,0,1.6,4.2
"Beans, Dry, Navy, 626 (0% moisture)","Legumes and Legume Products","100g serving",100,g,0,24.4,0,1.5,4.3
"Beans, Dry, Navy, 228 (0% moisture)","Legumes and Legume Products","100g serving",100,g,0,24.3,0,1.8,4.4
"Beans, Dry, Navy, 623 (0% moisture)","Legumes and Legume Products","100g serving",100,g,0,25.5,0,1.7,4.4
"Beans, Dry, Navy, 268 (0% moisture)","Legumes and Legume Products","100g serving",100,g,0,23.5,0,1.5,4.4
"Beans, Dry, Navy, 548 (0% moisture)","Legumes and Legume Products","100g serving",100,g,0,24,0,1.4,4.4
"Beans, Dry, Navy, 386 (0% moisture)","Legumes and Legume Products","100g serving",100,g,0,22.5,0,1.4,4
"Beans, Dry, Navy, 719 (0% moisture)","Legumes and Legume Products","100g serving",100,g,0,21.3,0,1.3,4
"Beans, Dry, Navy, 253 (0% moisture)","Legumes and Legume Products","100g serving",100,g,0,25.5,0,1.3,4.4
"Beans, Dry, Navy, 523 (0% moisture)","Legumes and Legume Products","100g serving",100,g,0,23.9,0,1.4,4.4
"Beans, Dry, Navy, 319 (0% moisture)","Legumes and Legume Products","100g serving",100,g,0,22.4,0,1.7,4.4
"Beans, Dry, Navy, 609 (0% moisture)","Legumes and Legume Products","100g serving",100,g,0,22.2,0,1.6,4.1
"Beans, Dry, Navy, 422 (0% moisture)","Legumes and Legume Products","100g serving",100,g,0,24.3,0,1.8,4.2
"Beans, Dry, Navy, 313 (0% moisture)","Legumes and Legume Products","100g serving",100,g,0,25.7,0,1.7,4.4
"Beans, Dry, Navy, 721 (0% moisture)","Legumes and Legume Products","100g serving",100,g,0,24.5,0,1.7,4.3
"Beans, Dry, Navy, 561 (0% moisture)","Legumes and Legume Products","100g serving",100,g,0,24.7,0,1.6,4.3
"Beans, Dry, Navy, 283 (0% moisture)","Legumes and Legume Products","100g serving",100,g,0,25.1,0,1.5,4.5
"Beans, Dry, Navy, 525 (0% moisture)","Legumes and Legume Products","100g serving",100,g,0,24.3,0,1.4,4.2
"Beans, Dry, Navy, 264 (0% moisture)","Legumes and Legume Products","100g serving",100,g,0,23,0,1.6,4.4
"Beans, Dry, Navy, 567 (0% moisture)","Legumes and Legume Products","100g serving",100,g,0,23.2,0,1.5,4.4
"Beans, Dry, Navy, 226 (0% moisture)","Legumes and Legume Products","100g serving",100,g,0,22.9,0,1.8,4.4
"Beans, Dry, Navy, 558 (0% moisture)","Legumes and Legume Products","100g serving",100,g,0,24.1,0,1.7,4.4
"Beans, Dry, Navy, 281 (0% moisture)","Legumes and Legume Products","100g serving",100,g,0,24.9,0,1.7,4.7
"Beans, Dry, Navy, 546 (0% moisture)","Legumes and Legume Products","100g serving",100,g,0,24.6,0,1.6,4.5
"Beans, Dry, Navy, 295 (0% moisture)","Legumes and Legume Products","100g serving",100,g,0,24.3,0,1.5,4.4
"Beans, Dry, Navy, 543 (0% moisture)","Legumes and Legume Products","100g serving",100,g,0,23.4,0,1.5,4.2
"Beans, Dry, Navy, 220 (0% moisture)","Legumes and Legume Products","100g serving",100,g,0,25.3,0,1.7,4.4
"Beans, Dry, Navy, 521 (0% moisture)","Legumes and Legume Products","100g serving",100,g,0,26.7,0,1.6,4.4
"Beans, Dry, Navy, 213 (0% moisture)","Legumes and Legume Products","100g serving",100,g,0,24.5,0,1.4,4.6
"Beans, Dry, Navy, 628 (0% moisture)","Legumes and Legume Products","100g serving",100,g,0,26.9,0,1.3,4.4
"Beans, Dry, Navy, 237 (0% moisture)","Legumes and Legume Products","100g serving",100,g,0,23.8,0,1.8,4.4
"Beans, Dry, Navy, 532 (0% moisture)","Legumes and Legume Products","100g serving",100,g,0,23.8,0,1.8,4.4
"Beans, Dry, Navy, 316 (0% moisture)","Legumes and Legume Products","100g serving",100,g,0,23.8,0,1.5,4.5
"Beans, Dry, Navy, 535 (0% moisture)","Legumes and Legume Products","100g serving",100,g,0,24,0,1.5,4.5
"Beans, Dry, Navy, 290 (0% moisture)","Legumes and Legume Products","100g serving",100,g,0,25,0,1.4,4.5
"Beans, Dry, Navy, 539 (0% moisture)","Legumes and Legume Products","100g serving",100,g,0,24.4,0,1.5,4.6
"Beans, Dry, Navy, 307 (0% moisture)","Legumes and Legume Products","100g serving",100,g,0,25.3,0,1.8,4.2
"Beans, Dry, Navy, 614 (0% moisture)","Legumes and Legume Products","100g serving",100,g,0,25.1,0,1.7,4.2
"Beans, Dry, Navy, 252 (0% moisture)","Legumes and Legume Products","100g serving",100,g,0,22.6,0,1.5,4.2
"Beans, Dry, Navy, 565 (0% moisture)","Legumes and Legume Products","100g serving",100,g,0,23.9,0,1.5,4.4
"Beans, Dry, Navy, 277 (0% moisture)","Legumes and Legume Products","100g serving",100,g,0,25.3,0,1.5,4.3
"Beans, Dry, Navy, 559 (0% moisture)","Legumes and Legume Products","100g serving",100,g,0,25.3,0,1.4,4.3
"Beans, Dry, Navy, 216 (0% moisture)","Legumes and Legume Products","100g serving",100,g,0,20.2,0,1.7,4.2
"Beans, Dry, Navy, 541 (0% moisture)","Legumes and Legume Products","100g serving",100,g,0,21,0,1.7,4.3
"Beans, Dry, Navy, 312 (0% moisture)","Legumes and Legume Products","100g serving",100,g,0,21.9,0,1.5,4.2
"Beans, Dry, Navy, 551 (0% moisture)","Legumes and Legume Products","100g serving",100,g,0,22.7,0,1.5,4.3
"Beans, Dry, Navy, 257 (0% moisture)","Legumes and Legume Products","100g serving",100,g,0,22.5,0,1.6,4.2
"Beans, Dry, Navy, 555 (0% moisture)","Legumes and Legume Products","100g serving",100,g,0,24.7,0,1.4,4.4
"Beans, Dry, Navy, 308 (0% moisture)","Legumes and Legume Products","100g serving",100,g,0,24.5,0,1.4,4.3
"Beans, Dry, Navy, 612 (0% moisture)","Legumes and Legume Products","100g serving",100,g,0,22.3,0,1.4,4
"Beans, Dry, Navy (0% moisture)","Legumes and Legume Products","100g serving",100,g,0,24.1,0,1.5,4.3
"Beans, Dry, Light Red Kidney, 11F-8186 (0% moisture)","Legumes and Legume Products","100g serving",100,g,0,25,0,1,4.5
"Beans, Dry, Light Red Kidney (0% moisture)","Legumes and Legume Products","100g serving",100,g,0,25,0,1,4.5
"Beans, Dry, Brown, 351 (0% moisture)","Legumes and Legume Products","100g serving",100,g,0,25,0,1.1,4.1
"Beans, Dry, Brown, 679 (0% moisture)","Legumes and Legume Products","100g serving",100,g,0,26.1,0,1.1,4.1
"Beans, Dry, Brown (0% moisture)","Legumes and Legume Products","100g serving",100,g,0,25.6,0,1.1,4.1
"Beans, Dry, Flor de Mayo, 443 (0% moisture)","Legumes and Legume Products","100g serving",100,g,0,23.4,0,0.9,3.9
"Beans, Dry, Flor de Mayo, 823 (0% moisture)","Legumes and Legume Products","100g serving",100,g,0,23.3,0,0.9,4.1
"Beans, Dry, Flor de Mayo (0% moisture)","Legumes and Legume Products","100g serving",100,g,0,23.3,0,0.9,4
"Beans, Dry, Carioca, 11F-8001 (0% moisture)","Legumes and Legume Products","100g serving",100,g,0,25.2,0,1.5,4.7
"Beans, Dry, Carioca, 11F-8104 (0% moisture)","Legumes and Legume Products","100g serving",100,g,0,24.7,0,1.3,4.4
"Beans, Dry, Carioca, 217 (0% moisture)","Legumes and Legume Products","100g serving",100,g,0,25.8,0,1.5,4.3
"Beans, Dry, Carioca, 622 (0% moisture)","Legumes and Legume Products","100g serving",100,g,0,24.8,0,1.4,4.4
"Beans, Dry, Carioca (0% moisture)","Legumes and Legume Products","100g serving",100,g,0,25.2,0,1.4,4.5
"Beans, Dry, Tan, 11F-8005 (0% moisture)","Legumes and Legume Products","100g serving",100,g,0,27.6,0,1.3,4.7
"Beans, Dry, Tan, 11F-8175 (0% moisture)","Legumes and Legume Products","100g serving",100,g,0,28.1,0,1.2,4.4
"Beans, Dry, Tan, 11F-8042 (0% moisture)","Legumes and Legume Products","100g serving",100,g,0,25.4,0,1,4.3
"Beans, Dry, Tan, 11F-8148 (0% moisture)","Legumes and Legume Products","100g serving",100,g,0,26.4,0,1.1,4.3
"Beans, Dry, Tan, 302 (0% moisture)","Legumes and Legume Products","100g serving",100,g,0,27.5,0,1.2,4.4
"Beans, Dry, Tan, 540 (0% moisture)","Legumes and Legume Products","100g serving",100,g,0,26.4,0,1.3,4.4
"Beans, Dry, Tan, 231 (0% moisture)","Legumes and Legume Products","100g serving",100,g,0,26.6,0,1.1,4.2
"Beans, Dry, Tan, 577 (0% moisture)","Legumes and Legume Products","100g serving",100,g,0,26,0,1,4.1
"Beans, Dry, Tan (0% moisture)","Legumes and Legume Products","100g serving",100,g,0,26.8,0,1.1,4.4
"Beans, Dry, Pinto, 11F-8006 (0% moisture)","Legumes and Legume Products","100g serving",100,g,0,23.8,0,1.2,4.6
"Beans, Dry, Pinto, 11F-8106 (0% moisture)","Legumes and Legume Products","100g serving",100,g,0,24,0,1,4.4
"Beans, Dry, Pinto, 11F-8091 (0% moisture)","Legumes and Legume Products","100g serving",100,g,0,26.3,0,1.3,4.5
"Beans, Dry, Pinto, 11F-8147 (0% moisture)","Legumes and Legume Products","100g serving",100,g,0,26.6,0,1.2,4.5
"Beans, Dry, Pinto, 11F-8075 (0% moisture)","Legumes and Legume Products","100g serving",100,g,0,22.7,0,1.1,4.7
"Beans, Dry, Pinto, 11F-8157 (0% moisture)","Legumes and Legume Products","100g serving",100,g,0,23.7,0,1,4.3
"Beans, Dry, Pinto, 11F-8096 (0% moisture)","Legumes and Legume Products","100g serving",100,g,0,24.4,0,1.5,4.2
"Beans, Dry, Pinto, 11F-8191 (0% moisture)","Legumes and Legume Products","100g serving",100,g,0,24.5,0,1.1,4.3
"Beans, Dry, Pinto, 11F-8012 (0% moisture)","Legumes and Legume Products","100g serving",100,g,0,27.1,0,1.2,4.3
"Beans, Dry, Pinto, 11F-8170 (0% moisture)","Legumes and Legume Products","100g serving",100,g,0,27,0,1.4,4.4
"Beans, Dry, Pinto, 11F-8099 (0% moisture)","Legumes and Legume Products","100g serving",100,g,0,27.3,0,1.3,4.6
"Beans, Dry, Pinto, 11F-8114 (0% moisture)","Legumes and Legume Products","100g serving",100,g,0,29.2,0,1.6,4.1
"Beans, Dry, Pinto, 11F-8024 (0% moisture)","Legumes and Legume Products","100g serving",100,g,0,24.3,0,1.4,4.2
"Beans, Dry, Pinto, 11F-8151 (0% moisture)","Legumes and Legume Products","100g serving",100,g,0,25.3,0,1.3,4.2
"Beans, Dry, Pinto, 11F-8081 (0% moisture)","Legumes and Legume Products","100g serving",100,g,0,24,0,1.3,4.2
"Beans, Dry, Pinto, 11F-8133 (0% moisture)","Legumes and Legume Products","100g serving",100,g,0,24.5,0,1.2,4.6
"Beans, Dry, Pinto, 11F-8035 (0% moisture)","Legumes and Legume Products","100g serving",100,g,0,22.3,0,1.1,4.3
"Beans, Dry, Pinto, 11F-8164 (0% moisture)","Legumes and Legume Products","100g serving",100,g,0,23.5,0,1.4,4.6
"Beans, Dry, Pinto, 11F-8048 (0% moisture)","Legumes and Legume Products","100g serving",100,g,0,25.6,0,1.2,4.6
"Beans, Dry, Pinto, 11F-8144 (0% moisture)","Legumes and Legume Products","100g serving",100,g,0,25.6,0,1.4,4.8
"Beans, Dry, Pinto, 11F-8088 (0% moisture)","Legumes and Legume Products","100g serving",100,g,0,24.3,0,1.1,4.6
"Beans, Dry, Pinto, 11F-8159 (0% moisture)","Legumes and Legume Products","100g serving",100,g,0,23.9,0,1.4,4.4
"Beans, Dry, Pinto, 11F-8069 (0% moisture)","Legumes and Legume Products","100g serving",100,g,0,24.3,0,1.3,4.3
"Beans, Dry, Pinto, 11F-8101 (0% moisture)","Legumes and Legume Products","100g serving",100,g,0,24.6,0,1,3.9
"Beans, Dry, Pinto, 11F-8089 (0% moisture)","Legumes and Legume Products","100g serving",100,g,0,25.2,0,1.2,4.2
"Beans, Dry, Pinto, 11F-8167 (0% moisture)","Legumes and Legume Products","100g serving",100,g,0,24.2,0,1.2,4.2
"Beans, Dry, Pinto, 11F-8094 (0% moisture)","Legumes and Legume Products","100g serving",100,g,0,23.8,0,1,4.4
"Beans, Dry, Pinto, 11F-8121 (0% moisture)","Legumes and Legume Products","100g serving",100,g,0,24.4,0,1.1,4.1
"Beans, Dry, Pinto, 11F-8049 (0% moisture)","Legumes and Legume Products","100g serving",100,g,0,24.7,0,1.2,4.3
"Beans, Dry, Pinto, 11F-8176 (0% moisture)","Legumes and Legume Products","100g serving",100,g,0,25.4,0,1.1,4.7
"Beans, Dry, Pinto, 11F-8095 (0% moisture)","Legumes and Legume Products","100g serving",100,g,0,24.3,0,1.1,4.3
"Beans, Dry, Pinto, 11F-8173 (0% moisture)","Legumes and Legume Products","100g serving",100,g,0,24.8,0,1.3,4.1
"Beans, Dry, Pinto, 11F-8038 (0% moisture)","Legumes and Legume Products","100g serving",100,g,0,24.5,0,1.4,4
"Beans, Dry, Pinto, 11F-8196 (0% moisture)","Legumes and Legume Products","100g serving",100,g,0,24.7,0,1.5,4.4
"Beans, Dry, Pinto, 11F-8047 (0% moisture)","Legumes and Legume Products","100g serving",100,g,0,27.3,0,1.3,4.3
"Beans, Dry, Pinto, 11F-8108 (0% moisture)","Legumes and Legume Products","100g serving",100,g,0,27.5,0,1.3,4.6
"Beans, Dry, Pinto, 11F-8031 (0% moisture)","Legumes and Legume Products","100g serving",100,g,0,22.2,0,1.5,4.6
"Beans, Dry, Pinto, 11F-8120 (0% moisture)","Legumes and Legume Products","100g serving",100,g,0,23.4,0,1.6,4.3
"Beans, Dry, Pinto, 11F-8078 (0% moisture)","Legumes and Legume Products","100g serving",100,g,0,22.4,0,1.3,4.7
"Beans, Dry, Pinto, 11F-8100 (0% moisture)","Legumes and Legume Products","100g serving",100,g,0,21.8,0,1.3,4.5
"Beans, Dry, Pinto, 11F-8032 (0% moisture)","Legumes and Legume Products","100g serving",100,g,0,22,0,1.1,4.1
"Beans, Dry, Pinto, 11F-8109 (0% moisture)","Legumes and Legume Products","100g serving",100,g,0,23.2,0,1.1,4.3
"Beans, Dry, Pinto, 11F-8037 (0% moisture)","Legumes and Legume Products","100g serving",100,g,0,20.6,0,1.5,4.3
"Beans, Dry, Pinto, 11F-8182 (0% moisture)","Legumes and Legume Products","100g serving",100,g,0,21.7,0,1.2,4.2
"Beans, Dry, Pinto, 11F-8054 (0% moisture)","Legumes and Legume Products","100g serving",100,g,0,24.2,0,1.3,4.5
"Beans, Dry, Pinto, 11F-8181 (0% moisture)","Legumes and Legume Products","100g serving",100,g,0,25.4,0,1.4,4.3
"Beans, Dry, Pinto, 11F-8055 (0% moisture)","Legumes and Legume Products","100g serving",100,g,0,22.1,0,1.3,4.2
"Beans, Dry, Pinto, 11F-8166 (0% moisture)","Legumes and Legume Products","100g serving",100,g,0,22.9,0,1.3,4.5
"Beans, Dry, Pinto, 11F-8079 (0% moisture)","Legumes and Legume Products","100g serving",100,g,0,22.4,0,1,4.2
"Beans, Dry, Pinto, 11F-8118 (0% moisture)","Legumes and Legume Products","100g serving",100,g,0,24,0,1.4,4.4
"Beans, Dry, Pinto, 11F-8026 (0% moisture)","Legumes and Legume Products","100g serving",100,g,0,24.9,0,1.1,4.6
"Beans, Dry, Pinto, 11F-8103 (0% moisture)","Legumes and Legume Products","100g serving",100,g,0,25.2,0,1.2,4.1
"Beans, Dry, Pinto, 11F-8070 (0% moisture)","Legumes and Legume Products","100g serving",100,g,0,25.4,0,1.2,4.4
"Beans, Dry, Pinto, 11F-8198 (0% moisture)","Legumes and Legume Products","100g serving",100,g,0,24.9,0,1.1,4.3
"Beans, Dry, Pinto, 11F-8083 (0% moisture)","Legumes and Legume Products","100g serving",100,g,0,23.7,0,1.3,4.2
"Beans, Dry, Pinto, 11F-8126 (0% moisture)","Legumes and Legume Products","100g serving",100,g,0,24.2,0,1.1,4.6
"Beans, Dry, Pinto, 11F-8076 (0% moisture)","Legumes and Legume Products","100g serving",100,g,0,24.7,0,1.1,4.4
"Beans, Dry, Pinto, 11F-8178 (0% moisture)","Legumes and Legume Products","100g serving",100,g,0,25.3,0,1.2,4.3
"Beans, Dry, Pinto, 11F-8065 (0% moisture)","Legumes and Legume Products","100g serving",100,g,0,22.3,0,1,4.5
"Beans, Dry, Pinto, 11F-8102 (0% moisture)","Legumes and Legume Products","100g serving",100,g,0,22.6,0,1.3,4.4
"Beans, Dry, Pinto, 11F-8072 (0% moisture)","Legumes and Legume Products","100g serving",100,g,0,23.4,0,1.2,4.3
"Beans, Dry, Pinto, 11F-8189 (0% moisture)","Legumes and Legume Products","100g serving",100,g,0,21.8,0,0.9,4.2
"Beans, Dry, Pinto, 465 (0% moisture)","Legumes and Legume Products","100g serving",100,g,0,29.4,0,1.3,4.5
"Beans, Dry, Pinto, 761 (0% moisture)","Legumes and Legume Products","100g serving",100,g,0,27.6,0,1.1,4.5
"Beans, Dry, Pinto, 435 (0% moisture)","Legumes and Legume Products","100g serving",100,g,0,23.2,0,1,3.9
"Beans, Dry, Pinto, 743 (0% moisture)","Legumes and Legume Products","100g serving",100,g,0,21.8,0,1.2,4
"Beans, Dry, Pinto, 326 (0% moisture)","Legumes and Legume Products","100g serving",100,g,0,20.3,0,1.4,3.8
"Beans, Dry, Pinto, 667 (0% moisture)","Legumes and Legume Products","100g serving",100,g,0,19.6,0,1.3,3.7
"Beans, Dry, Pinto, 365 (0% moisture)","Legumes and Legume Products","100g serving",100,g,0,22.1,0,1.2,3.7
"Beans, Dry, Pinto, 696 (0% moisture)","Legumes and Legume Products","100g serving",100,g,0,21.6,0,1.3,3.9
"Beans, Dry, Pinto, 334 (0% moisture)","Legumes and Legume Products","100g serving",100,g,0,20.5,0,1.4,3.8
"Beans, Dry, Pinto, 684 (0% moisture)","Legumes and Legume Products","100g serving",100,g,0,21.7,0,1.3,3.9
"Beans, Dry, Pinto, 360 (0% moisture)","Legumes and Legume Products","100g serving",100,g,0,22.2,0,1.2,3.9
"Beans, Dry, Pinto, 784 (0% moisture)","Legumes and Legume Products","100g serving",100,g,0,24.6,0,1.1,4.1
"Beans, Dry, Pinto, 436 (0% moisture)","Legumes and Legume Products","100g serving",100,g,0,22,0,1.1,3.9
"Beans, Dry, Pinto, 825 (0% moisture)","Legumes and Legume Products","100g serving",100,g,0,24,0,1,4.1
"Beans, Dry, Pinto, 377 (0% moisture)","Legumes and Legume Products","100g serving",100,g,0,22,0,1.3,3.8
"Beans, Dry, Pinto, 805 (0% moisture)","Legumes and Legume Products","100g serving",100,g,0,23.1,0,1.2,3.9
"Beans, Dry, Pinto, 462 (0% moisture)","Legumes and Legume Products","100g serving",100,g,0,26,0,1.2,4.4
"Beans, Dry, Pinto, 633 (0% moisture)","Legumes and Legume Products","100g serving",100,g,0,25,0,1.1,4.5
"Beans, Dry, Pinto, 270 (0% moisture)","Legumes and Legume Products","100g serving",100,g,0,25.1,0,1.1,4.4
"Beans, Dry, Pinto, 442 (0% moisture)","Legumes and Legume Products","100g serving",100,g,0,25,0,1.2,4.2
"Beans, Dry, Pinto, 591 (0% moisture)","Legumes and Legume Products","100g serving",100,g,0,26.4,0,1.2,4.3
"Beans, Dry, Pinto, 814 (0% moisture)","Legumes and Legume Products","100g serving",100,g,0,26.6,0,1.2,4.4
"Beans, Dry, Pinto, 503 (0% moisture)","Legumes and Legume Products","100g serving",100,g,0,23.8,0,1.2,3.7
"Beans, Dry, Pinto, 676 (0% moisture)","Legumes and Legume Products","100g serving",100,g,0,22.2,0,1.1,3.9
"Beans, Dry, Pinto, 356 (0% moisture)","Legumes and Legume Products","100g serving",100,g,0,24.5,0,1.4,4.2
"Beans, Dry, Pinto, 816 (0% moisture)","Legumes and Legume Products","100g serving",100,g,0,24.8,0,1.3,4.4
"Beans, Dry, Pinto, 218 (0% moisture)","Legumes and Legume Products","100g serving",100,g,0,21.2,0,1.5,3.9
"Beans, Dry, Pinto, 563 (0% moisture)","Legumes and Legume Products","100g serving",100,g,0,23.7,0,1.2,4
"Beans, Dry, Pinto, 366 (0% moisture)","Legumes and Legume Products","100g serving",100,g,0,23.7,0,1.5,4
"Beans, Dry, Pinto, 717 (0% moisture)","Legumes and Legume Products","100g serving",100,g,0,23.9,0,1.3,4
"Beans, Dry, Pinto, 437 (0% moisture)","Legumes and Legume Products","100g serving",100,g,0,24.6,0,1.4,3.8
"Beans, Dry, Pinto, 657 (0% moisture)","Legumes and Legume Products","100g serving",100,g,0,24.7,0,1.3,4
"Beans, Dry, Pinto, 456 (0% moisture)","Legumes and Legume Products","100g serving",100,g,0,23.7,0,1.3,3.8
"Beans, Dry, Pinto, 700 (0% moisture)","Legumes and Legume Products","100g serving",100,g,0,23.4,0,1.3,4
"Beans, Dry, Pinto, 394 (0% moisture)","Legumes and Legume Products","100g serving",100,g,0,25.5,0,1.4,4.2
"Beans, Dry, Pinto, 735 (0% moisture)","Legumes and Legume Products","100g serving",100,g,0,26.7,0,1.5,4.2
"Beans, Dry, Pinto, 391 (0% moisture)","Legumes and Legume Products","100g serving",100,g,0,25.1,0,1.4,4.1
"Beans, Dry, Pinto, 702 (0% moisture)","Legumes and Legume Products","100g serving",100,g,0,26.1,0,1.4,4.4
"Beans, Dry, Pinto, 361 (0% moisture)","Legumes and Legume Products","100g serving",100,g,0,22.5,0,1.7,4.1
"Beans, Dry, Pinto, 747 (0% moisture)","Legumes and Legume Products","100g serving",100,g,0,22.9,0,1.6,4.2
"Beans, Dry, Pinto, 358 (0% moisture)","Legumes and Legume Products","100g serving",100,g,0,20,0,1.3,3.7
"Beans, Dry, Pinto, 720 (0% moisture)","Legumes and Legume Products","100g serving",100,g,0,21.6,0,1.2,3.8
"Beans, Dry, Pinto, 398 (0% moisture)","Legumes and Legume Products","100g serving",100,g,0,27.7,0,1.2,4.1
"Beans, Dry, Pinto, 765 (0% moisture)","Legumes and Legume Products","100g serving",100,g,0,25.4,0,1.3,4.3
"Beans, Dry, Pinto, 516 (0% moisture)","Legumes and Legume Products","100g serving",100,g,0,26.3,0,1.1,4.1
"Beans, Dry, Pinto, 776 (0% moisture)","Legumes and Legume Products","100g serving",100,g,0,21.8,0,1.3,3.9
"Beans, Dry, Pinto, 389 (0% moisture)","Legumes and Legume Products","100g serving",100,g,0,21.3,0,1.2,4
"Beans, Dry, Pinto, 736 (0% moisture)","Legumes and Legume Products","100g serving",100,g,0,23.2,0,1,4
"Beans, Dry, Pinto, 452 (0% moisture)","Legumes and Legume Products","100g serving",100,g,0,23,0,1,3.7
"Beans, Dry, Pinto, 728 (0% moisture)","Legumes and Legume Products","100g serving",100,g,0,22.4,0,1.1,3.9
"Beans, Dry, Pinto, 497 (0% moisture)","Legumes and Legume Products","100g serving",100,g,0,25.4,0,1.3,4
"Beans, Dry, Pinto, 715 (0% moisture)","Legumes and Legume Products","100g serving",100,g,0,21,0,1.4,3.8
"Beans, Dry, Pinto, 373 (0% moisture)","Legumes and Legume Products","100g serving",100,g,0,25.9,0,1.4,4.3
"Beans, Dry, Pinto, 821 (0% moisture)","Legumes and Legume Products","100g serving",100,g,0,26.9,0,1.4,4.5
"Beans, Dry, Pinto, 479 (0% moisture)","Legumes and Legume Products","100g serving",100,g,0,23.3,0,1.4,3.8
"Beans, Dry, Pinto, 734 (0% moisture)","Legumes and Legume Products","100g serving",100,g,0,23.7,0,1.4,3.9
"Beans, Dry, Pinto, 368 (0% moisture)","Legumes and Legume Products","100g serving",100,g,0,23.1,0,1.2,3.7
"Beans, Dry, Pinto, 640 (0% moisture)","Legumes and Legume Products","100g serving",100,g,0,23,0,1.1,3.7
"Beans, Dry, Pinto, 510 (0% moisture)","Legumes and Legume Products","100g serving",100,g,0,25.6,0,1.2,4
"Beans, Dry, Pinto, 718 (0% moisture)","Legumes and Legume Products","100g serving",100,g,0,23.9,0,1.2,4
"Beans, Dry, Pinto, 426 (0% moisture)","Legumes and Legume Products","100g serving",100,g,0,24.8,0,1.1,3.8
"Beans, Dry, Pinto, 783 (0% moisture)","Legumes and Legume Products","100g serving",100,g,0,23.2,0,1.3,4.1
"Beans, Dry, Pinto, 498 (0% moisture)","Legumes and Legume Products","100g serving",100,g,0,24.5,0,1.2,4.1
"Beans, Dry, Pinto, 634 (0% moisture)","Legumes and Legume Products","100g serving",100,g,0,20.3,0,1.4,4.1
"Beans, Dry, Pinto, 427 (0% moisture)","Legumes and Legume Products","100g serving",100,g,0,21.9,0,1.2,4
"Beans, Dry, Pinto, 695 (0% moisture)","Legumes and Legume Products","100g serving",100,g,0,21.1,0,1.4,4
"Beans, Dry, Pinto, 382 (0% moisture)","Legumes and Legume Products","100g serving",100,g,0,22,0,1.1,3.8
"Beans, Dry, Pinto, 661 (0% moisture)","Legumes and Legume Products","100g serving",100,g,0,20.9,0,1.1,3.9
"Beans, Dry, Pinto, 464 (0% moisture)","Legumes and Legume Products","100g serving",100,g,0,22,0,1.3,4
"Beans, Dry, Pinto, 770 (0% moisture)","Legumes and Legume Products","100g serving",100,g,0,22.3,0,1.3,4
"Beans, Dry, Pinto, 455 (0% moisture)","Legumes and Legume Products","100g serving",100,g,0,24.5,0,1.2,4.2
"Beans, Dry, Pinto, 639 (0% moisture)","Legumes and Legume Products","100g serving",100,g,0,21.5,0,1.3,3.9
"Beans, Dry, Pinto, 469 (0% moisture)","Legumes and Legume Products","100g serving",100,g,0,22.9,0,1,3.9
"Beans, Dry, Pinto, 758 (0% moisture)","Legumes and Legume Products","100g serving",100,g,0,24.4,0,1,3.9
"Beans, Dry, Pinto, 355 (0% moisture)","Legumes and Legume Products","100g serving",100,g,0,19.9,0,1.2,3.7
"Beans, Dry, Pinto, 632 (0% moisture)","Legumes and Legume Products","100g serving",100,g,0,18.8,0,1.2,3.7
"Beans, Dry, Pinto, 511 (0% moisture)","Legumes and Legume Products","100g serving",100,g,0,25.1,0,1,4
"Beans, Dry, Pinto, 815 (0% moisture)","Legumes and Legume Products","100g serving",100,g,0,22.8,0,1.1,4
"Beans, Dry, Pinto, 325 (0% moisture)","Legumes and Legume Products","100g serving",100,g,0,20.8,0,1.2,3.8
"Beans, Dry, Pinto, 751 (0% moisture)","Legumes and Legume Products","100g serving",100,g,0,23.3,0,1.1,3.9
"Beans, Dry, Pinto, 349 (0% moisture)","Legumes and Legume Products","100g serving",100,g,0,23.8,0,1.3,4.1
"Beans, Dry, Pinto, 714 (0% moisture)","Legumes and Legume Products","100g serving",100,g,0,25.1,0,1.3,4.2
"Beans, Dry, Pinto, 408 (0% moisture)","Legumes and Legume Products","100g serving",100,g,0,24.9,0,1.4,4
"Beans, Dry, Pinto, 711 (0% moisture)","Legumes and Legume Products","100g serving",100,g,0,24.9,0,1.4,4.2
"Beans, Dry, Pinto, 480 (0% moisture)","Legumes and Legume Products","100g serving",100,g,0,25.4,0,1.2,4.1
"Beans, Dry, Pinto, 808 (0% moisture)","Legumes and Legume Products","100g serving",100,g,0,25.7,0,1.3,4.2
"Beans, Dry, Pinto, 499 (0% moisture)","Legumes and Legume Products","100g serving",100,g,0,23.6,0,1.5,4.1
"Beans, Dry, Pinto, 710 (0% moisture)","Legumes and Legume Products","100g serving",100,g,0,24.7,0,1.4,4.2
"Beans, Dry, Pinto, 343 (0% moisture)","Legumes and Legume Products","100g serving",100,g,0,25,0,1.1,4
"Beans, Dry, Pinto, 764 (0% moisture)","Legumes and Legume Products","100g serving",100,g,0,25,0,1.1,4
"Beans, Dry, Pinto, 468 (0% moisture)","Legumes and Legume Products","100g serving",100,g,0,30.8,0,1.2,4.4
"Beans, Dry, Pinto, 773 (0% moisture)","Legumes and Legume Products","100g serving",100,g,0,27.9,0,1.2,4.2
"Beans, Dry, Pinto, 371 (0% moisture)","Legumes and Legume Products","100g serving",100,g,0,25.9,0,1.3,4
"Beans, Dry, Pinto, 669 (0% moisture)","Legumes and Legume Products","100g serving",100,g,0,26.4,0,1.2,4.2
"Beans, Dry, Pinto, 421 (0% moisture)","Legumes and Legume Products","100g serving",100,g,0,23.2,0,1.2,4
"Beans, Dry, Pinto, 663 (0% moisture)","Legumes and Legume Products","100g serving",100,g,0,22,0,1.3,4.1
"Beans, Dry, Pinto, 340 (0% moisture)","Legumes and Legume Products","100g serving",100,g,0,25.2,0,1.3,4.2
"Beans, Dry, Pinto, 704 (0% moisture)","Legumes and Legume Products","100g serving",100,g,0,26.8,0,1.1,4.5
"Beans, Dry, Pinto, 362 (0% moisture)","Legumes and Legume Products","100g serving",100,g,0,22.8,0,1.2,3.8
"Beans, Dry, Pinto, 665 (0% moisture)","Legumes and Legume Products","100g serving",100,g,0,21.6,0,1.2,3.9
"Beans, Dry, Pinto, 432 (0% moisture)","Legumes and Legume Products","100g serving",100,g,0,27.5,0,1,4.2
"Beans, Dry, Pinto, 787 (0% moisture)","Legumes and Legume Products","100g serving",100,g,0,29.4,0,1,4.2
"Beans, Dry, Pinto, 336 (0% moisture)","Legumes and Legume Products","100g serving",100,g,0,26.4,0,1.3,4.2
"Beans, Dry, Pinto, 793 (0% moisture)","Legumes and Legume Products","100g serving",100,g,0,28.5,0,1.2,4.4
"Beans, Dry, Pinto, 466 (0% moisture)","Legumes and Legume Products","100g serving",100,g,0,25.7,0,1,4.1
"Beans, Dry, Pinto, 820 (0% moisture)","Legumes and Legume Products","100g serving",100,g,0,24.7,0,0.9,4.1
"Beans, Dry, Pinto, 450 (0% moisture)","Legumes and Legume Products","100g serving",100,g,0,22.4,0,1,3.8
"Beans, Dry, Pinto, 801 (0% moisture)","Legumes and Legume Products","100g serving",100,g,0,24.1,0,1,3.9
"Beans, Dry, Pinto, 484 (0% moisture)","Legumes and Legume Products","100g serving",100,g,0,24,0,1,4
"Beans, Dry, Pinto, 729 (0% moisture)","Legumes and Legume Products","100g serving",100,g,0,23.5,0,1,3.9
"Beans, Dry, Pinto, 322 (0% moisture)","Legumes and Legume Products","100g serving",100,g,0,20.9,0,1.2,3.8
"Beans, Dry, Pinto, 678 (0% moisture)","Legumes and Legume Products","100g serving",100,g,0,22,0,1.1,3.9
"Beans, Dry, Pinto, 494 (0% moisture)","Legumes and Legume Products","100g serving",100,g,0,25.1,0,1,4
"Beans, Dry, Pinto, 809 (0% moisture)","Legumes and Legume Products","100g serving",100,g,0,25.3,0,1,4
"Beans, Dry, Pinto, 496 (0% moisture)","Legumes and Legume Products","100g serving",100,g,0,23.9,0,0.9,4
"Beans, Dry, Pinto, 727 (0% moisture)","Legumes and Legume Products","100g serving",100,g,0,21.6,0,1,3.8
"Beans, Dry, Pinto, 482 (0% moisture)","Legumes and Legume Products","100g serving",100,g,0,20.3,0,1.2,3.9
"Beans, Dry, Pinto, 647 (0% moisture)","Legumes and Legume Products","100g serving",100,g,0,21.5,0,1.2,3.8
"Beans, Dry, Pinto, 513 (0% moisture)","Legumes and Legume Products","100g serving",100,g,0,23.9,0,1,4.1
"Beans, Dry, Pinto, 660 (0% moisture)","Legumes and Legume Products","100g serving",100,g,0,20.7,0,1.1,3.8
"Beans, Dry, Pinto, 489 (0% moisture)","Legumes and Legume Products","100g serving",100,g,0,20.2,0,1.4,3.9
"Beans, Dry, Pinto, 738 (0% moisture)","Legumes and Legume Products","100g serving",100,g,0,21.6,0,1.3,3.8
"Beans, Dry, Pinto, 492 (0% moisture)","Legumes and Legume Products","100g serving",100,g,0,24.5,0,1.4,4.2
"Beans, Dry, Pinto, 650 (0% moisture)","Legumes and Legume Products","100g serving",100,g,0,22.6,0,1.6,4.1
"Beans, Dry, Pinto, 463 (0% moisture)","Legumes and Legume Products","100g serving",100,g,0,25.5,0,1.3,4.1
"Beans, Dry, Pinto, 653 (0% moisture)","Legumes and Legume Products","100g serving",100,g,0,20.6,0,0.8,3.8
"Beans, Dry, Pinto, 440 (0% moisture)","Legumes and Legume Products","100g serving",100,g,0,21.1,0,1.5,3.8
"Beans, Dry, Pinto, 709 (0% moisture)","Legumes and Legume Products","100g serving",100,g,0,22,0,1.4,3.9
"Beans, Dry, Pinto, 517 (0% moisture)","Legumes and Legume Products","100g serving",100,g,0,25.4,0,1.4,4.1
"Beans, Dry, Pinto, 724 (0% moisture)","Legumes and Legume Products","100g serving",100,g,0,25.6,0,1.4,4.2
"Beans, Dry, Pinto, 454 (0% moisture)","Legumes and Legume Products","100g serving",100,g,0,22.7,0,1.3,3.9
"Beans, Dry, Pinto, 812 (0% moisture)","Legumes and Legume Products","100g serving",100,g,0,22.4,0,1.4,4
"Beans, Dry, Pinto, 353 (0% moisture)","Legumes and Legume Products","100g serving",100,g,0,22,0,1.5,3.9
"Beans, Dry, Pinto, 692 (0% moisture)","Legumes and Legume Products","100g serving",100,g,0,20.7,0,1.6,3.9
"Beans, Dry, Pinto, 506 (0% moisture)","Legumes and Legume Products","100g serving",100,g,0,27.8,0,1.3,4.2
"Beans, Dry, Pinto, 642 (0% moisture)","Legumes and Legume Products","100g serving",100,g,0,21.9,0,1.4,4
"Beans, Dry, Pinto, 420 (0% moisture)","Legumes and Legume Products","100g serving",100,g,0,23.1,0,1.2,4
"Beans, Dry, Pinto, 795 (0% moisture)","Legumes and Legume Products","100g serving",100,g,0,23.3,0,1.2,4.1
"Beans, Dry, Pinto, 224 (0% moisture)","Legumes and Legume Products","100g serving",100,g,0,22.3,0,1.5,4
"Beans, Dry, Pinto, 413 (0% moisture)","Legumes and Legume Products","100g serving",100,g,0,23.1,0,1.4,4
"Beans, Dry, Pinto, 621 (0% moisture)","Legumes and Legume Products","100g serving",100,g,0,25.2,0,1.4,4.1
"Beans, Dry, Pinto, 744 (0% moisture)","Legumes and Legume Products","100g serving",100,g,0,24.2,0,1.3,4
"Beans, Dry, Pinto, 451 (0% moisture)","Legumes and Legume Products","100g serving",100,g,0,24,0,1.1,4.1
"Beans, Dry, Pinto, 691 (0% moisture)","Legumes and Legume Products","100g serving",100,g,0,23.7,0,1.3,4.1
"Beans, Dry, Pinto, 512 (0% moisture)","Legumes and Legume Products","100g serving",100,g,0,25.7,0,1.4,4.2
"Beans, Dry, Pinto, 749 (0% moisture)","Legumes and Legume Products","100g serving",100,g,0,24.9,0,1.3,4.2
"Beans, Dry, Pinto, 388 (0% moisture)","Legumes and Legume Products","100g serving",100,g,0,24.1,0,1.2,4
"Beans, Dry, Pinto, 659 (0% moisture)","Legumes and Legume Products","100g serving",100,g,0,22.1,0,1.2,3.9
"Beans, Dry, Pinto, 352 (0% moisture)","Legumes and Legume Products","100g serving",100,g,0,24.5,0,1.3,4.2
"Beans, Dry, Pinto, 802 (0% moisture)","Legumes and Legume Products","100g serving",100,g,0,24.8,0,1.3,4.2
"Beans, Dry, Pinto, 416 (0% moisture)","Legumes and Legume Products","100g serving",100,g,0,26.1,0,1.2,4
"Beans, Dry, Pinto, 754 (0% moisture)","Legumes and Legume Products","100g serving",100,g,0,22.7,0,1.4,3.9
"Beans, Dry, Pinto, 333 (0% moisture)","Legumes and Legume Products","100g serving",100,g,0,22.3,0,1.2,3.9
"Beans, Dry, Pinto, 643 (0% moisture)","Legumes and Legume Products","100g serving",100,g,0,22.6,0,1.2,4
"Beans, Dry, Pinto, 425 (0% moisture)","Legumes and Legume Products","100g serving",100,g,0,26.3,0,1.2,4.2
"Beans, Dry, Pinto, 708 (0% moisture)","Legumes and Legume Products","100g serving",100,g,0,25.5,0,1.3,4.1
"Beans, Dry, Pinto, 367 (0% moisture)","Legumes and Legume Products","100g serving",100,g,0,23.3,0,1.3,4.2
"Beans, Dry, Pinto, 807 (0% moisture)","Legumes and Legume Products","100g serving",100,g,0,25.1,0,1.2,4.3
"Beans, Dry, Pinto, 324 (0% moisture)","Legumes and Legume Products","100g serving",100,g,0,19.1,0,1.3,3.7
"Beans, Dry, Pinto, 668 (0% moisture)","Legumes and Legume Products","100g serving",100,g,0,19.6,0,1.3,3.7
"Beans, Dry, Pinto, 397 (0% moisture)","Legumes and Legume Products","100g serving",100,g,0,23.8,0,1.3,3.9
"Beans, Dry, Pinto, 733 (0% moisture)","Legumes and Legume Products","100g serving",100,g,0,19.8,0,1.2,3.5
"Beans, Dry, Pinto, 414 (0% moisture)","Legumes and Legume Products","100g serving",100,g,0,25,0,1.4,4.2
"Beans, Dry, Pinto, 671 (0% moisture)","Legumes and Legume Products","100g serving",100,g,0,21,0,1.3,3.8
"Beans, Dry, Pinto, 428 (0% moisture)","Legumes and Legume Products","100g serving",100,g,0,20.8,0,1.3,3.8
"Beans, Dry, Pinto, 681 (0% moisture)","Legumes and Legume Products","100g serving",100,g,0,21.3,0,1.2,3.8
"Beans, Dry, Pinto, 459 (0% moisture)","Legumes and Legume Products","100g serving",100,g,0,20.6,0,1.3,3.7
"Beans, Dry, Pinto, 775 (0% moisture)","Legumes and Legume Products","100g serving",100,g,0,20.7,0,1.3,3.8
"Beans, Dry, Pinto, 390 (0% moisture)","Legumes and Legume Products","100g serving",100,g,0,22.3,0,1.2,3.9
"Beans, Dry, Pinto, 631 (0% moisture)","Legumes and Legume Products","100g serving",100,g,0,21.4,0,1.1,3.8
"Beans, Dry, Pinto, 410 (0% moisture)","Legumes and Legume Products","100g serving",100,g,0,24.4,0,1.3,4.1
"Beans, Dry, Pinto, 782 (0% moisture)","Legumes and Legume Products","100g serving",100,g,0,23.8,0,1.3,4
"Beans, Dry, Pinto, 381 (0% moisture)","Legumes and Legume Products","100g serving",100,g,0,21.9,0,1.2,4.1
"Beans, Dry, Pinto, 781 (0% moisture)","Legumes and Legume Products","100g serving",100,g,0,23.4,0,1.2,4
"Beans, Dry, Pinto, 515 (0% moisture)","Legumes and Legume Products","100g serving",100,g,0,26.1,0,1,4.3
"Beans, Dry, Pinto, 740 (0% moisture)","Legumes and Legume Products","100g serving",100,g,0,24.5,0,1.1,4.1
"Beans, Dry, Pinto, 383 (0% moisture)","Legumes and Legume Products","100g serving",100,g,0,22.6,0,1.1,4.2
"Beans, Dry, Pinto, 810 (0% moisture)","Legumes and Legume Products","100g serving",100,g,0,23.7,0,1.2,4.1
"Beans, Dry, Pinto, 520 (0% moisture)","Legumes and Legume Products","100g serving",100,g,0,23.2,0,1.3,4
"Beans, Dry, Pinto, 686 (0% moisture)","Legumes and Legume Products","100g serving",100,g,0,22.3,0,1.3,3.8
"Beans, Dry, Pinto, 372 (0% moisture)","Legumes and Legume Products","100g serving",100,g,0,22,0,1.5,3.8
"Beans, Dry, Pinto, 791 (0% moisture)","Legumes and Legume Products","100g serving",100,g,0,22.9,0,1.3,3.8
"Beans, Dry, Pinto, 475 (0% moisture)","Legumes and Legume Products","100g serving",100,g,0,26.6,0,1.1,4.2
"Beans, Dry, Pinto, 677 (0% moisture)","Legumes and Legume Products","100g serving",100,g,0,25.1,0,1.2,4
"Beans, Dry, Pinto, 329 (0% moisture)","Legumes and Legume Products","100g serving",100,g,0,22.1,0,1.6,3.8
"Beans, Dry, Pinto, 682 (0% moisture)","Legumes and Legume Products","100g serving",100,g,0,22.2,0,1.5,3.8
"Beans, Dry, Pinto, 393 (0% moisture)","Legumes and Legume Products","100g serving",100,g,0,23.2,0,1.1,3.8
"Beans, Dry, Pinto, 705 (0% moisture)","Legumes and Legume Products","100g serving",100,g,0,23.8,0,1.1,3.8
"Beans, Dry, Pinto, 328 (0% moisture)","Legumes and Legume Products","100g serving",100,g,0,22.9,0,1.1,3.6
"Beans, Dry, Pinto, 630 (0% moisture)","Legumes and Legume Products","100g serving",100,g,0,21.5,0,1.2,3.7
"Beans, Dry, Pinto (0% moisture)","Legumes and Legume Products","100g serving",100,g,0,23.7,0,1.2,4.1
"Beans, Dry, Small Red, 11F-8014 (0% moisture)","Legumes and Legume Products","100g serving",100,g,0,23.2,0,1.5,4.3
"Beans, Dry, Small Red, 11F-8142 (0% moisture)","Legumes and Legume Products","100g serving",100,g,0,24.5,0,1,4.8
"Beans, Dry, Small Red, 11F-8021 (0% moisture)","Legumes and Legume Products","100g serving",100,g,0,23.1,0,1.4,4.4
"Beans, Dry, Small Red, 11F-8111 (0% moisture)","Legumes and Legume Products","100g serving",100,g,0,22.4,0,1,4.4
"Beans, Dry, Small Red, 11F-8009 (0% moisture)","Legumes and Legume Products","100g serving",100,g,0,24.2,0,1.3,4.3
"Beans, Dry, Small Red, 11F-8153 (0% moisture)","Legumes and Legume Products","100g serving",100,g,0,23.8,0,1.3,4.5
"Beans, Dry, Small Red, 11F-8017 (0% moisture)","Legumes and Legume Products","100g serving",100,g,0,24.6,0,1.6,4.3
"Beans, Dry, Small Red, 11F-8169 (0% moisture)","Legumes and Legume Products","100g serving",100,g,0,25.5,0,1.3,4.3
"Beans, Dry, Small Red, 11F-8073 (0% moisture)","Legumes and Legume Products","100g serving",100,g,0,22.4,0,1.3,4.2
"Beans, Dry, Small Red, 11F-8154 (0% moisture)","Legumes and Legume Products","100g serving",100,g,0,23.9,0,1.2,4.3
"Beans, Dry, Small Red, 11F-8011 (0% moisture)","Legumes and Legume Products","100g serving",100,g,0,23.5,0,1.1,4.4
"Beans, Dry, Small Red, 11F-8115 (0% moisture)","Legumes and Legume Products","100g serving",100,g,0,24.3,0,1.1,4.5
"Beans, Dry, Small Red, 11F-8050 (0% moisture)","Legumes and Legume Products","100g serving",100,g,0,25.6,0,1,4.2
"Beans, Dry, Small Red, 11F-8161 (0% moisture)","Legumes and Legume Products","100g serving",100,g,0,25.7,0,1.3,4.5
"Beans, Dry, Small Red, 11F-8033 (0% moisture)","Legumes and Legume Products","100g serving",100,g,0,24.2,0,1.1,4.1
"Beans, Dry, Small Red, 11F-8199 (0% moisture)","Legumes and Legume Products","100g serving",100,g,0,24.9,0,1,4.2
"Beans, Dry, Small Red, 11F-8056 (0% moisture)","Legumes and Legume Products","100g serving",100,g,0,23.6,0,1.3,4
"Beans, Dry, Small Red, 11F-8137 (0% moisture)","Legumes and Legume Products","100g serving",100,g,0,23.7,0,1.1,4.3
"Beans, Dry, Small Red, 400 (0% moisture)","Legumes and Legume Products","100g serving",100,g,0,22.2,0,1.2,3.9
"Beans, Dry, Small Red, 772 (0% moisture)","Legumes and Legume Products","100g serving",100,g,0,21.9,0,1.3,4.1
"Beans, Dry, Small Red, 470 (0% moisture)","Legumes and Legume Products","100g serving",100,g,0,23.5,0,1.4,4.2
"Beans, Dry, Small Red, 798 (0% moisture)","Legumes and Legume Products","100g serving",100,g,0,25.4,0,1.4,4.2
"Beans, Dry, Small Red, 431 (0% moisture)","Legumes and Legume Products","100g serving",100,g,0,22.7,0,1.7,4
"Beans, Dry, Small Red, 813 (0% moisture)","Legumes and Legume Products","100g serving",100,g,0,23.2,0,1.5,4.1
"Beans, Dry, Small Red, 505 (0% moisture)","Legumes and Legume Products","100g serving",100,g,0,24.6,0,1.5,4.1
"Beans, Dry, Small Red, 731 (0% moisture)","Legumes and Legume Products","100g serving",100,g,0,22.3,0,1.6,4
"Beans, Dry, Small Red, 509 (0% moisture)","Legumes and Legume Products","100g serving",100,g,0,22.8,0,1.3,4.1
"Beans, Dry, Small Red, 690 (0% moisture)","Legumes and Legume Products","100g serving",100,g,0,24.8,0,1.1,4.2
"Beans, Dry, Small Red, 500 (0% moisture)","Legumes and Legume Products","100g serving",100,g,0,25.2,0,1.3,4.1
"Beans, Dry, Small Red, 769 (0% moisture)","Legumes and Legume Products","100g serving",100,g,0,24.8,0,1.2,4.2
"Beans, Dry, Small Red, 417 (0% moisture)","Legumes and Legume Products","100g serving",100,g,0,27.4,0,1.2,4
"Beans, Dry, Small Red, 674 (0% moisture)","Legumes and Legume Products","100g serving",100,g,0,27.9,0,1.1,4.3
"Beans, Dry, Small Red, 409 (0% moisture)","Legumes and Legume Products","100g serving",100,g,0,24.2,0,1.5,4.1
"Beans, Dry, Small Red, 806 (0% moisture)","Legumes and Legume Products","100g serving",100,g,0,25.6,0,1.3,4.2
"Beans, Dry, Small Red, 419 (0% moisture)","Legumes and Legume Products","100g serving",100,g,0,28.4,0,1.2,4.1
"Beans, Dry, Small Red, 799 (0% moisture)","Legumes and Legume Products","100g serving",100,g,0,28.2,0,1.1,4.3
"Beans, Dry, Small Red, 344 (0% moisture)","Legumes and Legume Products","100g serving",100,g,0,24.9,0,1.4,4.2
"Beans, Dry, Small Red, 698 (0% moisture)","Legumes and Legume Products","100g serving",100,g,0,23.5,0,1.4,4.2
"Beans, Dry, Small Red, 376 (0% moisture)","Legumes and Legume Products","100g serving",100,g,0,23.2,0,1.6,4.1
"Beans, Dry, Small Red, 685 (0% moisture)","Legumes and Legume Products","100g serving",100,g,0,22.9,0,1.4,4.2
"Beans, Dry, Small Red, 491 (0% moisture)","Legumes and Legume Products","100g serving",100,g,0,22.8,0,1.6,4.1
"Beans, Dry, Small Red, 673 (0% moisture)","Legumes and Legume Products","100g serving",100,g,0,23,0,1.5,4.3
"Beans, Dry, Small Red, 357 (0% moisture)","Legumes and Legume Products","100g serving",100,g,0,25.2,0,1.4,4
"Beans, Dry, Small Red, 760 (0% moisture)","Legumes and Legume Products","100g serving",100,g,0,25.8,0,1.4,4.1
"Beans, Dry, Small Red, 240 (0% moisture)","Legumes and Legume Products","100g serving",100,g,0,20.2,0,1.6,3.9
"Beans, Dry, Small Red, 330 (0% moisture)","Legumes and Legume Products","100g serving",100,g,0,20.7,0,1.6,3.9
"Beans, Dry, Small Red, 606 (0% moisture)","Legumes and Legume Products","100g serving",100,g,0,23,0,1.5,4
"Beans, Dry, Small Red, 797 (0% moisture)","Legumes and Legume Products","100g serving",100,g,0,20.8,0,1.6,3.9
"Beans, Dry, Small Red, 488 (0% moisture)","Legumes and Legume Products","100g serving",100,g,0,26.4,0,1,4.1
"Beans, Dry, Small Red, 722 (0% moisture)","Legumes and Legume Products","100g serving",100,g,0,24.5,0,1.2,4.2
"Beans, Dry, Small Red, 473 (0% moisture)","Legumes and Legume Products","100g serving",100,g,0,23.7,0,1,4.1
"Beans, Dry, Small Red, 804 (0% moisture)","Legumes and Legume Products","100g serving",100,g,0,23.3,0,1.1,4.1
"Beans, Dry, Small Red, 405 (0% moisture)","Legumes and Legume Products","100g serving",100,g,0,21.6,0,1.2,4
"Beans, Dry, Small Red, 755 (0% moisture)","Legumes and Legume Products","100g serving",100,g,0,22,0,1.2,4
"Beans, Dry, Small Red, 487 (0% moisture)","Legumes and Legume Products","100g serving",100,g,0,22.9,0,1.3,4.1
"Beans, Dry, Small Red, 646 (0% moisture)","Legumes and Legume Products","100g serving",100,g,0,22,0,1.3,4
"Beans, Dry, Small Red, 508 (0% moisture)","Legumes and Legume Products","100g serving",100,g,0,23.3,0,1.1,4
"Beans, Dry, Small Red, 670 (0% moisture)","Legumes and Legume Products","100g serving",100,g,0,23,0,1.2,4
"Beans, Dry, Small Red, 374 (0% moisture)","Legumes and Legume Products","100g serving",100,g,0,22,0,1.2,3.8
"Beans, Dry, Small Red, 746 (0% moisture)","Legumes and Legume Products","100g serving",100,g,0,22.3,0,1.3,3.9
"Beans, Dry, Small Red, 370 (0% moisture)","Legumes and Legume Products","100g serving",100,g,0,22.7,0,1.2,4.1
"Beans, Dry, Small Red, 786 (0% moisture)","Legumes and Legume Products","100g serving",100,g,0,22.3,0,1.2,4.2
"Beans, Dry, Small Red, 347 (0% moisture)","Legumes and Legume Products","100g serving",100,g,0,21.5,0,1.2,3.9
"Beans, Dry, Small Red, 649 (0% moisture)","Legumes and Legume Products","100g serving",100,g,0,21.5,0,1.1,3.7
"Beans, Dry, Small Red, 403 (0% moisture)","Legumes and Legume Products","100g serving",100,g,0,22.4,0,1.3,4
"Beans, Dry, Small Red, 759 (0% moisture)","Legumes and Legume Products","100g serving",100,g,0,24,0,1.1,4.1
"Beans, Dry, Small Red, 332 (0% moisture)","Legumes and Legume Products","100g serving",100,g,0,21.6,0,1.1,4
"Beans, Dry, Small Red, 635 (0% moisture)","Legumes and Legume Products","100g serving",100,g,0,21,0,1,4
"Beans, Dry, Small Red, 493 (0% moisture)","Legumes and Legume Products","100g serving",100,g,0,20.7,0,1.3,3.9
"Beans, Dry, Small Red, 811 (0% moisture)","Legumes and Legume Products","100g serving",100,g,0,23.5,0,1.2,4.1
"Beans, Dry, Small Red, 439 (0% moisture)","Legumes and Legume Products","100g serving",100,g,0,20.5,0,1.3,3.9
"Beans, Dry, Small Red, 774 (0% moisture)","Legumes and Legume Products","100g serving",100,g,0,24.6,0,1.1,4
"Beans, Dry, Small Red, 369 (0% moisture)","Legumes and Legume Products","100g serving",100,g,0,24.1,0,1.6,4.4
"Beans, Dry, Small Red, 785 (0% moisture)","Legumes and Legume Products","100g serving",100,g,0,25,0,1.6,4.5
"Beans, Dry, Small Red, 471 (0% moisture)","Legumes and Legume Products","100g serving",100,g,0,20.8,0,1.3,3.8
"Beans, Dry, Small Red, 757 (0% moisture)","Legumes and Legume Products","100g serving",100,g,0,22.3,0,1.2,3.8
"Beans, Dry, Small Red, 323 (0% moisture)","Legumes and Legume Products","100g serving",100,g,0,22.6,0,1.5,4.1
"Beans, Dry, Small Red, 703 (0% moisture)","Legumes and Legume Products","100g serving",100,g,0,23.9,0,1.4,4
"Beans, Dry, Small Red (0% moisture)","Legumes and Legume Products","100g serving",100,g,0,23.5,0,1.3,4.1
"Beans, Dry, Medium Red, 490 (0% moisture)","Legumes and Legume Products","100g serving",100,g,0,26,0,1,4.3
"Beans, Dry, Medium Red, 756 (0% moisture)","Legumes and Legume Products","100g serving",100,g,0,24.9,0,1.1,4.3
"Beans, Dry, Medium Red (0% moisture)","Legumes and Legume Products","100g serving",100,g,0,25.5,0,1,4.3
"Beans, Dry, Cranberry, 11F-8022 (0% moisture)","Legumes and Legume Products","100g serving",100,g,0,22.7,0,1.3,4.4
"Beans, Dry, Cranberry, 11F-8131 (0% moisture)","Legumes and Legume Products","100g serving",100,g,0,25.5,0,1,4.6
"Beans, Dry, Cranberry, 378 (0% moisture)","Legumes and Legume Products","100g serving",100,g,0,24,0,1.3,4.2
"Beans, Dry, Cranberry, 750 (0% moisture)","Legumes and Legume Products","100g serving",100,g,0,25.2,0,1.2,4.2
"Beans, Dry, Cranberry (0% moisture)","Legumes and Legume Products","100g serving",100,g,0,24.4,0,1.2,4.3
"Beans, Dry, Light Tan, 11F-8086 (0% moisture)","Legumes and Legume Products","100g serving",100,g,0,24.4,0,1.2,4.3
"Beans, Dry, Light Tan, 11F-8174 (0% moisture)","Legumes and Legume Products","100g serving",100,g,0,24.7,0,1.3,4.4
"Beans, Dry, Light Tan (0% moisture)","Legumes and Legume Products","100g serving",100,g,0,24.6,0,1.3,4.3
"Beans, Dry, Black, 11F-8045 (0% moisture)","Legumes and Legume Products","100g serving",100,g,0,26.2,0,1.6,4.4
"Beans, Dry, Black, 11F-8177 (0% moisture)","Legumes and Legume Products","100g serving",100,g,0,26.2,0,0.9,4.1
"Beans, Dry, Black, 11F-8036 (0% moisture)","Legumes and Legume Products","100g serving",100,g,0,23.2,0,1.1,4.1
"Beans, Dry, Black, 11F-8122 (0% moisture)","Legumes and Legume Products","100g serving",100,g,0,24.2,0,1.1,4.3
"Beans, Dry, Black, 11F-8003 (0% moisture)","Legumes and Legume Products","100g serving",100,g,0,23.9,0,1.7,4.6
"Beans, Dry, Black, 11F-8117 (0% moisture)","Legumes and Legume Products","100g serving",100,g,0,25.1,0,1.3,4.3
"Beans, Dry, Black, 11F-8016 (0% moisture)","Legumes and Legume Products","100g serving",100,g,0,21.7,0,1.6,4.6
"Beans, Dry, Black, 11F-8112 (0% moisture)","Legumes and Legume Products","100g serving",100,g,0,21.9,0,1.3,4.4
"Beans, Dry, Black, 11F-8013 (0% moisture)","Legumes and Legume Products","100g serving",100,g,0,26,0,1.1,4.5
"Beans, Dry, Black, 11F-8180 (0% moisture)","Legumes and Legume Products","100g serving",100,g,0,25.8,0,1.5,4.6
"Beans, Dry, Black, 11F-8039 (0% moisture)","Legumes and Legume Products","100g serving",100,g,0,25.7,0,1.3,4.2
"Beans, Dry, Black, 11F-8116 (0% moisture)","Legumes and Legume Products","100g serving",100,g,0,26,0,1.2,4.2
"Beans, Dry, Black, 11F-8023 (0% moisture)","Legumes and Legume Products","100g serving",100,g,0,23.1,0,1.3,4.3
"Beans, Dry, Black, 11F-8168 (0% moisture)","Legumes and Legume Products","100g serving",100,g,0,24,0,1,4.1
"Beans, Dry, Black, 11F-8062 (0% moisture)","Legumes and Legume Products","100g serving",100,g,0,24.3,0,1.3,4.7
"Beans, Dry, Black, 11F-8150 (0% moisture)","Legumes and Legume Products","100g serving",100,g,0,24.4,0,1.1,4.4
"Beans, Dry, Black, 11F-8046 (0% moisture)","Legumes and Legume Products","100g serving",100,g,0,24.6,0,1.2,4.2
"Beans, Dry, Black, 11F-8146 (0% moisture)","Legumes and Legume Products","100g serving",100,g,0,26,0,1.1,4.8
"Beans, Dry, Black, 11F-8000 (0% moisture)","Legumes and Legume Products","100g serving",100,g,0,26.1,0,1.5,4.1
"Beans, Dry, Black, 11F-8129 (0% moisture)","Legumes and Legume Products","100g serving",100,g,0,24.6,0,1,4.5
"Beans, Dry, Black, 11F-8044 (0% moisture)","Legumes and Legume Products","100g serving",100,g,0,23.5,0,1.5,4.4
"Beans, Dry, Black, 11F-8158 (0% moisture)","Legumes and Legume Products","100g serving",100,g,0,24.9,0,1,4.2
"Beans, Dry, Black, 11F-8029 (0% moisture)","Legumes and Legume Products","100g serving",100,g,0,24.8,0,1.8,4.6
"Beans, Dry, Black, 11F-8119 (0% moisture)","Legumes and Legume Products","100g serving",100,g,0,25.3,0,1.4,4.2
"Beans, Dry, Black, 11F-8002 (0% moisture)","Legumes and Legume Products","100g serving",100,g,0,25.2,0,1.4,4.6
"Beans, Dry, Black, 11F-8135 (0% moisture)","Legumes and Legume Products","100g serving",100,g,0,25.1,0,1.1,4.5
"Beans, Dry, Black, 11F-8020 (0% moisture)","Legumes and Legume Products","100g serving",100,g,0,25.8,0,1.1,4.3
"Beans, Dry, Black, 11F-8140 (0% moisture)","Legumes and Legume Products","100g serving",100,g,0,26.3,0,1.1,4.8
"Beans, Dry, Black, 11F-8015 (0% moisture)","Legumes and Legume Products","100g serving",100,g,0,24,0,1.5,4.6
"Beans, Dry, Black, 11F-8123 (0% moisture)","Legumes and Legume Products","100g serving",100,g,0,23.6,0,1.4,4.2
"Beans, Dry, Black, 348 (0% moisture)","Legumes and Legume Products","100g serving",100,g,0,26,0,1.1,4
"Beans, Dry, Black, 737 (0% moisture)","Legumes and Legume Products","100g serving",100,g,0,26.3,0,1.1,4.1
"Beans, Dry, Black, 298 (0% moisture)","Legumes and Legume Products","100g serving",100,g,0,24.5,0,1.5,4.2
"Beans, Dry, Black, 533 (0% moisture)","Legumes and Legume Products","100g serving",100,g,0,23.4,0,1.5,4.2
"Beans, Dry, Black, 331 (0% moisture)","Legumes and Legume Products","100g serving",100,g,0,23.7,0,1.3,3.9
"Beans, Dry, Black, 745 (0% moisture)","Legumes and Legume Products","100g serving",100,g,0,23.8,0,1.3,4.1
"Beans, Dry, Black, 244 (0% moisture)","Legumes and Legume Products","100g serving",100,g,0,24.9,0,1.6,4.2
"Beans, Dry, Black, 604 (0% moisture)","Legumes and Legume Products","100g serving",100,g,0,25.2,0,1.5,4.4
"Beans, Dry, Black, 250 (0% moisture)","Legumes and Legume Products","100g serving",100,g,0,23.6,0,1.6,4
"Beans, Dry, Black, 583 (0% moisture)","Legumes and Legume Products","100g serving",100,g,0,24.7,0,1.4,4.2
"Beans, Dry, Black, 269 (0% moisture)","Legumes and Legume Products","100g serving",100,g,0,23.7,0,1.5,4.2
"Beans, Dry, Black, 566 (0% moisture)","Legumes and Legume Products","100g serving",100,g,0,24.3,0,1.5,4.2
"Beans, Dry, Black, 296 (0% moisture)","Legumes and Legume Products","100g serving",100,g,0,24.9,0,1.3,3.9
"Beans, Dry, Black, 611 (0% moisture)","Legumes and Legume Products","100g serving",100,g,0,25.8,0,1.2,4.3
"Beans, Dry, Black, 276 (0% moisture)","Legumes and Legume Products","100g serving",100,g,0,24.4,0,1.5,4.1
"Beans, Dry, Black, 624 (0% moisture)","Legumes and Legume Products","100g serving",100,g,0,24.8,0,1.4,4.3
"Beans, Dry, Black, 303 (0% moisture)","Legumes and Legume Products","100g serving",100,g,0,23.6,0,1.6,4
"Beans, Dry, Black, 617 (0% moisture)","Legumes and Legume Products","100g serving",100,g,0,23.9,0,1.4,4
"Beans, Dry, Black, 221 (0% moisture)","Legumes and Legume Products","100g serving",100,g,0,25.3,0,1.7,4.1
"Beans, Dry, Black, 602 (0% moisture)","Legumes and Legume Products","100g serving",100,g,0,25,0,1.6,4.1
"Beans, Dry, Black, 305 (0% moisture)","Legumes and Legume Products","100g serving",100,g,0,23.9,0,2,4.2
"Beans, Dry, Black, 553 (0% moisture)","Legumes and Legume Products","100g serving",100,g,0,25.4,0,1.7,4.1
"Beans, Dry, Black, 304 (0% moisture)","Legumes and Legume Products","100g serving",100,g,0,24.4,0,1.9,4.1
"Beans, Dry, Black, 601 (0% moisture)","Legumes and Legume Products","100g serving",100,g,0,25.8,0,1.9,4.2
"Beans, Dry, Black, 274 (0% moisture)","Legumes and Legume Products","100g serving",100,g,0,24,0,1.3,4
"Beans, Dry, Black, 526 (0% moisture)","Legumes and Legume Products","100g serving",100,g,0,24,0,1.3,3.9
"Beans, Dry, Black, 232 (0% moisture)","Legumes and Legume Products","100g serving",100,g,0,23.7,0,1.4,3.8
"Beans, Dry, Black, 534 (0% moisture)","Legumes and Legume Products","100g serving",100,g,0,23.3,0,1.4,4
"Beans, Dry, Black, 219 (0% moisture)","Legumes and Legume Products","100g serving",100,g,0,21.4,0,1.6,4.1
"Beans, Dry, Black, 580 (0% moisture)","Legumes and Legume Products","100g serving",100,g,0,23.1,0,1.4,4
"Beans, Dry, Black, 254 (0% moisture)","Legumes and Legume Products","100g serving",100,g,0,22.9,0,1.6,4.1
"Beans, Dry, Black, 542 (0% moisture)","Legumes and Legume Products","100g serving",100,g,0,24,0,1.4,4.1
"Beans, Dry, Black, 424 (0% moisture)","Legumes and Legume Products","100g serving",100,g,0,23.9,0,1.5,4.1
"Beans, Dry, Black, 267 (0% moisture)","Legumes and Legume Products","100g serving",100,g,0,24.3,0,1.4,4.1
"Beans, Dry, Black, 767 (0% moisture)","Legumes and Legume Products","100g serving",100,g,0,24.8,0,1.3,4
"Beans, Dry, Black, 569 (0% moisture)","Legumes and Legume Products","100g serving",100,g,0,24.5,0,1.4,4
"Beans, Dry, Black, 249 (0% moisture)","Legumes and Legume Products","100g serving",100,g,0,24.8,0,1.6,4
"Beans, Dry, Black, 590 (0% moisture)","Legumes and Legume Products","100g serving",100,g,0,25.6,0,1.5,4.1
"Beans, Dry, Black, 282 (0% moisture)","Legumes and Legume Products","100g serving",100,g,0,23.1,0,1.4,4.1
"Beans, Dry, Black, 597 (0% moisture)","Legumes and Legume Products","100g serving",100,g,0,25.4,0,1.3,4.1
"Beans, Dry, Black, 247 (0% moisture)","Legumes and Legume Products","100g serving",100,g,0,24.4,0,1.3,4.1
"Beans, Dry, Black, 619 (0% moisture)","Legumes and Legume Products","100g serving",100,g,0,26.2,0,1.2,4.3
"Beans, Dry, Black, 222 (0% moisture)","Legumes and Legume Products","100g serving",100,g,0,21.7,0,1.8,4.1
"Beans, Dry, Black, 608 (0% moisture)","Legumes and Legume Products","100g serving",100,g,0,23.5,0,1.7,4.2
"Beans, Dry, Black, 225 (0% moisture)","Legumes and Legume Products","100g serving",100,g,0,23.7,0,1.3,3.9
"Beans, Dry, Black, 573 (0% moisture)","Legumes and Legume Products","100g serving",100,g,0,25.4,0,1.1,3.9
"Beans, Dry, Black, 248 (0% moisture)","Legumes and Legume Products","100g serving",100,g,0,22.6,0,1.9,4.1
"Beans, Dry, Black, 607 (0% moisture)","Legumes and Legume Products","100g serving",100,g,0,23.9,0,1.8,4.3
"Beans, Dry, Black, 223 (0% moisture)","Legumes and Legume Products","100g serving",100,g,0,23,0,1.8,4.1
"Beans, Dry, Black, 522 (0% moisture)","Legumes and Legume Products","100g serving",100,g,0,23.5,0,1.8,4.1
"Beans, Dry, Black, 314 (0% moisture)","Legumes and Legume Products","100g serving",100,g,0,21.8,0,1.6,4.2
"Beans, Dry, Black, 531 (0% moisture)","Legumes and Legume Products","100g serving",100,g,0,21.6,0,1.6,4.1
"Beans, Dry, Black, 215 (0% moisture)","Legumes and Legume Products","100g serving",100,g,0,23.7,0,2,4
"Beans, Dry, Black, 615 (0% moisture)","Legumes and Legume Products","100g serving",100,g,0,25.1,0,1.9,4.2
"Beans, Dry, Black, 310 (0% moisture)","Legumes and Legume Products","100g serving",100,g,0,24.8,0,2,4.2
"Beans, Dry, Black, 536 (0% moisture)","Legumes and Legume Products","100g serving",100,g,0,23.5,0,2,4.1
"Beans, Dry, Black, 318 (0% moisture)","Legumes and Legume Products","100g serving",100,g,0,23.6,0,1.6,4.2
"Beans, Dry, Black, 537 (0% moisture)","Legumes and Legume Products","100g serving",100,g,0,23.4,0,1.7,4.3
"Beans, Dry, Black, 271 (0% moisture)","Legumes and Legume Products","100g serving",100,g,0,25.6,0,1.4,3.9
"Beans, Dry, Black, 545 (0% moisture)","Legumes and Legume Products","100g serving",100,g,0,24.4,0,1.4,3.8
"Beans, Dry, Black, 278 (0% moisture)","Legumes and Legume Products","100g serving",100,g,0,25.6,0,1.7,4.3
"Beans, Dry, Black, 552 (0% moisture)","Legumes and Legume Products","100g serving",100,g,0,25.5,0,1.7,4.4
"Beans, Dry, Black, 266 (0% moisture)","Legumes and Legume Products","100g serving",100,g,0,25.9,0,1.4,4.2
"Beans, Dry, Black, 550 (0% moisture)","Legumes and Legume Products","100g serving",100,g,0,25,0,1.3,4.1
"Beans, Dry, Black, 288 (0% moisture)","Legumes and Legume Products","100g serving",100,g,0,24.4,0,1.4,4.2
"Beans, Dry, Black, 572 (0% moisture)","Legumes and Legume Products","100g serving",100,g,0,25.8,0,1.3,4.2
"Beans, Dry, Black, 301 (0% moisture)","Legumes and Legume Products","100g serving",100,g,0,25,0,1,4.1
"Beans, Dry, Black, 575 (0% moisture)","Legumes and Legume Products","100g serving",100,g,0,26.8,0,0.9,4.1
"Beans, Dry, Black, 259 (0% moisture)","Legumes and Legume Products","100g serving",100,g,0,24.7,0,1.7,4.2
"Beans, Dry, Black, 610 (0% moisture)","Legumes and Legume Products","100g serving",100,g,0,26.3,0,1.5,4.4
"Beans, Dry, Black, 395 (0% moisture)","Legumes and Legume Products","100g serving",100,g,0,22.2,0,1.7,4.1
"Beans, Dry, Black, 258 (0% moisture)","Legumes and Legume Products","100g serving",100,g,0,22.1,0,1.7,4.2
"Beans, Dry, Black, 707 (0% moisture)","Legumes and Legume Products","100g serving",100,g,0,23.3,0,1.6,4.1
"Beans, Dry, Black, 562 (0% moisture)","Legumes and Legume Products","100g serving",100,g,0,22.3,0,1.6,4.2
"Beans, Dry, Black, 227 (0% moisture)","Legumes and Legume Products","100g serving",100,g,0,22,0,1.6,4.1
"Beans, Dry, Black, 620 (0% moisture)","Legumes and Legume Products","100g serving",100,g,0,24.6,0,1.5,4.1
"Beans, Dry, Black, 214 (0% moisture)","Legumes and Legume Products","100g serving",100,g,0,23.5,0,1.8,4.4
"Beans, Dry, Black, 547 (0% moisture)","Legumes and Legume Products","100g serving",100,g,0,25.4,0,1.6,4.2
"Beans, Dry, Black, 263 (0% moisture)","Legumes and Legume Products","100g serving",100,g,0,25,0,1.5,4.4
"Beans, Dry, Black, 570 (0% moisture)","Legumes and Legume Products","100g serving",100,g,0,26.3,0,1.3,4.4
"Beans, Dry, Black, 251 (0% moisture)","Legumes and Legume Products","100g serving",100,g,0,24.4,0,1.7,4.3
"Beans, Dry, Black, 592 (0% moisture)","Legumes and Legume Products","100g serving",100,g,0,26.1,0,1.6,4.3
"Beans, Dry, Black, 238 (0% moisture)","Legumes and Legume Products","100g serving",100,g,0,26,0,1.5,4.2
"Beans, Dry, Black, 528 (0% moisture)","Legumes and Legume Products","100g serving",100,g,0,25.9,0,1.4,4
"Beans, Dry, Black, 273 (0% moisture)","Legumes and Legume Products","100g serving",100,g,0,25.1,0,1.6,4.3
"Beans, Dry, Black, 529 (0% moisture)","Legumes and Legume Products","100g serving",100,g,0,24.2,0,1.6,4
"Beans, Dry, Black, 472 (0% moisture)","Legumes and Legume Products","100g serving",100,g,0,25.4,0,1.3,4.5
"Beans, Dry, Black, 753 (0% moisture)","Legumes and Legume Products","100g serving",100,g,0,25.8,0,1.3,4.4
"Beans, Dry, Black, 286 (0% moisture)","Legumes and Legume Products","100g serving",100,g,0,23.1,0,1.5,4.1
"Beans, Dry, Black, 596 (0% moisture)","Legumes and Legume Products","100g serving",100,g,0,24.9,0,1.2,3.9
"Beans, Dry, Black, 297 (0% moisture)","Legumes and Legume Products","100g serving",100,g,0,23.5,0,1.5,4.2
"Beans, Dry, Black, 600 (0% moisture)","Legumes and Legume Products","100g serving",100,g,0,24,0,1.5,4.2
"Beans, Dry, Black, 317 (0% moisture)","Legumes and Legume Products","100g serving",100,g,0,21.7,0,1,3.9
"Beans, Dry, Black, 625 (0% moisture)","Legumes and Legume Products","100g serving",100,g,0,22.8,0,1,4
"Beans, Dry, Black, 291 (0% moisture)","Legumes and Legume Products","100g serving",100,g,0,25.1,0,1.8,4.1
"Beans, Dry, Black, 574 (0% moisture)","Legumes and Legume Products","100g serving",100,g,0,25.2,0,1.8,4.1
"Beans, Dry, Black (0% moisture)","Legumes and Legume Products","100g serving",100,g,0,24.4,0,1.5,4.2
"Beans, Dry, Small White, 11F-8057 (0% moisture)","Legumes and Legume Products","100g serving",100,g,0,25.9,0,1.2,4.2
"Beans, Dry, Small White, 11F-8160 (0% moisture)","Legumes and Legume Products","100g serving",100,g,0,26.2,0,1.1,4.1
"Beans, Dry, Small White, 239 (0% moisture)","Legumes and Legume Products","100g serving",100,g,0,24,0,1.4,4.5
"Beans, Dry, Small White, 571 (0% moisture)","Legumes and Legume Products","100g serving",100,g,0,25.7,0,1.4,4.5
"Beans, Dry, Small White, 272 (0% moisture)","Legumes and Legume Products","100g serving",100,g,0,26.3,0,1.5,4.4
"Beans, Dry, Small White, 618 (0% moisture)","Legumes and Legume Products","100g serving",100,g,0,25.7,0,1.4,4.4
"Beans, Dry, Small White, 265 (0% moisture)","Legumes and Legume Products","100g serving",100,g,0,21.7,0,1.3,4.2
"Beans, Dry, Small White, 527 (0% moisture)","Legumes and Legume Products","100g serving",100,g,0,22.3,0,1.2,4.2
"Beans, Dry, Small White, 309 (0% moisture)","Legumes and Legume Products","100g serving",100,g,0,25.6,0,1.3,4.2
"Beans, Dry, Small White, 549 (0% moisture)","Legumes and Legume Products","100g serving",100,g,0,24.8,0,1.2,4.3
"Beans, Dry, Small White, 285 (0% moisture)","Legumes and Legume Products","100g serving",100,g,0,23.8,0,1.1,4.4
"Beans, Dry, Small White, 544 (0% moisture)","Legumes and Legume Products","100g serving",100,g,0,23.5,0,1,4.4
"Beans, Dry, Small White, 275 (0% moisture)","Legumes and Legume Products","100g serving",100,g,0,23.8,0,1.6,4.2
"Beans, Dry, Small White, 564 (0% moisture)","Legumes and Legume Products","100g serving",100,g,0,23.6,0,1.7,4.2
"Beans, Dry, Small White (0% moisture)","Legumes and Legume Products","100g serving",100,g,0,24.5,0,1.3,4.3
"Beans, Dry, Red, 345 (0% moisture)","Legumes and Legume Products","100g serving",100,g,0,21.3,0,1.2,4.1
"Beans, Dry, Red, 645 (0% moisture)","Legumes and Legume Products","100g serving",100,g,0,21.2,0,1.1,4
"Beans, Dry, Red (0% moisture)","Legumes and Legume Products","100g serving",100,g,0,21.3,0,1.2,4
"Beans, Dry, Great Northern, 11F-8063 (0% moisture)","Legumes and Legume Products","100g serving",100,g,0,24.2,0,1.3,4.3
"Beans, Dry, Great Northern, 11F-8128 (0% moisture)","Legumes and Legume Products","100g serving",100,g,0,23.6,0,1.2,4.4
"Beans, Dry, Great Northern, 11F-8163 (0% moisture)","Legumes and Legume Products","100g serving",100,g,0,24.2,0,1.4,4.4
"Beans, Dry, Great Northern, 11F-8087 (0% moisture)","Legumes and Legume Products","100g serving",100,g,0,26.6,0,1.3,4.3
"Beans, Dry, Great Northern, 11F-8145 (0% moisture)","Legumes and Legume Products","100g serving",100,g,0,26.6,0,1.1,4.3
"Beans, Dry, Great Northern, 11F-8025 (0% moisture)","Legumes and Legume Products","100g serving",100,g,0,26.4,0,1.6,4.5
"Beans, Dry, Great Northern, 11F-8141 (0% moisture)","Legumes and Legume Products","100g serving",100,g,0,26.6,0,1.3,4.3
"Beans, Dry, Great Northern, 11F-8097 (0% moisture)","Legumes and Legume Products","100g serving",100,g,0,23.7,0,1.1,4.4
"Beans, Dry, Great Northern, 11F-8194 (0% moisture)","Legumes and Legume Products","100g serving",100,g,0,23.4,0,1.1,4.1
"Beans, Dry, Great Northern, 11F-8053 (0% moisture)","Legumes and Legume Products","100g serving",100,g,0,23.8,0,1.1,4.4
"Beans, Dry, Great Northern, 11F-8155 (0% moisture)","Legumes and Legume Products","100g serving",100,g,0,24.5,0,1.4,4.1
"Beans, Dry, Great Northern, 11F-8052 (0% moisture)","Legumes and Legume Products","100g serving",100,g,0,24.2,0,1.2,4.5
"Beans, Dry, Great Northern, 11F-8134 (0% moisture)","Legumes and Legume Products","100g serving",100,g,0,25,0,1.4,4.4
"Beans, Dry, Great Northern, 11F-8051 (0% moisture)","Legumes and Legume Products","100g serving",100,g,0,24.9,0,1.1,4.2
"Beans, Dry, Great Northern, 11F-8113 (0% moisture)","Legumes and Legume Products","100g serving",100,g,0,24.6,0,1.2,4.6
"Beans, Dry, Great Northern, 11F-8093 (0% moisture)","Legumes and Legume Products","100g serving",100,g,0,24.4,0,1.2,4.4
"Beans, Dry, Great Northern, 11F-8110 (0% moisture)","Legumes and Legume Products","100g serving",100,g,0,24.1,0,1.1,4
"Beans, Dry, Great Northern, 11F-8060 (0% moisture)","Legumes and Legume Products","100g serving",100,g,0,25.4,0,1.1,4.2
"Beans, Dry, Great Northern, 11F-8184 (0% moisture)","Legumes and Legume Products","100g serving",100,g,0,23.2,0,1.3,4.4
"Beans, Dry, Great Northern, 11F-8090 (0% moisture)","Legumes and Legume Products","100g serving",100,g,0,23.2,0,1,4.2
"Beans, Dry, Great Northern, 11F-8152 (0% moisture)","Legumes and Legume Products","100g serving",100,g,0,23.6,0,1.4,4.4
"Beans, Dry, Great Northern, 11F-8085 (0% moisture)","Legumes and Legume Products","100g serving",100,g,0,24.4,0,1.1,4.2
"Beans, Dry, Great Northern, 11F-8192 (0% moisture)","Legumes and Legume Products","100g serving",100,g,0,23.7,0,1,4.2
"Beans, Dry, Great Northern, 11F-8010 (0% moisture)","Legumes and Legume Products","100g serving",100,g,0,23.1,0,1.4,4.5
"Beans, Dry, Great Northern, 11F-8185 (0% moisture)","Legumes and Legume Products","100g serving",100,g,0,24,0,1.3,4.4
"Beans, Dry, Great Northern, 11F-8068 (0% moisture)","Legumes and Legume Products","100g serving",100,g,0,24,0,1.1,4.6
"Beans, Dry, Great Northern, 11F-8172 (0% moisture)","Legumes and Legume Products","100g serving",100,g,0,23.6,0,1.2,4.3
"Beans, Dry, Great Northern, 11F-8067 (0% moisture)","Legumes and Legume Products","100g serving",100,g,0,24.4,0,1.2,4.5
"Beans, Dry, Great Northern, 11F-8125 (0% moisture)","Legumes and Legume Products","100g serving",100,g,0,25.3,0,0.9,4.4
"Beans, Dry, Great Northern, 11F-8008 (0% moisture)","Legumes and Legume Products","100g serving",100,g,0,23.5,0,1.5,4.4
"Beans, Dry, Great Northern, 11F-8171 (0% moisture)","Legumes and Legume Products","100g serving",100,g,0,24.1,0,1.1,4.4
"Beans, Dry, Great Northern, 11F-8092 (0% moisture)","Legumes and Legume Products","100g serving",100,g,0,24.2,0,1.1,4.3
"Beans, Dry, Great Northern, 11F-8138 (0% moisture)","Legumes and Legume Products","100g serving",100,g,0,24.4,0,1.1,4.2
"Beans, Dry, Great Northern, 11F-8077 (0% moisture)","Legumes and Legume Products","100g serving",100,g,0,25.5,0,1.2,4.4
"Beans, Dry, Great Northern, 11F-8139 (0% moisture)","Legumes and Legume Products","100g serving",100,g,0,26.4,0,1.3,4.5
"Beans, Dry, Great Northern, 441 (0% moisture)","Legumes and Legume Products","100g serving",100,g,0,25.5,0,1.4,4.2
"Beans, Dry, Great Northern, 648 (0% moisture)","Legumes and Legume Products","100g serving",100,g,0,24.9,0,1.4,4.3
"Beans, Dry, Great Northern, 446 (0% moisture)","Legumes and Legume Products","100g serving",100,g,0,31.6,0,1.2,4.5
"Beans, Dry, Great Northern, 726 (0% moisture)","Legumes and Legume Products","100g serving",100,g,0,28.7,0,1.2,4.6
"Beans, Dry, Great Northern, 235 (0% moisture)","Legumes and Legume Products","100g serving",100,g,0,28.6,0,1.3,4.2
"Beans, Dry, Great Northern, 579 (0% moisture)","Legumes and Legume Products","100g serving",100,g,0,30.5,0,1.2,4.6
"Beans, Dry, Great Northern, 306 (0% moisture)","Legumes and Legume Products","100g serving",100,g,0,26.1,0,1.4,4.3
"Beans, Dry, Great Northern, 594 (0% moisture)","Legumes and Legume Products","100g serving",100,g,0,28.1,0,1.2,4.3
"Beans, Dry, Great Northern, 423 (0% moisture)","Legumes and Legume Products","100g serving",100,g,0,23.2,0,1.1,4.2
"Beans, Dry, Great Northern, 651 (0% moisture)","Legumes and Legume Products","100g serving",100,g,0,22.3,0,1.1,4.2
"Beans, Dry, Great Northern, 315 (0% moisture)","Legumes and Legume Products","100g serving",100,g,0,28.3,0,1.4,4.4
"Beans, Dry, Great Northern, 581 (0% moisture)","Legumes and Legume Products","100g serving",100,g,0,29.4,0,1.3,4.5
"Beans, Dry, Great Northern, 396 (0% moisture)","Legumes and Legume Products","100g serving",100,g,0,21.9,0,1.5,4.3
"Beans, Dry, Great Northern, 778 (0% moisture)","Legumes and Legume Products","100g serving",100,g,0,22,0,1.5,4.4
"Beans, Dry, Great Northern, 406 (0% moisture)","Legumes and Legume Products","100g serving",100,g,0,25.8,0,1.3,4.1
"Beans, Dry, Great Northern, 688 (0% moisture)","Legumes and Legume Products","100g serving",100,g,0,25,0,1.3,4.4
"Beans, Dry, Great Northern, 384 (0% moisture)","Legumes and Legume Products","100g serving",100,g,0,22.3,0,1.2,4.1
"Beans, Dry, Great Northern, 644 (0% moisture)","Legumes and Legume Products","100g serving",100,g,0,21.8,0,1.3,4.2
"Beans, Dry, Great Northern, 380 (0% moisture)","Legumes and Legume Products","100g serving",100,g,0,23.7,0,1.2,4.2
"Beans, Dry, Great Northern, 748 (0% moisture)","Legumes and Legume Products","100g serving",100,g,0,24.7,0,1.3,4.4
"Beans, Dry, Great Northern, 392 (0% moisture)","Legumes and Legume Products","100g serving",100,g,0,23.9,0,1.1,4.3
"Beans, Dry, Great Northern, 658 (0% moisture)","Legumes and Legume Products","100g serving",100,g,0,23.3,0,1.3,4.2
"Beans, Dry, Great Northern, 363 (0% moisture)","Legumes and Legume Products","100g serving",100,g,0,23.3,0,1.2,4.1
"Beans, Dry, Great Northern, 792 (0% moisture)","Legumes and Legume Products","100g serving",100,g,0,23.6,0,1.2,4.5
"Beans, Dry, Great Northern, 339 (0% moisture)","Legumes and Legume Products","100g serving",100,g,0,22.3,0,1.2,4.2
"Beans, Dry, Great Northern, 713 (0% moisture)","Legumes and Legume Products","100g serving",100,g,0,23,0,1.3,4.5
"Beans, Dry, Great Northern, 346 (0% moisture)","Legumes and Legume Products","100g serving",100,g,0,22.7,0,1.4,4.1
"Beans, Dry, Great Northern, 780 (0% moisture)","Legumes and Legume Products","100g serving",100,g,0,26.6,0,1.3,4.5
"Beans, Dry, Great Northern, 460 (0% moisture)","Legumes and Legume Products","100g serving",100,g,0,23.4,0,1.1,4.1
"Beans, Dry, Great Northern, 672 (0% moisture)","Legumes and Legume Products","100g serving",100,g,0,22.5,0,1.1,4
"Beans, Dry, Great Northern, 385 (0% moisture)","Legumes and Legume Products","100g serving",100,g,0,23.8,0,1.2,4.3
"Beans, Dry, Great Northern, 788 (0% moisture)","Legumes and Legume Products","100g serving",100,g,0,22.6,0,1.3,4
"Beans, Dry, Great Northern, 429 (0% moisture)","Legumes and Legume Products","100g serving",100,g,0,24.4,0,1,4.3
"Beans, Dry, Great Northern, 789 (0% moisture)","Legumes and Legume Products","100g serving",100,g,0,24,0,1.1,4.2
"Beans, Dry, Great Northern, 514 (0% moisture)","Legumes and Legume Products","100g serving",100,g,0,23.8,0,1.1,4.4
"Beans, Dry, Great Northern, 730 (0% moisture)","Legumes and Legume Products","100g serving",100,g,0,23.1,0,1.2,4.2
"Beans, Dry, Great Northern, 501 (0% moisture)","Legumes and Legume Products","100g serving",100,g,0,24.8,0,1,4.4
"Beans, Dry, Great Northern, 638 (0% moisture)","Legumes and Legume Products","100g serving",100,g,0,24.1,0,1.1,4.2
"Beans, Dry, Great Northern, 474 (0% moisture)","Legumes and Legume Products","100g serving",100,g,0,24.8,0,1.2,4.1
"Beans, Dry, Great Northern, 790 (0% moisture)","Legumes and Legume Products","100g serving",100,g,0,26.8,0,1.2,4.2
"Beans, Dry, Great Northern, 402 (0% moisture)","Legumes and Legume Products","100g serving",100,g,0,24.6,0,1.3,4.2
"Beans, Dry, Great Northern, 822 (0% moisture)","Legumes and Legume Products","100g serving",100,g,0,26.8,0,1.2,4.3
"Beans, Dry, Great Northern, 350 (0% moisture)","Legumes and Legume Products","100g serving",100,g,0,26.8,0,1.4,4.6
"Beans, Dry, Great Northern, 828 (0% moisture)","Legumes and Legume Products","100g serving",100,g,0,28.8,0,1.4,4.6
"Beans, Dry, Great Northern, 375 (0% moisture)","Legumes and Legume Products","100g serving",100,g,0,24.3,0,1,4.2
"Beans, Dry, Great Northern, 662 (0% moisture)","Legumes and Legume Products","100g serving",100,g,0,24.8,0,1.1,4.4
"Beans, Dry, Great Northern, 337 (0% moisture)","Legumes and Legume Products","100g serving",100,g,0,22.4,0,1.1,4.1
"Beans, Dry, Great Northern, 656 (0% moisture)","Legumes and Legume Products","100g serving",100,g,0,21.8,0,1.1,4.1
"Beans, Dry, Great Northern, 467 (0% moisture)","Legumes and Legume Products","100g serving",100,g,0,22.6,0,1.1,4.1
"Beans, Dry, Great Northern, 824 (0% moisture)","Legumes and Legume Products","100g serving",100,g,0,24.5,0,1.1,4.3
"Beans, Dry, Great Northern, 507 (0% moisture)","Legumes and Legume Products","100g serving",100,g,0,25.7,0,1.2,4.7
"Beans, Dry, Great Northern, 826 (0% moisture)","Legumes and Legume Products","100g serving",100,g,0,27.1,0,1.1,4.6
"Beans, Dry, Great Northern, 327 (0% moisture)","Legumes and Legume Products","100g serving",100,g,0,23.4,0,1.4,4.3
"Beans, Dry, Great Northern, 675 (0% moisture)","Legumes and Legume Products","100g serving",100,g,0,24.7,0,1.4,4.4
"Beans, Dry, Great Northern, 401 (0% moisture)","Legumes and Legume Products","100g serving",100,g,0,23.8,0,1.2,4.2
"Beans, Dry, Great Northern, 742 (0% moisture)","Legumes and Legume Products","100g serving",100,g,0,24.1,0,1.3,4.3
"Beans, Dry, Great Northern, 518 (0% moisture)","Legumes and Legume Products","100g serving",100,g,0,25.4,0,1.3,4.4
"Beans, Dry, Great Northern, 666 (0% moisture)","Legumes and Legume Products","100g serving",100,g,0,22.4,0,1.5,4.2
"Beans, Dry, Great Northern, 457 (0% moisture)","Legumes and Legume Products","100g serving",100,g,0,24.7,0,1.3,4.3
"Beans, Dry, Great Northern, 818 (0% moisture)","Legumes and Legume Products","100g serving",100,g,0,26.2,0,1.4,4.6
"Beans, Dry, Great Northern, 293 (0% moisture)","Legumes and Legume Products","100g serving",100,g,0,23.4,0,1.3,4.2
"Beans, Dry, Great Northern, 412 (0% moisture)","Legumes and Legume Products","100g serving",100,g,0,22,0,1.4,4.3
"Beans, Dry, Great Northern, 616 (0% moisture)","Legumes and Legume Products","100g serving",100,g,0,25.2,0,1.2,4.5
"Beans, Dry, Great Northern, 689 (0% moisture)","Legumes and Legume Products","100g serving",100,g,0,23.2,0,1.3,4.4
"Beans, Dry, Great Northern, 387 (0% moisture)","Legumes and Legume Products","100g serving",100,g,0,23.5,0,1.2,3.9
"Beans, Dry, Great Northern, 766 (0% moisture)","Legumes and Legume Products","100g serving",100,g,0,24.3,0,1.2,4.2
"Beans, Dry, Great Northern, 519 (0% moisture)","Legumes and Legume Products","100g serving",100,g,0,25.2,0,1.3,4.4
"Beans, Dry, Great Northern, 768 (0% moisture)","Legumes and Legume Products","100g serving",100,g,0,24.9,0,1.3,4.3
"Beans, Dry, Great Northern, 418 (0% moisture)","Legumes and Legume Products","100g serving",100,g,0,25.9,0,1.4,4.2
"Beans, Dry, Great Northern, 637 (0% moisture)","Legumes and Legume Products","100g serving",100,g,0,24.2,0,1.4,4.3
"Beans, Dry, Great Northern, 495 (0% moisture)","Legumes and Legume Products","100g serving",100,g,0,26.6,0,1.3,4.4
"Beans, Dry, Great Northern, 680 (0% moisture)","Legumes and Legume Products","100g serving",100,g,0,25.2,0,1.3,4.3
"Beans, Dry, Great Northern, 335 (0% moisture)","Legumes and Legume Products","100g serving",100,g,0,23.2,0,1.4,4.3
"Beans, Dry, Great Northern, 763 (0% moisture)","Legumes and Legume Products","100g serving",100,g,0,25.8,0,1.3,4.4
"Beans, Dry, Great Northern, 364 (0% moisture)","Legumes and Legume Products","100g serving",100,g,0,23.3,0,1.2,4.2
"Beans, Dry, Great Northern, 683 (0% moisture)","Legumes and Legume Products","100g serving",100,g,0,24.3,0,1.1,4.3
"Beans, Dry, Great Northern, 379 (0% moisture)","Legumes and Legume Products","100g serving",100,g,0,23.1,0,1.2,4.4
"Beans, Dry, Great Northern, 655 (0% moisture)","Legumes and Legume Products","100g serving",100,g,0,23,0,1.3,4.4
"Beans, Dry, Great Northern, 434 (0% moisture)","Legumes and Legume Products","100g serving",100,g,0,25.4,0,1.1,4.2
"Beans, Dry, Great Northern, 716 (0% moisture)","Legumes and Legume Products","100g serving",100,g,0,25.6,0,1.1,4.4
"Beans, Dry, Great Northern, 341 (0% moisture)","Legumes and Legume Products","100g serving",100,g,0,23.1,0,1.4,4.4
"Beans, Dry, Great Northern, 697 (0% moisture)","Legumes and Legume Products","100g serving",100,g,0,27,0,1.3,4.4
"Beans, Dry, Great Northern, 438 (0% moisture)","Legumes and Legume Products","100g serving",100,g,0,24.5,0,1.4,4.2
"Beans, Dry, Great Northern, 706 (0% moisture)","Legumes and Legume Products","100g serving",100,g,0,25.8,0,1.2,4.4
"Beans, Dry, Great Northern, 449 (0% moisture)","Legumes and Legume Products","100g serving",100,g,0,21.5,0,1.3,4.2
"Beans, Dry, Great Northern, 741 (0% moisture)","Legumes and Legume Products","100g serving",100,g,0,23.5,0,1.1,4.3
"Beans, Dry, Great Northern, 407 (0% moisture)","Legumes and Legume Products","100g serving",100,g,0,23.5,0,1.5,4.1
"Beans, Dry, Great Northern, 723 (0% moisture)","Legumes and Legume Products","100g serving",100,g,0,24.2,0,1.3,4.2
"Beans, Dry, Great Northern, 447 (0% moisture)","Legumes and Legume Products","100g serving",100,g,0,25.3,0,1.2,4
"Beans, Dry, Great Northern, 827 (0% moisture)","Legumes and Legume Products","100g serving",100,g,0,28.6,0,1.2,4.2
"Beans, Dry, Great Northern, 458 (0% moisture)","Legumes and Legume Products","100g serving",100,g,0,26.3,0,1.2,4.5
"Beans, Dry, Great Northern, 693 (0% moisture)","Legumes and Legume Products","100g serving",100,g,0,24.8,0,1.2,4.4
"Beans, Dry, Great Northern, 415 (0% moisture)","Legumes and Legume Products","100g serving",100,g,0,25.9,0,1.3,4.4
"Beans, Dry, Great Northern, 762 (0% moisture)","Legumes and Legume Products","100g serving",100,g,0,26.1,0,1.3,4.4
"Beans, Dry, Great Northern, 453 (0% moisture)","Legumes and Legume Products","100g serving",100,g,0,25.6,0,1.3,4.4
"Beans, Dry, Great Northern, 777 (0% moisture)","Legumes and Legume Products","100g serving",100,g,0,25.9,0,1.2,4.3
"Beans, Dry, Great Northern, 485 (0% moisture)","Legumes and Legume Products","100g serving",100,g,0,25.6,0,1.2,4.2
"Beans, Dry, Great Northern, 800 (0% moisture)","Legumes and Legume Products","100g serving",100,g,0,25.1,0,1.3,4.4
"Beans, Dry, Great Northern, 444 (0% moisture)","Legumes and Legume Products","100g serving",100,g,0,23.8,0,1.4,4.6
"Beans, Dry, Great Northern, 694 (0% moisture)","Legumes and Legume Products","100g serving",100,g,0,26.4,0,1.3,4.7
"Beans, Dry, Great Northern (0% moisture)","Legumes and Legume Products","100g serving",100,g,0,24.7,0,1.2,4.3
"Carrots, frozen, unprepared","Vegetables and Vegetable Products","100g serving",100,g,37,0.8,7.9,0.5,3.2
"Oranges, raw, navels","Fruits and Fruit Juices","sections no membranes (165g)",100,g,47,0.9,11.8,0.2,2
"Pears, raw, bartlett","Fruits and Fruit Juices","slices (140g)",100,g,57,0.4,15.1,0.2,3.1
"Salt, table, iodized","Spices and Herbs","1 serving (6.1g)",100,g,0,0,0,0,0
"Ham, sliced, restaurant","Pork Products","1 serving (16.2g)",100,g,126,19.6,2.4,3.7,0
"American Cheese","Dairy and Egg Products","100g serving",100,g,0,0,0,30.3,0
"Cheese","Dairy and Egg Products","100g serving",100,g,0,0,0,31.7,0
"Cheese, American, restaurant","Dairy and Egg Products","1 serving (16g)",100,g,373,17.5,6.4,31.1,0
"Ketchup, restaurant","Vegetables and Vegetable Products","100g serving",100,g,103,1.1,26.8,0.6,0
"Eggs, whites","Dairy and Egg Products","100g serving",100,g,0,0,0,0,0
"Eggs, whole","Dairy and Egg Products","100g serving",100,g,0,0,0,9.8,0
"Eggs, yolk","Dairy and Egg Products","100g serving",100,g,0,0,0,27.7,0
"Eggs, Grade A, Large, egg white","Dairy and Egg Products","white (34g)",100,g,55,10.7,2.4,0,0
"Eggs, Grade A, Large, egg yolk","Dairy and Egg Products","yolk (17g)",100,g,334,16.2,1,28.8,0
"Eggs, Grade A, Large, egg whole","Dairy and Egg Products","whole without shell (50.3g)",100,g,147,12.4,1,10,0
"Bacon, cooked","Pork Products","100g serving",100,g,0,0,0,36,0
"Bacon","Pork Products","100g serving",100,g,0,0,0,41.9,0
"Pork, cured, bacon, cooked, restaurant","Pork Products","1 serving (6.3g)",100,g,512,40.9,2.1,36.5,0
"Butter, stick, unsalted","Dairy and Egg Products","100g serving",100,g,0,0,0,80.6,0
"Flour, ALL Purpose (Enriched) (Bleached)","Cereal Grains and Pasta","100g serving",100,g,0,0,0,1.5,0
"Flour, wheat, all-purpose, enriched, bleached","Cereal Grains and Pasta","100g serving",100,g,375,10.9,77.3,1.5,0
"Flour, ALL Purpose (Enriched) (Unbleached)","Cereal Grains and Pasta","100g serving",100,g,0,0,0,1.5,0
"Flour, wheat, all-purpose, enriched, unbleached","Cereal Grains and Pasta","100g serving",100,g,367,13.1,73.2,1.5,0
"Flour, ALL Purpose (Unenriched) (Unbleached) (Organic)","Cereal Grains and Pasta","100g serving",100,g,0,0,0,2.3,0
"Flour, ALL Purpose (Unenriched) (Unbleached)","Cereal Grains and Pasta","100g serving",100,g,0,0,0,1.5,0
"Flour, wheat, all-purpose, unenriched, unbleached","Cereal Grains and Pasta","100g serving",100,g,370,12,74.6,1.7,3
"Flour, Whole Wheat (Unenriched) (Organic)","Cereal Grains and Pasta","100g serving",100,g,0,0,0,2.5,0
"Flour, Whole Wheat (Unenriched)","Cereal Grains and Pasta","100g serving",100,g,0,0,0,2.6,0
"Flour, Bread, White (Enriched) (Unbleached)","Cereal Grains and Pasta","100g serving",100,g,0,0,0,1.8,0
"Flour, Bread, White (Enriched) (Unbleached) (Organic)","Cereal Grains and Pasta","100g serving",100,g,0,0,0,1.6,0
"Flour, Rice, White","Cereal Grains and Pasta","100g serving",100,g,0,0,0,1.4,0
"Flour, Rice, White (Organic)","Cereal Grains and Pasta","100g serving",100,g,0,0,0,1.2,0
"Flour, rice, white, unenriched","Cereal Grains and Pasta","100g serving",100,g,369,6.9,79.8,1.3,0.5
"Flour, Corn, Yellow (Fine Meal) (Enriched)","Cereal Grains and Pasta","100g serving",100,g,0,0,0,1.6,0
"Butter, stick, salted","Dairy and Egg Products","100g serving",100,g,0,0,0,82.6,0
"Onions, RED","Vegetables and Vegetable Products","100g serving",100,g,0,1.1,0,0.1,0
"Onions, red, raw","Vegetables and Vegetable Products","Edible (197g)",100,g,42,0.9,9.9,0.1,2.2
"Onions, Yellow","Vegetables and Vegetable Products","100g serving",100,g,0,0.9,0,0,0
"Onions, yellow, raw","Vegetables and Vegetable Products","Edible (143g)",100,g,36,0.8,8.6,0.1,1.9
"Bananas, Overripe","Fruits and Fruit Juices","100g serving",100,g,0,0,0,0.3,0
"Bananas, overripe, raw","Fruits and Fruit Juices","Peeled (110g)",100,g,85,0.7,20.1,0.2,1.7
"Bananas, Ripe","Fruits and Fruit Juices","100g serving",100,g,0,0,0,0.6,0
"Bananas, Slightly Ripe","Fruits and Fruit Juices","100g serving",100,g,0,0,0,0.1,0
"Bananas, ripe and slightly ripe, raw","Fruits and Fruit Juices","Peeled (115g)",100,g,97,0.7,23,0.3,1.7
"Garlic","Vegetables and Vegetable Products","100g serving",100,g,0,0,0,0.3,0
"Flour, SOY (Defatted)","Legumes and Legume Products","100g serving",100,g,0,0,0,3.4,0
"Flour, Soy, Full FAT (Organic)","Legumes and Legume Products","100g serving",100,g,0,0,0,23.3,0
"Flour, Soy, Full FAT","Legumes and Legume Products","100g serving",100,g,0,0,0,20.9,0
"Flour, Rice, Brown (Organic)","Cereal Grains and Pasta","100g serving",100,g,0,0,0,3.4,0
"Flour, Rice, Brown","Cereal Grains and Pasta","100g serving",100,g,0,0,0,4.7,0
"Flour, Rice, Glutenous","Cereal Grains and Pasta","100g serving",100,g,0,0,0,1.4,0
"Flour, rice, glutinous","Cereal Grains and Pasta","100g serving",100,g,368,6.7,80.1,1.2,0
"Flour, Pastry, White (Unenriched) (Unbleached)","Cereal Grains and Pasta","100g serving",100,g,0,0,0,1.7,0
"Flour, pastry, unenriched, unbleached","Cereal Grains and Pasta","100g serving",100,g,367,8.8,77.2,1.6,0
"Onions, White","Vegetables and Vegetable Products","100g serving",100,g,0,0,0,0,0
"Onions, white, raw","Vegetables and Vegetable Products","100g serving",100,g,33,0.9,7.7,0.1,1.2
"Apples, RED Delicious","Fruits and Fruit Juices","100g serving",100,g,0,0,0,0.1,0
"Apples, red delicious, with skin, raw","Fruits and Fruit Juices","100g serving",100,g,56,0.2,14.8,0.2,2
"Apples, Honeycrisp","Fruits and Fruit Juices","100g serving",100,g,0,0,0,0,0
"Apples, honeycrisp, with skin, raw","Fruits and Fruit Juices","100g serving",100,g,54,0.1,14.7,0.1,1.7
"Apples, Granny Smith","Fruits and Fruit Juices","100g serving",100,g,0,0,0,0.2,0
"Apples, granny smith, with skin, raw","Fruits and Fruit Juices","100g serving",100,g,53,0.3,14.2,0.1,2.5
"Apples, Gala","Fruits and Fruit Juices","100g serving",100,g,0,0,0,0.2,0
"Apples, gala, with skin, raw","Fruits and Fruit Juices","100g serving",100,g,55,0.1,14.8,0.2,2.1
"Apples, Fuji","Fruits and Fruit Juices","100g serving",100,g,0,0,0,0.1,0
"Apples, fuji, with skin, raw","Fruits and Fruit Juices","100g serving",100,g,58,0.2,15.7,0.2,2.1
"Soy milk, unsweetened, plain, shelf stable","Legumes and Legume Products","100g serving",100,g,38.5,3.5,1.3,2.1,0
"Almond milk, unsweetened, plain, shelf stable","Beverages","100g serving",100,g,14.6,0.6,0.3,1.2,0
"Mushroom, lion's mane","Vegetables and Vegetable Products","100g serving",100,g,42.7,2.5,7.6,0.3,0
"Mushroom, oyster","Vegetables and Vegetable Products","100g serving",100,g,41,2.9,6.9,0.2,0
"Mushrooms, shiitake","Vegetables and Vegetable Products","100g serving",100,g,44.1,2.4,8.2,0.2,0
"Mushrooms, white button","Vegetables and Vegetable Products","100g serving",100,g,31.2,2.9,4.1,0.4,0
"Spinach, baby","Vegetables and Vegetable Products","100g serving",100,g,26.6,2.9,2.4,0.6,1.6
"Spinach, mature","Vegetables and Vegetable Products","100g serving",100,g,27.6,2.9,2.6,0.6,1.6
"Tomato, roma","Vegetables and Vegetable Products","100g serving",100,g,22,0.7,3.8,0.4,1
"Mushrooms, Oyster","Vegetables and Vegetable Products","100g serving",100,g,0,0,0,0.2,0
"Mushrooms, Lions Mane","Vegetables and Vegetable Products","100g serving",100,g,0,0,0,0.4,0
"Spinach, Regular (Mature)","Vegetables and Vegetable Products","100g serving",100,g,0,0,0,0.6,0
"Tomatoes, Roma","Vegetables and Vegetable Products","100g serving",100,g,0,0,0,0.6,0
"Flour, 00","Cereal Grains and Pasta","100g serving",100,g,357.1,11.4,74.4,1.5,2.7
"Flour, spelt, whole grain","Cereal Grains and Pasta","100g serving",100,g,363.7,14.5,70.7,2.5,9.3
"Flour, semolina, coarse and semi-coarse","Cereal Grains and Pasta","100g serving",100,g,356.6,11.7,73.8,1.6,3.2
"Flour, semolina, fine","Cereal Grains and Pasta","100g serving",100,g,357.8,13.3,72,1.8,3.7
"Apple juice, with added vitamin C, from concentrate, shelf stable","Fruits and Fruit Juices","100g serving",100,g,48.4,0.1,11.4,0.3,0
"Orange juice, no pulp, not fortified, from concentrate, refrigerated","Fruits and Fruit Juices","100g serving",100,g,47.2,0.7,10.3,0.3,0
"Grape juice, purple, with added vitamin C, from concentrate, shelf stable","Fruits and Fruit Juices","100g serving",100,g,66.1,0.3,15.6,0.3,0
"Grape juice, white, with added vitamin C, from concentrate, shelf stable","Fruits and Fruit Juices","100g serving",100,g,66.1,0.1,15.8,0.3,0
"Cranberry juice, not fortified, from concentrate, shelf stable","Fruits and Fruit Juices","100g serving",100,g,32.1,0,7.3,0.3,0
"Grapefruit juice, red, not fortified, not from concentrate, refrigerated","Fruits and Fruit Juices","100g serving",100,g,41.1,0.6,9.1,0.3,0
"Tomato juice, with added ingredients, from concentrate, shelf stable","Vegetables and Vegetable Products","100g serving",100,g,23.3,0.9,4.3,0.3,0
"Orange juice, no pulp, not fortified, not from concentrate, refrigerated","Fruits and Fruit Juices","100g serving",100,g,46.5,0.8,10,0.4,0
"Mushroom, portabella","Vegetables and Vegetable Products","100g serving",100,g,32.4,2.8,4.7,0.3,1.9
"Mushroom, king oyster","Vegetables and Vegetable Products","100g serving",100,g,46.4,2.4,8.5,0.3,3
"Mushroom, enoki","Vegetables and Vegetable Products","100g serving",100,g,44.4,2.4,8.1,0.2,2.9
"Mushroom, crimini","Vegetables and Vegetable Products","100g serving",100,g,30.2,3.1,4,0.2,1.8
"Mushroom, maitake","Vegetables and Vegetable Products","100g serving",100,g,37.6,2.2,6.6,0.3,3.1
"Mushroom, beech","Vegetables and Vegetable Products","100g serving",100,g,39.8,2.2,6.8,0.4,3.1
"Mushroom, pioppini","Vegetables and Vegetable Products","100g serving",100,g,39.2,3.5,5.8,0.2,2.8
"Flour, Semolina, Coarse","Cereal Grains and Pasta","100g serving",100,g,0,0,0,2,0
"Flour, Semolina, Semi-Coarse","Cereal Grains and Pasta","100g serving",100,g,0,0,0,2.1,0
"Apple Juice From Concentrate With Added Vitamin C, Shelf Stable","Fruits and Fruit Juices","100g serving",100,g,0,0,0,0.6,0
"Grape Juice, Purple, From Concentrate With Added Vitamin C, Shelf Stable","Fruits and Fruit Juices","100g serving",100,g,0,0,0,0.2,0
"Grape Juice, White, From Concentrate With Added Vitamin C, Shelf Stable","Fruits and Fruit Juices","100g serving",100,g,0,0,0,0.2,0
"Orange Juice, Refrigerated, NO Pulp, NOT Fortified","Fruits and Fruit Juices","100g serving",100,g,0,0,0,0.3,0
"Orange Juice, Refrigerated, NO Pulp, NOT Fortified, From Concentrate","Fruits and Fruit Juices","100g serving",100,g,0,0,0,0.4,0
"Grapefruit Juice, Red, Refrigerated, NOT Fortified, NOT From Concentrate","Fruits and Fruit Juices","100g serving",100,g,0,0,0,0.2,0
"Cranberry Juice, Shelf Stable, From Concentrate, NOT Fortified","Fruits and Fruit Juices","100g serving",100,g,0,0,0,0.3,0
"Tomato Juice, Shelf Stable, From Concentrate, With Added Ingredients","Vegetables and Vegetable Products","100g serving",100,g,0,0,0,0.3,0
"mushrooms, portabella","Vegetables and Vegetable Products","100g serving",100,g,0,0,0,0.3,0
"mushrooms, king oyster","Vegetables and Vegetable Products","100g serving",100,g,0,0,0,0.2,0
"mushrooms, hon-shimiji (beech), white","Vegetables and Vegetable Products","100g serving",100,g,0,0,0,0.5,0
"mushrooms, crimini","Vegetables and Vegetable Products","100g serving",100,g,0,0,0,0.3,0
"mushrooms, maitake","Vegetables and Vegetable Products","100g serving",100,g,0,0,0,0.3,0
"mushrooms, pioppini","Vegetables and Vegetable Products","100g serving",100,g,0,0,0,0.2,0
"mushrooms, enoki","Vegetables and Vegetable Products","100g serving",100,g,0,0,0,0.2,0
"Soy milk, sweetened, plain, refrigerated","Legumes and Legume Products","100g serving",100,g,40.7,2.8,3,2,0
"Almond milk, unsweetened, plain, refrigerated","Beverages","100g serving",100,g,19.3,0.7,0.7,1.6,0
"Oat milk, unsweetened, plain, refrigerated","Beverages","100g serving",100,g,48.3,0.8,5.1,2.7,0
"oat milk, refrigerated, unsweetened","Beverages","100g serving",100,g,0,0,0,0.2,0
"almond milk, refrigerated, unsweetened","Beverages","100g serving",100,g,0,0,0,1.2,0
"soy milk, refrigerated, sweetened","Legumes and Legume Products","100g serving",100,g,0,0,0,1.4,0
"Carrots, mature, raw","Vegetables and Vegetable Products","100g serving",100,g,48,0.9,10.3,0.4,3.1
"Carrots, baby, raw","Vegetables and Vegetable Products","100g serving",100,g,40.8,0.8,9.1,0.1,2.7
"Peppers, bell, green, raw","Vegetables and Vegetable Products","100g serving",100,g,22.9,0.7,4.8,0.1,0.9
"Peppers, bell, yellow, raw","Vegetables and Vegetable Products","100g serving",100,g,30.8,0.8,6.6,0.1,1.1
"Peppers, bell, red, raw","Vegetables and Vegetable Products","100g serving",100,g,31.3,0.9,6.7,0.1,1.2
"Peppers, bell, orange, raw","Vegetables and Vegetable Products","100g serving",100,g,31.7,0.9,6.7,0.2,1
"carrots, baby, raw, peeled","Vegetables and Vegetable Products","100g serving",100,g,0,0,0,0,0
"peppers, bell, red, raw, mini","Vegetables and Vegetable Products","100g serving",100,g,0,0,0,0.3,0
"peppers, bell, orange, raw, mini","Vegetables and Vegetable Products","100g serving",100,g,0,0,0,0.1,0
"peppers, bell, yellow, raw, mini","Vegetables and Vegetable Products","100g serving",100,g,0,0,0,0.3,0
"Buttermilk, low fat","Dairy and Egg Products","100g serving",100,g,42.8,3.5,4.8,1.1,0
"Yogurt, plain, whole milk","Dairy and Egg Products","100g serving",100,g,78,3.8,5.6,4.5,0
"Yogurt, Greek, plain, whole milk","Dairy and Egg Products","100g serving",100,g,93.7,8.8,4.8,4.4,0
"Cheese, parmesan, grated, refrigerated","Dairy and Egg Products","100g serving",100,g,403.4,30.1,4.3,29.5,0
"Cheese, feta, whole milk, crumbled","Dairy and Egg Products","100g serving",100,g,272.9,19.7,5.6,19.1,0
"Flour, almond","Nut and Seed Products","100g serving",100,g,622,26.2,16.2,50.2,9.3
"Flour, oat, whole grain","Cereal Grains and Pasta","100g serving",100,g,389.1,13.2,69.9,6.3,10.5
"Flour, potato","Vegetables and Vegetable Products","100g serving",100,g,360.8,8.1,79.9,1,5.4
"Flour, whole grain oat","Cereal Grains and Pasta","100g serving",100,g,0,0,0,7.5,0
"Flour, almond, blanched","Nut and Seed Products","100g serving",100,g,0,0,0,53.4,0
"Peanut butter, creamy","Legumes and Legume Products","100g serving",100,g,631.7,24,22.7,49.4,6.3
"Sesame butter, creamy","Nut and Seed Products","100g serving",100,g,697.1,19.7,14.2,62.4,8.4
"Almond butter, creamy","Nut and Seed Products","100g serving",100,g,645.5,20.8,21.2,53,9.7
"Flaxseed, ground","Nut and Seed Products","100g serving",100,g,545.1,18,34.4,37.3,23.1
"sesame seed butter (tahini), creamy","Nut and Seed Products","100g serving",100,g,0,0,0,61.1,0
"ground flaxseed meal","Nut and Seed Products","100g serving",100,g,0,0,0,41.5,0
"Grapes, red, seedless, raw","Fruits and Fruit Juices","100g serving",100,g,85.9,0.9,20.2,0.2,0
"Grapes, green, seedless, raw","Fruits and Fruit Juices","100g serving",100,g,80.1,0.9,18.6,0.2,0
"Applesauce, unsweetened, with added vitamin C","Fruits and Fruit Juices","100g serving",100,g,51.6,0.3,12.3,0.2,0
"strawberries, fresh, raw","Fruits and Fruit Juices","100g serving",100,g,0,0,0,0.2,0
"raspberries, fresh, raw","Fruits and Fruit Juices","100g serving",100,g,0,0,0,0.4,0
"grapes, red, seedless, fresh, raw","Fruits and Fruit Juices","100g serving",100,g,0,0,0,0.2,0
"grapes, green, seedless, fresh, raw","Fruits and Fruit Juices","100g serving",100,g,0,0,0,0.2,0
"blueberries, fresh, raw","Fruits and Fruit Juices","100g serving",100,g,0,0,0,0.2,0
"applesauce, unsweetened, with vit C added","Fruits and Fruit Juices","100g serving",100,g,0,0,0,0.2,0
"Cottage cheese, full fat, large or small curd","Dairy and Egg Products","100g serving",100,g,102.9,11.6,4.6,4.2,0
"Cream cheese, full fat, block","Dairy and Egg Products","100g serving",100,g,342.8,5.8,4.6,33.5,0
"Cream, sour, full fat","Dairy and Egg Products","100g serving",100,g,196.4,3.1,5.6,18,0
"Lettuce, iceberg, raw","Vegetables and Vegetable Products","100g serving",100,g,17.1,0.7,3.4,0.1,0
"Lettuce, romaine, green, raw","Vegetables and Vegetable Products","100g serving",100,g,20.8,1,4.1,0.1,0
"Lettuce, leaf, red, raw","Vegetables and Vegetable Products","100g serving",100,g,17.5,0.9,3.3,0.1,0
"Lettuce, leaf, green, raw","Vegetables and Vegetable Products","100g serving",100,g,22,1.1,4.1,0.2,0
"Nuts, pine nuts, raw","Nut and Seed Products","100g serving",100,g,688.6,15.7,18.6,61.3,3.9
"Nuts, almonds, whole, raw","Nut and Seed Products","100g serving",100,g,625.8,21.5,20,51.1,10.8
"Nuts, walnuts, English, halves, raw","Nut and Seed Products","100g serving",100,g,729.6,14.6,10.9,69.7,5.2
"Nuts, pecans, halves, raw","Nut and Seed Products","100g serving",100,g,750.2,10,12.7,73.3,5.8
"Oats, whole grain, rolled, old fashioned","Cereal Grains and Pasta","100g serving",100,g,381.6,13.5,68.7,5.9,0
"Oats, whole grain, steel cut","Cereal Grains and Pasta","100g serving",100,g,381.2,12.5,69.8,5.8,0
"Cherries, sweet, dark red, raw","Fruits and Fruit Juices","100g serving",100,g,70.5,1,16.2,0.2,0
"Beans, snap, green, raw","Vegetables and Vegetable Products","100g serving",100,g,40,2,7.4,0.3,3
"Potatoes, russet, without skin, raw","Vegetables and Vegetable Products","100g serving",100,g,83.4,2.3,17.8,0.4,0
"Potatoes, red, without skin, raw","Vegetables and Vegetable Products","100g serving",100,g,75.6,2.1,16.3,0.2,0
"Potatoes, gold, without skin, raw","Vegetables and Vegetable Products","100g serving",100,g,73.5,1.8,16,0.3,0
"Sweet potatoes, orange flesh, without skin, raw","Vegetables and Vegetable Products","100g serving",100,g,79,1.6,17.3,0.4,0
"Cucumber, with peel, raw","Vegetables and Vegetable Products","100g serving",100,g,13.9,0.6,3,0.2,0
"heavy cream","Dairy and Egg Products","100g serving",100,g,0,0,0,32.8,0
"cottage cheese, 4% milkfat, small curd","Dairy and Egg Products","100g serving",100,g,0,0,0,4.1,0
"cottage cheese, 4% milkfat, large curd","Dairy and Egg Products","100g serving",100,g,0,0,0,4.6,0
"sour cream, full fat","Dairy and Egg Products","100g serving",100,g,0,0,0,17.6,0
"cream cheese, block, full fat","Dairy and Egg Products","100g serving",100,g,0,0,0,32.1,0
"Nuts, pecans, raw, halves","Nut and Seed Products","100g serving",100,g,0,0,0,73.6,0
"Nuts, walnuts, English, raw, halves","Nut and Seed Products","100g serving",100,g,0,0,0,69.9,0
"Nuts, almonds, raw, whole","Nut and Seed Products","100g serving",100,g,0,0,0,51.8,0
"Cherries, dark red, sweet, raw","Fruits and Fruit Juices","100g serving",100,g,0,0,0,0,0
"cucumber, with skin, raw","Vegetables and Vegetable Products","100g serving",100,g,0,0,0,0.3,0
"Flour, amaranth","Cereal Grains and Pasta","100g serving",100,g,384.1,13.2,68.8,6.2,7.2
"Flour, quinoa","Cereal Grains and Pasta","100g serving",100,g,385.2,11.9,69.5,6.6,6.3
"Flour, sorghum","Cereal Grains and Pasta","100g serving",100,g,374.9,8.3,77.4,3.6,6
"Flour, buckwheat","Cereal Grains and Pasta","100g serving",100,g,358,8.9,75,2.5,10.4
"Flour, rye","Cereal Grains and Pasta","100g serving",100,g,359.4,8.4,77.2,1.9,13.7
"Flour, barley","Cereal Grains and Pasta","100g serving",100,g,366.5,8.7,77.4,2.5,12.8
"Flour, cassava","Vegetables and Vegetable Products","100g serving",100,g,357.4,0.9,87.3,0.5,4.8
"Buckwheat, whole grain","Cereal Grains and Pasta","100g serving",100,g,356.1,11.1,71.1,3,4
"Millet, whole grain","Cereal Grains and Pasta","100g serving",100,g,375.6,10,74.4,4.2,2.6
"Rice, brown, long grain, unenriched, raw","Cereal Grains and Pasta","100g serving",100,g,365.5,7.3,76.7,3.3,3
"Rice, white, long grain, unenriched, raw","Cereal Grains and Pasta","100g serving",100,g,358.7,7,80.3,1,0.1
"amaranth, flour","Cereal Grains and Pasta","100g serving",100,g,0,0,0,3.2,0
"quinoa, flour","Cereal Grains and Pasta","100g serving",100,g,0,0,0,6.5,0
"brown rice, long grain, unenriched","Cereal Grains and Pasta","100g serving",100,g,0,0,0,2.6,0
"white rice, long grain, unenriched","Cereal Grains and Pasta","100g serving",100,g,0,0,0,1,0
"sorghum, flour","Cereal Grains and Pasta","100g serving",100,g,0,0,0,4.4,0
"buckwheat, flour","Cereal Grains and Pasta","100g serving",100,g,0,0,0,2,0
"rye, flour","Cereal Grains and Pasta","100g serving",100,g,0,0,0,2.3,0
"barley, flour","Cereal Grains and Pasta","100g serving",100,g,0,0,0,1.9,0
"cassava flour","Vegetables and Vegetable Products","100g serving",100,g,0,0,0,0.3,0
"Beef, ground, 90% lean meat / 10% fat, raw","Beef Products","100g serving",100,g,190.1,18.2,0,12.9,0
"Beef, ground, 80% lean meat / 20% fat, raw","Beef Products","100g serving",100,g,247.8,17.5,0,19.4,0
"Pork, ground, raw","Pork Products","100g serving",100,g,233.4,17.8,0,17.5,0
"Chicken, ground, with additives, raw","Poultry Products","100g serving",100,g,138.1,17.9,0,7.2,0
"Turkey, ground, 93% lean/ 7% fat, raw","Poultry Products","100g serving",100,g,157.6,17.3,0,9.6,0
"Beef, ground, grass-fed, 90% lean, 10% fat, raw","Beef Products","100g serving",100,g,0,0,0,11,0
"Beef, ground, 90% lean, 10% fat, raw","Beef Products","100g serving",100,g,0,0,0,11.3,0
"Beef, ground, 80% lean, 20% fat, raw","Beef Products","100g serving",100,g,0,0,0,18.6,0
"Beef, ground, grass-fed, 80% lean, 20% fat, raw","Beef Products","100g serving",100,g,0,0,0,15.4,0
"Chicken, ground, breast meat only, raw","Poultry Products","100g serving",100,g,0,0,0,2.1,0
"Chicken, ground, raw","Poultry Products","100g serving",100,g,0,0,0,8.4,0
"Nuts, brazilnuts, raw","Nut and Seed Products","100g serving",100,g,621,15,21.6,57.4,6
"Nuts, cashew nuts, raw","Nut and Seed Products","100g serving",100,g,533.5,17.4,36.3,38.9,4.1
"Nuts, hazelnuts or filberts, raw","Nut and Seed Products","100g serving",100,g,602.4,13.5,26.5,53.5,8.4
"Peanuts, raw","Legumes and Legume Products","100g serving",100,g,550.6,23.2,26.5,43.3,8
"Flour, chestnut","Nut and Seed Products","100g serving",100,g,384.7,5.3,80.5,4.6,8.7
"Nuts, macadamia nuts, raw","Nut and Seed Products","100g serving",100,g,668.5,7.8,24.1,64.9,7.6
"Nuts, pistachio nuts, raw","Nut and Seed Products","100g serving",100,g,560.7,20.5,27.7,45,7
"Seeds, pumpkin seeds (pepitas), raw","Nut and Seed Products","100g serving",100,g,514.8,29.9,18.7,40,5.1
"Seeds, sunflower seed, kernel, raw","Nut and Seed Products","100g serving",100,g,570.7,18.9,24.5,48.4,7.2
"Flour, coconut","Nut and Seed Products","100g serving",100,g,423.6,16.1,58.9,15.3,34.2
"brazil nuts, raw","Nut and Seed Products","100g serving",100,g,0,0,0,53.7,0
"cashews, raw","Nut and Seed Products","100g serving",100,g,0,0,0,38,0
"pumpkin seeds (pepitas), raw","Nut and Seed Products","100g serving",100,g,0,0,0,40.2,0
"hazelnuts, raw","Nut and Seed Products","100g serving",100,g,0,0,0,55.4,0
"macadamia nuts, raw","Nut and Seed Products","100g serving",100,g,0,0,0,62,0
"pistachio nuts, raw","Nut and Seed Products","100g serving",100,g,0,0,0,43.9,0
"sunflower seed kernels, raw","Nut and Seed Products","100g serving",100,g,0,0,0,50.4,0
"coconut flour","Nut and Seed Products","100g serving",100,g,0,0,0,14.6,0
"chestnut flour","Nut and Seed Products","100g serving",100,g,0,0,0,5.3,0
"Beans, cannellini, dry","Legumes and Legume Products","100g serving",100,g,336.6,21.6,59.8,2.2,0
"Chickpeas, (garbanzo beans, bengal gram), dry","Legumes and Legume Products","100g serving",100,g,372,21.3,60.4,6.3,0
"Lentils, dry","Legumes and Legume Products","100g serving",100,g,350.9,23.6,62.2,1.9,0
"Blackeye pea, dry","Legumes and Legume Products","100g serving",100,g,345.6,21.2,61.8,2.4,0
"Beans, black, canned, sodium added, drained and rinsed","Legumes and Legume Products","100g serving",100,g,115.3,6.9,19.8,1.3,0
"Beans, navy, canned, sodium added, drained and rinsed","Legumes and Legume Products","100g serving",100,g,115.8,6.6,20,1.4,0
"Beans, cannellini, canned, sodium added, drained and rinsed","Legumes and Legume Products","100g serving",100,g,112.1,7.4,18.8,1.2,0
"Chickpeas (garbanzo beans, bengal gram), canned, sodium added, drained and rinsed","Legumes and Legume Products","100g serving",100,g,133,7,20.3,3.1,0
"Beans, kidney, dark red, canned, sodium added, sugar added, drained and rinsed","Legumes and Legume Products","100g serving",100,g,123.2,7.8,21,1.3,0
"Beans, kidney, light red, canned, sodium added, sugar added, drained and rinsed","Legumes and Legume Products","100g serving",100,g,123.5,7.3,21.4,1.3,0
"Peas, green, sweet, canned, sodium added, sugar added, drained and rinsed","Vegetables and Vegetable Products","100g serving",100,g,77.8,4.7,12.7,1.2,0
"Beans, pinto, canned, sodium added, drained and rinsed","Legumes and Legume Products","100g serving",100,g,113.6,6.7,19.6,1.3,0
"Blackeye pea, canned, sodium added, drained and rinsed","Legumes and Legume Products","100g serving",100,g,112.9,6.9,19.2,1.3,0
"Beans, great northern, canned, sodium added, drained and rinsed","Legumes and Legume Products","100g serving",100,g,113.7,7,19.3,1.3,0
"beans, chickpeas/garbanzos, dry","Legumes and Legume Products","100g serving",100,g,0,0,0,5.9,0
"lentils, brown, dry","Legumes and Legume Products","100g serving",100,g,0,0,0,2,0
"beans, black, canned, sodium added","Legumes and Legume Products","100g serving",100,g,0,0,0,0.8,0
"beans, navy, canned, sodium added","Legumes and Legume Products","100g serving",100,g,0,0,0,1.3,0
"beans, cannellini, canned, sodium added","Legumes and Legume Products","100g serving",100,g,0,0,0,1.3,0
"beans, chick peas/garbanzos, canned, sodium added","Legumes and Legume Products","100g serving",100,g,0,0,0,3,0
"beans, kidney, dark red, canned, sodium added, sugar added","Legumes and Legume Products","100g serving",100,g,0,0,0,1.1,0
"beans, kidney, light red, canned, sodium added, sugar added","Legumes and Legume Products","100g serving",100,g,0,0,0,1.6,0
"peas, green, sweet, canned, sodium added, sugar added","Vegetables and Vegetable Products","100g serving",100,g,0,0,0,1.3,0
"beans, pinto, canned, sodium added","Legumes and Legume Products","100g serving",100,g,0,0,0,1,0
"beans, blackeye pea, canned, sodium added","Legumes and Legume Products","100g serving",100,g,0,0,0,1.3,0
"beans, great northern, canned, sodium added","Legumes and Legume Products","100g serving",100,g,0,0,0,1.3,0
"Pork, loin, boneless, raw","Pork Products","100g serving",100,g,167.8,21.1,0,9.5,0
"Pork, loin, tenderloin, boneless, raw","Pork Products","100g serving",100,g,119,21.6,0,3.9,0
"Chicken, breast, boneless, skinless, raw","Poultry Products","100g serving",100,g,106,22.5,0,1.9,0
"Chicken, thigh, boneless, skinless, raw","Poultry Products","100g serving",100,g,144.1,18.6,0,7.9,0
"Beef, ribeye, steak, boneless, choice, raw","Beef Products","100g serving",100,g,254.1,18.7,0,20,0
"Beef, round, top round, boneless, choice, raw","Beef Products","100g serving",100,g,140.6,21.5,0.9,5.7,0
"Beef, chuck, roast, boneless, choice, raw","Beef Products","100g serving",100,g,231.7,18.4,0,17.8,0
"Beef, flank, steak, boneless, choice, raw","Beef Products","100g serving",100,g,163.9,20.1,0,9.4,0
"pork, loin, boneless","Pork Products","100g serving",100,g,0,0,0,5.5,0
"pork, tenderloin, boneless","Pork Products","100g serving",100,g,0,0,0,5.3,0
"chicken, breast, boneless, skinless","Poultry Products","100g serving",100,g,0,0,0,1.6,0
"chicken, thighs, boneless, skinless","Poultry Products","100g serving",100,g,0,0,0,6.3,0
"beef, ribeye steak, boneless","Beef Products","100g serving",100,g,0,0,0,16.1,0
"beef, top round, boneless","Beef Products","100g serving",100,g,0,0,0,8.6,0
"beef, chuck, roast, boneless","Beef Products","100g serving",100,g,0,0,0,13.6,0
"beef, flank steak","Beef Products","100g serving",100,g,0,0,0,10,0
"Yogurt, plain, nonfat","Dairy and Egg Products","100g serving",100,g,50,4.2,8.1,0.1,0
"Cheese, monterey jack, solid","Dairy and Egg Products","100g serving",100,g,391.7,22.6,1.9,32.6,0
"Cheese, pasteurized process cheese food or product, American, singles","Dairy and Egg Products","100g serving",100,g,309.8,15.6,8.2,23.9,0
"Cheese, provolone, sliced","Dairy and Egg Products","100g serving",100,g,356.8,23.5,2.5,28.1,0
"Cheese, oaxaca, solid","Dairy and Egg Products","100g serving",100,g,297.1,22.1,2.4,22.1,0
"Cheese, queso fresco, solid","Dairy and Egg Products","100g serving",100,g,297.6,18.9,3,23.4,0
"Cheese, cotija, solid","Dairy and Egg Products","100g serving",100,g,351.4,23.8,2.7,27.2,0
"monterey jack cheese, block","Dairy and Egg Products","100g serving",100,g,0,0,0,33.4,0
"American pasteurized process cheese food, sliced, individually wrapped","Dairy and Egg Products","100g serving",100,g,0,0,0,27.5,0
"American pasteurized prepared cheese product, with added vitamin D, sliced, individually wrapped","Dairy and Egg Products","100g serving",100,g,0,0,0,22,0
"American pasteurized process cheese product, sliced, individually wrapped","Dairy and Egg Products","100g serving",100,g,0,0,0,24.7,0
"American pasteurized process cheese food, with added vitamin D, sliced, individually wrapped","Dairy and Egg Products","100g serving",100,g,0,0,0,22.4,0
"provolone cheese, sliced, non-smoked","Dairy and Egg Products","100g serving",100,g,0,0,0,27.1,0
"provolone cheese, sliced, smoked","Dairy and Egg Products","100g serving",100,g,0,0,0,27.8,0
"oaxaca","Dairy and Egg Products","100g serving",100,g,0,0,0,22.6,0
"fresco (solid)","Dairy and Egg Products","100g serving",100,g,0,0,0,23.6,0
"cotija (solid)","Dairy and Egg Products","100g serving",100,g,0,0,0,26.7,0
"Fish, salmon, sockeye, wild caught, raw","Finfish and Shellfish Products","100g serving",100,g,130,22.3,0,4.9,0
"Fish, salmon, Atlantic, farm raised, raw","Finfish and Shellfish Products","100g serving",100,g,197.3,20.3,0,13.1,0
"Fish, tilapia, farm raised, raw","Finfish and Shellfish Products","100g serving",100,g,94.7,19,0,2.5,0
"Crustaceans, shrimp, farm raised, raw","Finfish and Shellfish Products","100g serving",100,g,71.4,15.6,0.5,0.8,0
"Fish, cod, Atlantic, wild caught, raw","Finfish and Shellfish Products","100g serving",100,g,66,16.1,0,0.7,0
"Fish, catfish, farm raised, raw","Finfish and Shellfish Products","100g serving",100,g,129.1,16.5,0,7.3,0
"Crustaceans, crab, blue swimming, lump, pasteurized, refrigerated","Finfish and Shellfish Products","100g serving",100,g,81,18.7,0,0.8,0
"shrimp, farm raised, raw, tail off, head off, shell removed, not deveined, 31/40 count","Finfish and Shellfish Products","100g serving",100,g,0,0,0,0.6,0
"shrimp, farm raised, raw, tail off, head off, shell removed, not deveined, 21/25 count","Finfish and Shellfish Products","100g serving",100,g,0,0,0,0.9,0
"shrimp, farm raised, raw, tail off, head off, shell removed, not deveined, 36/40 count","Finfish and Shellfish Products","100g serving",100,g,0,0,0,1.4,0
"shrimp, farm raised, raw, tail off, head off, shell removed, not deveined, 26/30 count","Finfish and Shellfish Products","100g serving",100,g,0,0,0,0.8,0
"salmon, sockeye, wild caught, raw, skin removed","Finfish and Shellfish Products","100g serving",100,g,0,0,0,4.3,0
"salmon, Atlantic, farm raised, raw, skin removed","Finfish and Shellfish Products","100g serving",100,g,0,0,0,14,0
"tilapia, farm raised, raw, skin removed","Finfish and Shellfish Products","100g serving",100,g,0,0,0,2.2,0
"cod, Atlantic, wild caught, raw, skin removed","Finfish and Shellfish Products","100g serving",100,g,0,0,0,0.6,0
"catfish, farm raised, raw, skin removed","Finfish and Shellfish Products","100g serving",100,g,0,0,0,6.8,0
"crab, blue swimming, lump, pasteurized, refrigerated","Finfish and Shellfish Products","100g serving",100,g,0,0,0,0.9,0
"Squash, summer, green, zucchini, includes skin, raw","Vegetables and Vegetable Products","100g serving",100,g,0,1,0,0.2,0.8
"Squash, summer, yellow, includes skin, raw","Vegetables and Vegetable Products","100g serving",100,g,0,0.9,0,0.1,1
"Squash, winter, butternut, raw","Vegetables and Vegetable Products","100g serving",100,g,41.7,1.1,10.5,0.2,2
"Squash, winter, acorn, raw","Vegetables and Vegetable Products","100g serving",100,g,42,1.3,10.5,0.2,2.6
"Cabbage, bok choy, raw","Vegetables and Vegetable Products","100g serving",100,g,17,1,3.5,0.2,1.3
"Tomatoes, whole, canned, solids and liquids, with salt added","Vegetables and Vegetable Products","100g serving",100,g,22.5,0.9,4.3,0.2,0.9
"Tomato, sauce, canned, with salt added","Vegetables and Vegetable Products","100g serving",100,g,34.2,1.4,6.3,0.4,1.6
"Tomato, paste, canned, without salt added","Vegetables and Vegetable Products","100g serving",100,g,104.3,4.2,20.2,0.7,4.7
"Tomatoes, crushed, canned","Vegetables and Vegetable Products","100g serving",100,g,37.9,1.4,7.1,0.4,1.9
"Tomato, puree, canned","Vegetables and Vegetable Products","100g serving",100,g,40.8,1.6,8,0.3,2
"Squash, zucchini, raw","Vegetables and Vegetable Products","100g serving",100,g,0,0,0,0.2,0
"Squash, yellow, raw","Vegetables and Vegetable Products","100g serving",100,g,0,0,0,0,0
"Squash, butternut, raw","Vegetables and Vegetable Products","100g serving",100,g,0,0,0,0,0
"Squash, acorn, raw","Vegetables and Vegetable Products","100g serving",100,g,0,0,0,0.4,0
"Bok choy, regular (not baby), raw","Vegetables and Vegetable Products","100g serving",100,g,0,0,0,0.4,0
"Eggplant, Italian, raw","Vegetables and Vegetable Products","100g serving",100,g,0,0,0,0,0
"tomato, paste, canned, double- concentrated, without salt added","Vegetables and Vegetable Products","100g serving",100,g,0,0,0,0.8,0
"tomatoes, crushed, canned, salt added","Vegetables and Vegetable Products","100g serving",100,g,0,0,0,0.4,0
"tomatoes, crushed, canned, no salt added","Vegetables and Vegetable Products","100g serving",100,g,0,0,0,0.4,0
"tomato, puree, canned, no salt added","Vegetables and Vegetable Products","100g serving",100,g,0,0,0,0.3,0
"tomato, puree, canned, salt added","Vegetables and Vegetable Products","100g serving",100,g,0,0,0,0.5,0
"Apricot, with skin, raw","Fruits and Fruit Juices","100g serving",100,g,48.4,1,10.2,0.4,1.5
"Melons, honeydew, raw","Fruits and Fruit Juices","100g serving",100,g,36.7,0.5,8.1,0.2,0
"Plantains, ripe, raw","Fruits and Fruit Juices","100g serving",100,g,136.5,1.2,31,0.9,2.1
"Plantains, underripe, raw","Fruits and Fruit Juices","100g serving",100,g,145.4,1.2,33.6,0.7,2.5
"Chia seeds, dry, raw","Cereal Grains and Pasta","100g serving",100,g,517.2,17,38.3,32.9,0
"Bulgur, dry, raw","Cereal Grains and Pasta","100g serving",100,g,372.3,11.8,75.9,2.4,11.7
"Wild rice, dry, raw","Cereal Grains and Pasta","100g serving",100,g,369.2,12.8,75.7,1.7,4.3
"Arugula, baby, raw","Vegetables and Vegetable Products","100g serving",100,g,31,1.6,5.4,0.3,2.3
"Asparagus, green, raw","Vegetables and Vegetable Products","100g serving",100,g,28.1,1.4,5.1,0.2,1.9
"Avocado, Hass, peeled, raw","Fruits and Fruit Juices","100g serving",100,g,223.3,1.8,8.3,20.3,0
"Rice, black, unenriched, raw","Cereal Grains and Pasta","100g serving",100,g,370,7.6,77.2,3.4,4.2
"Corn, sweet, yellow and white kernels, fresh, raw","Vegetables and Vegetable Products","100g serving",100,g,84.6,2.8,14.7,1.6,2.4
"Einkorn, grain, dry, raw","Cereal Grains and Pasta","100g serving",100,g,369.4,15.1,68.7,3.8,8.9
"Farro, pearled, dry, raw","Cereal Grains and Pasta","100g serving",100,g,367,12.6,72.1,3.1,7.3
"Fonio, grain, dry, raw","Cereal Grains and Pasta","100g serving",100,g,369.1,7.2,81.3,1.7,2.2
"Khorasan, grain, dry, raw","Cereal Grains and Pasta","100g serving",100,g,371.4,14.8,71.8,2.8,10.5
"Kiwifruit (kiwi), green, peeled, raw","Fruits and Fruit Juices","100g serving",100,g,65.1,1,13.8,0.6,2.1
"Mandarin, seedless, peeled, raw","Fruits and Fruit Juices","100g serving",100,g,62,1,13.4,0.5,1.3
"Mango, Tommy Atkins, peeled, raw","Fruits and Fruit Juices","100g serving",100,g,68.5,0.6,15.3,0.6,1.8
"Mango, Ataulfo, peeled, raw","Fruits and Fruit Juices","100g serving",100,g,78.5,0.7,17.4,0.7,1.3
"Corn flour, masa harina, white or yellow, dry, raw","Cereal Grains and Pasta","100g serving",100,g,376.1,7.6,76.7,4.3,7
"Pear, Anjou, green, with skin, raw","Fruits and Fruit Juices","100g serving",100,g,63.7,0.3,14.8,0.4,2.6
"Plum, black, with skin, raw","Fruits and Fruit Juices","100g serving",100,g,58.7,0.6,13.5,0.3,1.3
"Rice, red, unenriched, dry, raw","Cereal Grains and Pasta","100g serving",100,g,369.8,8.6,76.2,3.4,4.2
"Sorghum bran, white, unenriched, dry, raw","Cereal Grains and Pasta","100g serving",100,g,402.8,11.2,68.7,9.3,35
"Sorghum flour, white, pearled, unenriched, dry, raw","Cereal Grains and Pasta","100g serving",100,g,364,10.2,73.5,3.2,3.3
"Sorghum grain, white, pearled, unenriched, dry, raw","Cereal Grains and Pasta","100g serving",100,g,369.9,10.3,74.9,3.3,3.9
"Sorghum, whole grain, white, dry, raw","Cereal Grains and Pasta","100g serving",100,g,372.6,10.1,73.6,4.2,8.3
"Plantains, overripe, raw","Fruits and Fruit Juices","100g serving",100,g,130.3,1.2,29.2,1,1.8
"Melons, honeydew, flesh only, raw","Fruits and Fruit Juices","100g serving",100,g,0,0,0,0.2,0
"Plantains, green, unripe, peeled, raw","Fruits and Fruit Juices","100g serving",100,g,0,0,0,0.6,0
"Plantains, yellow, ripe, peeled, raw","Fruits and Fruit Juices","100g serving",100,g,0,0,0,1.2,0
"Plantains, black, overripe, peeled, raw","Fruits and Fruit Juices","100g serving",100,g,0,0,0,0.8,0
"Einkorn, grain, wheat berry, dry, raw","Cereal Grains and Pasta","100g serving",100,g,0,0,0,3.7,0
"Khorasan, grain, wheat berry, dry, raw","Cereal Grains and Pasta","100g serving",100,g,0,0,0,2.8,0
"Chia seeds, whole, dry, raw","Cereal Grains and Pasta","100g serving",100,g,0,0,0,32.5,0
"Corn flour, masa harina, white, dry, raw","Cereal Grains and Pasta","100g serving",100,g,0,0,0,4,0
"Corn flour, masa harina, yellow, dry, raw","Cereal Grains and Pasta","100g serving",100,g,0,0,0,4.3,0
"Mango, Tommy Atkins, peeled, pit removed, raw","Fruits and Fruit Juices","100g serving",100,g,0,0,0,0.7,0
"Avocado, Hass, peeled, pit removed, raw","Fruits and Fruit Juices","100g serving",100,g,0,0,0,19.8,0
"Apricot, with skin, pitted, raw","Fruits and Fruit Juices","100g serving",100,g,0,0,0,0.4,0
"Asparagus, green, whole spear, raw","Vegetables and Vegetable Products","100g serving",100,g,0,0,0,0.3,0
"Mango, Ataulfo, peeled, pit removed, raw","Fruits and Fruit Juices","100g serving",100,g,0,0,0,0.7,0
"Pear, Anjou, green, with skin, seeded, core removed, raw","Fruits and Fruit Juices","100g serving",100,g,0,0,0,0.2,0
"Corn, sweet, yellow and white kernels, husked, kernels cut off, raw","Vegetables and Vegetable Products","100g serving",100,g,0,0,0,1.9,0
"Plum, black, with skin, pitted, raw","Fruits and Fruit Juices","100g serving",100,g,0,0,0,0.3,0
